condition,conversation_id,turn,elements_explicit,elements_expanded,text
human,0f360a73-8457-41ab-9ec8-243dd9799ede,2,1,1,"Remove the ""box-X"" text from the boxes, as well as the small ""container-1"" text"
human,0f360a73-8457-41ab-9ec8-243dd9799ede,1,5,5,"Create container-1 comprised of box-1 through box-4 -> box-1 should be the name of the website ""Tom Fold Deco""; box-2 should be ""Home""; box-3 should be ""Offers"" and box-4 should be ""FAQ"""
human,0f360a73-8457-41ab-9ec8-243dd9799ede,3,0,0,"Set Home, Offers and Faq apart from tom fold deco, to the other corner of the container."
human,0f360a73-8457-41ab-9ec8-243dd9799ede,6,0,0,Make the background light green.
human,73147b0a-789a-42e7-a036-a81b12788448,2,5,5,"now, for the top section, inside container-1, place one right aligned box called box-1. its width should be 1/4 of the horizontal space. then, place 3 left aligned boxes. each should occupy 1/9 of the horizontal space, and they should be named (left to right) box-2, box-3 and box-4"
human,0f360a73-8457-41ab-9ec8-243dd9799ede,5,1,1,"instead of ""Portrait of a man"", change it to ""Portrait of Tom Fold""
remove the little ""container-2"" text."
human,73147b0a-789a-42e7-a036-a81b12788448,1,2,2,"we'll divide the page in 3 sections, stacked vertically on top of each other. the top one will have an element called container-1, which will contain boxes. that first section should occupy 1/6 of the vertical space. the bottom section will have an element called container-2, which will also contain boxes. it should occupy 1/7 of the vertical space. the middle section should occupy the remaining space between the other two"
human,73147b0a-789a-42e7-a036-a81b12788448,6,0,0,make that padding 1% of horizontal size instead
human,73147b0a-789a-42e7-a036-a81b12788448,5,2,2,"for container-1 and container-2, all the boxes should have some horizontal padding so that they don't touch, give them a padding of 2% of horizontal size to the left and right of them"
human,73147b0a-789a-42e7-a036-a81b12788448,3,5,5,"sorry, I meant box-1 should be left aligned, and box-2, box-3 and box-4 should be right aligned. also, within container-1, center them vertically within the container"
human,73147b0a-789a-42e7-a036-a81b12788448,4,4,4,"now, for the bottom section, inside container-2, place box-14 and box-15. both should be left aligned, and each should occupy 1/9 of the horizontal space.  and center them vertically too like you did with container-1"
human,0f360a73-8457-41ab-9ec8-243dd9799ede,4,12,12,"box-5, box-6, and box-7 should be pictures of mid-century room decorations -> right below those pictures put text that says ""New Offer!"" in each of them.

box-11 should say ""Welcome to Tom Fold Deco""
box-8 should say ""Best Selling Offers""
box-9 should include a picture of a mid-century room decoration, different from the ones in boxes 5 through 7.
box-10 should include another picture of a mid-century room decoration, different from the other ones.
box-12 should include sample text in Latin, smaller than the one from box-11.
box-13 should also include a different sample text in Latin, with a picture of a man right next to the text - right below it should say ""Tom Fold, CEO""

container-2 should be comprised of box-14 and box-15.
both box-14 and box-15 should have sponsored logos in each box."
human,73147b0a-789a-42e7-a036-a81b12788448,9,5,5,"align the box-5, box-6 and box-7 texts vertically within their boxes. also, give the boxes some vertical padding since we're gonna place more boxes below. the vertical padding above and below should be 1% of page height. also, below them, place 2 left aligned boxes, box-8 and box-11 . both should occupy 1/7 of the middle container's height. box-8 should occupy 1/5 of horizontal space, and box-11 2/5"
human,73147b0a-789a-42e7-a036-a81b12788448,10,1,1,give box-8 a 3% right padding
human,73147b0a-789a-42e7-a036-a81b12788448,8,3,3,"now for the middle part of the webpage, add box-5, box-6 and box-7. they should occupy 2/5 of the vertical space of that middle part. horizontally, each should try to occupy 1/3 of the horizontal space, but give them some horzontal padding, 0.7%"
human,73147b0a-789a-42e7-a036-a81b12788448,7,0,0,make it 0.5% instead
human,349d1c8c-f2d8-4b20-8c0b-92edb2c85e46,2,1,1,"in the top section, which I'll call s0, add a box with the text box-1 in it. the text should be centered within the box, both vertically and horizontally. the box should be aligned to the left, and it should have a small padding in all directions. make that padding about 5% of the section height. box-1 's width should be 2/5 of the horizontal space"
human,349d1c8c-f2d8-4b20-8c0b-92edb2c85e46,4,2,2,something is wrong with box-2 and box-8. box-2's width should be 1/7 of the page width. box-8's width should be 1/5 of the page width. that width should remain the same after adding box-2's padding
human,349d1c8c-f2d8-4b20-8c0b-92edb2c85e46,1,0,0,"divide the page into 11 sections. they should be stacked vertically, one on top of the other. to visualize the vertical sections, add a thin light gray dotted line"
human,349d1c8c-f2d8-4b20-8c0b-92edb2c85e46,3,3,3,"in s2, place box-2 and box-8. align them to the left. the right padding of box-2 should be 8% of the page width. aligned to the right, in that same section 2, place box-10. box-2's width should be 1/7 of the page width.  box-10's width should be 1/7 of the page width.  box-8's width should be 1/5 of the page width"
human,349d1c8c-f2d8-4b20-8c0b-92edb2c85e46,6,2,2,"in s3, place box-3. left aligned. it's width should be 1/6.5 of page width, and it should have a right padding of 10% of page width, same as box-2"
human,349d1c8c-f2d8-4b20-8c0b-92edb2c85e46,7,2,2,"in s4, place box-4. left aligned. it's width should be 1/7 of page width, and it should have a right padding of 10% of page width, same as box-2"
human,349d1c8c-f2d8-4b20-8c0b-92edb2c85e46,5,1,1,the right padding of box-2 should be 10% of the page width
human,349d1c8c-f2d8-4b20-8c0b-92edb2c85e46,8,1,1,make box-4's width 1/7.5 of page width instead
human,349d1c8c-f2d8-4b20-8c0b-92edb2c85e46,9,2,2,"place box-11 . it should have the same width as box-10, plus 1% of page width. box-11 spans from s3 to s5"
human,349d1c8c-f2d8-4b20-8c0b-92edb2c85e46,10,1,1,give box-10 a right padding of 1% of page width
human,349d1c8c-f2d8-4b20-8c0b-92edb2c85e46,11,3,3,"in s6, place box-5. left aligned. it occupies 1/8 of page width. in s7, place box-6, left aligned. it occupies 1/7 of page width. in s8, place box-7, left aligned. it occupies 1/8 of page width"
human,349d1c8c-f2d8-4b20-8c0b-92edb2c85e46,12,2,2,"between s7 and s8, place box-12. right aligned. 1/7 of page width. it has the same height as box-5, it's just that it's right between 2 sections"
human,349d1c8c-f2d8-4b20-8c0b-92edb2c85e46,13,0,0,undo the changes
human,349d1c8c-f2d8-4b20-8c0b-92edb2c85e46,14,1,1,"place box-9. it spans s3 and s4. it should be center aligned, and it occupies 3/5 of page width"
human,349d1c8c-f2d8-4b20-8c0b-92edb2c85e46,15,1,1,make box-9 occupy 1/2 of page width instead
human,9b70bcc9-8a89-4340-b6cd-375b46b9e921,1,0,0,"creaye a page with two main sections stacked vertically, container 1 should be at the top, container 2 aat the bottom.  for container one, let the top row have box 1 to box 4 siide by side, let middle row have box 5 to 7  , then bottom row should have box 8-10 at the  left column, the box 11-13 at the right section. for the container  2, place box 14 and 15 at the bottom left"
human,349d1c8c-f2d8-4b20-8c0b-92edb2c85e46,16,1,1,add 1% of page width to box-3's right padding
human,349d1c8c-f2d8-4b20-8c0b-92edb2c85e46,17,0,0,remove the thin light gray section lines
human,9b70bcc9-8a89-4340-b6cd-375b46b9e921,2,0,0,"let box 1 be on the  left, while box 2,3, should be group together on the far right"
human,9b70bcc9-8a89-4340-b6cd-375b46b9e921,3,0,0,"let box 8 be small, sitting on th top of a tall box 9"
human,197cbc77-f961-4a07-b9bb-18f169246340,1,0,0,"i want to build a layout of 13 boxes. Let the top be a full width box i. middle should have box 2 to 4 at the left vertical stack. Center top should have box 8, center bottom box 9. bottom left should have box 5-7. then the right vertical stack should have box 12 and box 13."
human,197cbc77-f961-4a07-b9bb-18f169246340,4,0,0,i said you should reduce box 1 to a rectangle of width 5 cm
human,197cbc77-f961-4a07-b9bb-18f169246340,3,0,0,"give them some spaces, they look clustered and box one is like dividing the middle of box 9 into two"
human,197cbc77-f961-4a07-b9bb-18f169246340,2,0,0,"good job but there are ome adjustment needed, change the  top box to box 1 not box i. Then the sizes of the boxes are as follows box 2,4,10,5,7,13 are the smalles with sides like 2cm long, then box 6, 12,3 are like 0.5cm longer, the box 8 is like 3cm long. box 1 is  4.5cm, box 11 is a box with width of like 1.5cm and height of  5cm, box 9 is a rectangle with height of like 2cm and width of like 8cm or so. now adjust their sizes"
human,56779a53-9e47-4f75-a7a3-19c25617191f,2,0,0,"Lets make some changes and try again. Flip boxes 1, 2, 3, 4, 5, 6, 7, 8, 9 so that they are wider than they are tall. Use the same scales that I provided. Box 10 and box 13 should be about half the height as what is shown here, and should not be quite as wide"
human,56779a53-9e47-4f75-a7a3-19c25617191f,1,14,14,"Start with a long rectangle that is the width of the page and goes down a few spaces. It's outline is a broken line, as if it is a period followed by a space followed by a period etc etc. Inside the rectangle, on the left hand side is a smaller rectangle labelled ""box-1"". This rectangle is a solid line and it's scale (width to height) is rougly1/3. Next is another rectangle directly beside the ""box-1"" rectangle. It is labelled ""box-2) and looks identical to ""box-1"" except it is about a 1/4 scale. Now lets start on the right side of the long rectangle(the broken lined one). There are three identical rectangles, side by side. They are the same size as the ""box-1"" rectangle. From the right, they are labelled ""box-5"" then ""box-4"" then ""box-3"". This means that there is a fair amount of space in the middle of the broken line rectangle where there is nothing, just empty space. Now we move below the broken line rectangle. On the far left side of the page we will have a solid lined rectangle that is the same width as ""box-1"" rectangle, but it is three times as tall. This rectangle is lined up directly below ""box-1"" rectangle, but is outside the broken line rectangle. Next is ""box-7"" rectangle, which is beside ""box-6"" and lined up below ""box-2"". It is the same shape as ""box-2"" except it is a little bit longer. Maybe a 1/5 scale. Directly below ""box-7"" is ""box -8"" and ""box-9"". They are the same size as ""box-1"", they are below ""box-7"" and to the right of ""box-6"". Now we move into another broken lined rectangle below those boxes. It is a  bit taller than it is wide, and it takes up half of the page. Inside it are three solid rectangles labelled ""box-10"" ""box-11"" and ""box-12"". They are all stacked on top of each other and take up most of the broken rectangle. Box 10 is as tall as ""box-1"" but is longer than box-7. Probably a 1-7 scale. Box-11 is more like a 3/7 scale and box 12 is a 2/7 scale. Lastly is another broken rectangle, similar to the last, but on the right side of the page and slightly taller than the first (barely). It has ""box-13"" ""box-14"" and ""box-15. They are the exact same scales as boxes 10, 11 and 12, just slightly larger."
human,006de8ef-543e-4d99-9f93-7b17c5fc65b1,1,9,9,"Start with a solid line rectangle at the top of the page. 1/5 scale meaning 1 unit tall and 5 units wide. Label it ""box-1"". Below it do the same thing except label it ""box-2"" and make it a 1/4 scale. Both of these are centered in the page. Next line consists of two rectangles. ""box-3"" is a 1/2 scale and is beside ""box-4"" which is a 1/4 scale. These two are side by side and are centered to the page as one. Next line is three identical boxes that are side by side and are each a 1/2 scale. they are labelled in order ""box-5"" ""box -6"" and ""box'7. They are all centered as one. Next line is a 1/4 scale box labelled ""box-8"". Then there is a broken lined rectangle that is taller than it is wide and it takes up the bottom half of the page. inside it are 5 solid lined rectangle boxes. the first is ""box-9"" (1/4 scale), ""box 10"" (slightly smaller), ""box 11"" (slightly bigger than 10, tiny smaller than 9), Box-12 (smaller than 11 but bigger than 10) and ""box-13"" (the smallest one)"
human,006de8ef-543e-4d99-9f93-7b17c5fc65b1,2,0,0,"Lets make the broken line rectangle a little bit shorter and a little bit more wide. Then double the width of each box within it. Now add ""container - 1"" to the upper right hand corner of the broken line rectangle"
human,006de8ef-543e-4d99-9f93-7b17c5fc65b1,3,0,0,"Now use a darker, font that has a small amount of ""boldness"" to it. slightly round the edges of each box, except for the broken lined one"
human,006de8ef-543e-4d99-9f93-7b17c5fc65b1,5,0,0,box -4 should be triple that width
human,8fff1640-59c4-479e-bbc4-d20901858c1e,1,14,14,"Create a retro-style webpage layout starting with box-1 and box-2 stacked vertically at the top. Below them, place box-3 on the left and box-4 on the right side by side. Underneath that row, place three boxes side by side: box-5, box-6, and box-7. Below this, place box-8 as a single full-width block. Finally, include a dashed container labeled container-1 that contains a vertical stack of box-9, box-10, box-11, box-12, and box-13"
human,8fff1640-59c4-479e-bbc4-d20901858c1e,2,14,14,"Modify the layout so that box-1 and box-2 are stacked vertically at the very top. Below them, place box-3 on the left and box-4 on the right side by side. Underneath that row, place three boxes side by side: box-5, box-6, and box-7. Below this, place box-8 as a single full-width block. Finally, include a dashed container labeled container-1 that encloses a vertical stack of box-9, box-10, box-11, box-12, and box-13."
human,006de8ef-543e-4d99-9f93-7b17c5fc65b1,4,1,1,box -8 and box-9 should be wider than that
human,8fff1640-59c4-479e-bbc4-d20901858c1e,4,14,14,"Add box-1 at the very top as a centered header block, and place box-2 horizontally centered right below it. Below box-2, place box-3 on the left and box-4 on the right side by side. Underneath that row, place three boxes side by side: box-5, box-6, and box-7. Below this, place box-8 as a single full-width block. Finally, include a dashed container labeled container-1 enclosing a vertical stack of box-9, box-10, box-11, box-12, and box-13."
human,8fff1640-59c4-479e-bbc4-d20901858c1e,3,14,14,"Place box-1 at the very top as a full-width block, and place box-2 directly below it as another full-width block. Below box-2, place box-3 on the left and box-4 on the right side by side. Underneath that row, place three boxes side by side: box-5, box-6, and box-7. Below this, place box-8 as a single full-width block. Finally, include a dashed container labeled container-1 enclosing a vertical stack of box-9, box-10, box-11, box-12, and box-13."
human,8fff1640-59c4-479e-bbc4-d20901858c1e,5,14,14,"Add box-1 as the topmost element, and place box-2 directly below it. Below box-2, place box-3 on the left and box-4 on the right side by side. Underneath that row, place three boxes side by side: box-5, box-6, and box-7. Below this, place box-8 as a single full-width block. Finally, include a dashed container labeled container-1 enclosing a vertical stack of box-9, box-10, box-11, box-12, and box-13"
human,dcdb3567-968f-422d-99e9-0c0e45cd76c6,1,8,14,"Create a two-column layout: on the left side, stack a vertical column of boxes from box-1 through box-8 sequentially. On the right side, place a large box-9 near the top, followed underneath by a horizontal wide box-10, then two side-by-side boxes box-11 (left) and box-12 (right), and finally box-13 (left) and box-14 (right) at the bottom"
human,8e2815ad-d4ee-40ee-9769-c238307a61f5,1,5,5,"make one section with everything on the same line : box-1 and box-2 on the left side then box-3 , box-4 and box-5 on the right side."
human,8fff1640-59c4-479e-bbc4-d20901858c1e,6,14,14,"Create a layout where box-1 is a full-width header block at the very top, and box-2 is a full-width block directly underneath it. Below box-2, place box-3 on the left and box-4 on the right side by side. Underneath that row, place three boxes side by side: box-5, box-6, and box-7. Below this, place box-8 as a single full-width block. Finally, include a dashed container labeled container-1 enclosing a vertical stack of box-9, box-10, box-11, box-12, and box-13"
human,8e2815ad-d4ee-40ee-9769-c238307a61f5,2,4,4,"great, the border surrounding the section should be dashed and only have a border-top and a border-bottom.
Then create an other section below with box-6 then at the right of box-6 on the same column box-7 then box-8 and box-9 below it on the same line. This new section have no border."
human,8e2815ad-d4ee-40ee-9769-c238307a61f5,3,6,6,"ok below our sections we have two section on the same line :
box-10 and box-11 and box-12 in the section on the left. 
box-13 and box-14 and box-15 in the section on the right. 
Both of these new sections have a dashed border"
human,8e2815ad-d4ee-40ee-9769-c238307a61f5,4,0,0,"ok not bad but the boxes on the two sections on the bottom shouldn't be on the same line, each box go to the next row"
human,8e2815ad-d4ee-40ee-9769-c238307a61f5,5,0,0,"good job. Now some little adjustments :
the two section on the bottom should have a little padding-top. Same for the first section on the top."
human,8e2815ad-d4ee-40ee-9769-c238307a61f5,6,0,0,"good, double the size of this new padding"
human,8e2815ad-d4ee-40ee-9769-c238307a61f5,8,5,5,box-11 should be three times the height of box-10 ; box-14 should be four times the height of box-10 ; box-12 should be twice the height of box-10 ; box-15 should be twice the height of box-10
human,8e2815ad-d4ee-40ee-9769-c238307a61f5,9,0,0,the text in every boxes should be centered vertically and horizontally
human,8e2815ad-d4ee-40ee-9769-c238307a61f5,10,2,2,box-10 take 95% of the width : box-13 take 90% of the width
human,8e2815ad-d4ee-40ee-9769-c238307a61f5,7,2,2,"ok now box-6 must be taller, it must extend beyond box-8 by about half the height of box-8"
human,1d86f581-198a-4704-bee4-335958b8bcec,1,8,14,"our layout is made by two big column that we are gonna call columnA and column B. Put every boxes from box-1 to box-8 in columnA, each box has his own row. columnA take 10% of the width there is a 5% gap between column A and columnB ; columnB take all the remaining space. 
first row of columnB : box-9
second row of columnB : box-10
third row of columnB : box-11 and box-12 with a space-between
fourth row of columnB : box-13 and box-14 with a space-between"
human,1d86f581-198a-4704-bee4-335958b8bcec,2,0,0,align the text horizontally and vertically in all boxes
human,1d86f581-198a-4704-bee4-335958b8bcec,3,2,2,box-9 take 30% of the width and  is four times the height of box-10
human,1d86f581-198a-4704-bee4-335958b8bcec,5,4,4,"decrease the width of box-1, box-4, box-5 and box-7 by 15%"
human,1d86f581-198a-4704-bee4-335958b8bcec,6,2,2,increase height of box-13 and box-14 by 33%
human,1d86f581-198a-4704-bee4-335958b8bcec,7,2,2,increase height of box-12 by 33%; increase height of box-9 by 33%
human,1d86f581-198a-4704-bee4-335958b8bcec,4,5,5,box-10 take 60% of the width ; box-11 take 40% of the width; box-12 take 20% of the width : box-13 take 45% of the width ; box-14 take 25% of the width
human,1d86f581-198a-4704-bee4-335958b8bcec,8,1,1,"increase the gap between all rows of columnB, this gap = the height of box-12"
human,1d86f581-198a-4704-bee4-335958b8bcec,10,2,2,add a little gap between box-4 and box-5
human,1d86f581-198a-4704-bee4-335958b8bcec,9,0,0,decrease the gap you just added by 25%
claude_uncapped,93effc78-7ce1-4f5f-9c9a-9711295ad655,1,15,15,"Build an HTML wireframe page (plain boxes with visible borders, each box printing its label text as centered content). Overall page width ~1080px with ~30px side margins.

1) Top header container (dotted border, full width, ~155px tall): inside it a left group with two boxes side by side — 'box-1' (~110px wide) and 'box-2' (~220px wide), both ~60px tall, vertically centered — and a right group aligned to the right edge with three boxes side by side: 'box-3' (~115px), 'box-4' (~120px), 'box-5' (~115px), all ~60px tall.

2) Below the header, a row: a tall box 'box-6' (~120px wide, ~195px tall) on the left; to its right a column containing 'box-7' (~300px wide, ~60px tall) on top, and below it a row of two boxes 'box-8' (~120px wide) and 'box-9' (~120px wide), each ~60px tall. This whole group only occupies the left half of the page; the right half is empty.

3) Below that, two dotted containers side by side, each ~48% of the page width, with a gap between them. Left container holds three stacked boxes, each nearly full container width: 'box-10' (~65px tall), 'box-11' (~195px tall), 'box-12' (~130px tall). Right container holds three stacked boxes: 'box-13' (~65px tall), 'box-14' (~240px tall), 'box-15' (~110px tall). The right container is slightly taller and shifted down slightly at the bottom compared to the left one."
claude_uncapped,93effc78-7ce1-4f5f-9c9a-9711295ad655,2,11,11,"Two spacing fixes: (a) reduce the gap between 'box-8' and 'box-9' to about 8px so they sit nearly touching, and make each ~120px wide so together with the gap they span the same width as 'box-7' above them (~300px, left edges aligned with box-7's left edge); (b) reduce the inner horizontal padding of the top dotted header container and of the two lower dotted containers to about 15px, so 'box-1' starts near the container's left edge and 'box-5' ends near its right edge, and 'box-10'/'box-11'/'box-12' and 'box-13'/'box-14'/'box-15' nearly fill their containers' width."
claude_uncapped,93effc78-7ce1-4f5f-9c9a-9711295ad655,4,6,6,"Inside the two lower dotted containers, make the first box of each column narrower than the ones below it: 'box-10' should be about 80% of the container's inner width (left-aligned, so its right edge stops noticeably short of 'box-11'/'box-12' right edges), and likewise 'box-13' should be about 78% of its container's inner width, left-aligned, stopping short of 'box-14'/'box-15' right edges. Keep box-11, box-12, box-14, box-15 at full inner width as they are."
claude_uncapped,93effc78-7ce1-4f5f-9c9a-9711295ad655,3,3,3,"Two structural fixes: (a) make 'box-8' and 'box-9' each exactly ~120px wide with only ~8px gap between them, left edge of 'box-8' aligned with 'box-7' left edge — so the pair together spans only ~250px and ends well short of box-7's right edge; (b) make the top dotted header container span the full page width edge-to-edge (remove its left/right page margins) while keeping the lower two dotted containers inset ~30px from the page edges as they are now."
gemini,6d043a7e-609f-4939-b86f-e87024ca5d15,1,6,6,"Create a top navigation bar (container-1) spanning the full width with a dashed border. Inside it, place a left group containing box-1 and box-2, and a right group containing box-3, box-4, and box-5. All boxes should be horizontally aligned."
claude_uncapped,93effc78-7ce1-4f5f-9c9a-9711295ad655,7,4,4,"One width fix: make 'box-10' about 90% of its container's inner width (left-aligned), so its right edge stops only slightly short of 'box-11'/'box-12' right edges instead of far short. Keep 'box-13' at ~78% as is, and leave everything else unchanged."
claude_uncapped,93effc78-7ce1-4f5f-9c9a-9711295ad655,6,2,2,"Small padding fix in the top dotted header container only: increase its inner left/right padding to about 30px, so 'box-1' left edge starts ~30px in from the container's left edge and 'box-5' right edge ends ~30px in from the container's right edge. Keep everything else unchanged."
claude_uncapped,93effc78-7ce1-4f5f-9c9a-9711295ad655,5,4,4,"Vertical spacing polish: add ~30px padding at the top of the page (so the dotted header container starts ~30px down instead of at the very top edge), make the header container ~175px tall, add ~30px vertical gap between the header container and the 'box-6'/'box-7'/'box-8'/'box-9' row, and ~25px gap between that row and the two lower dotted containers. Keep all widths and labels unchanged."
gemini,6d043a7e-609f-4939-b86f-e87024ca5d15,2,4,4,"Below the navigation bar, create a layout section. On the left, add a vertical box labeled box-6. To the right of box-6, add a column containing box-7 at the top, and a row underneath it containing box-8 and box-9 side-by-side."
gemini,6d043a7e-609f-4939-b86f-e87024ca5d15,4,9,9,"Remove the labels 'container-1', 'container-2', and 'container-3'. In the left dashed container, make box-11 taller than box-10 and box-12. In the right dashed container, make box-14 significantly taller than box-13 and box-15. Ensure box-13 is slightly narrower than the boxes below it. Increase the overall size and padding of all elements to match the proportions in the target image."
gemini,6d043a7e-609f-4939-b86f-e87024ca5d15,3,10,10,"Adjust the layout of the second section: box-7, box-8, and box-9 should be much narrower and aligned to the left next to box-6, rather than stretching to the full width. Below this section, create two large side-by-side containers with dashed borders. In the left container, stack box-10, box-11, and box-12 vertically. In the right container, stack box-13, box-14, and box-15 vertically."
gemini,6d043a7e-609f-4939-b86f-e87024ca5d15,5,6,6,"Adjust the proportions of the bottom sections: in the left dashed container, box-11 and box-12 should be the same width as box-10. In the right dashed container, box-14 and box-15 should be the same width, while box-13 remains slightly shorter in width and aligned to the left. Increase the height of box-11 and box-14 further to match the target proportions."
qwen,3f0ea8e2-ce33-4027-9c5f-540450a5fdb8,1,5,5,"Create a top row with five boxes labeled 'box-1', 'box-2', 'box-3', 'box-4', and 'box-5'."
qwen,3f0ea8e2-ce33-4027-9c5f-540450a5fdb8,2,3,3,"Add a second row with three boxes labeled 'box-6', 'box-7', and 'box-8'."
qwen,3f0ea8e2-ce33-4027-9c5f-540450a5fdb8,3,2,2,Add box-9 next to box-8.
qwen,3f0ea8e2-ce33-4027-9c5f-540450a5fdb8,4,3,3,"Move box-6 to the left side of the second row, and adjust box-7 and box-8 to be aligned horizontally next to box-6."
qwen,3f0ea8e2-ce33-4027-9c5f-540450a5fdb8,5,3,3,"Create a new section below the second row containing three vertically stacked boxes labeled 'box-10', 'box-11', and 'box-12'."
qwen,3f0ea8e2-ce33-4027-9c5f-540450a5fdb8,6,3,3,"Create a new section to the right of the existing section containing three vertically stacked boxes labeled 'box-13', 'box-14', and 'box-15'."
qwen,3f0ea8e2-ce33-4027-9c5f-540450a5fdb8,7,4,4,"Adjust the layout so that 'box-6' is positioned to the left of 'box-7', and 'box-8' and 'box-9' are aligned horizontally next to 'box-7'."
qwen,3f0ea8e2-ce33-4027-9c5f-540450a5fdb8,9,5,5,"Adjust the layout so that 'box-3', 'box-4', and 'box-5' are aligned horizontally next to 'box-1' and 'box-2' in the top row."
qwen,3f0ea8e2-ce33-4027-9c5f-540450a5fdb8,8,8,8,"Wrap 'box-10', 'box-11', and 'box-12' in a container labeled 'container-1', and wrap 'box-13', 'box-14', and 'box-15' in a container labeled 'container-2'."
qwen,3f0ea8e2-ce33-4027-9c5f-540450a5fdb8,11,4,4,"Adjust the layout so that 'box-6' is positioned to the left of 'box-7', and 'box-8' and 'box-9' are aligned horizontally next to 'box-7'."
claude_uncapped,700da661-abfe-4a29-af79-d357705a5a52,1,15,15,"Build a full-width HTML wireframe page (about 1080px wide, plain boxes with thin borders, monospace labels centered). Structure top to bottom:

1) A dashed-border header container spanning the full page width (about 195px tall), with inner content vertically centered. Inside it, on the left: a box labeled 'box-1' (~115px wide, 60px tall) followed immediately by a box labeled 'box-2' (~220px wide, 60px tall). On the right side of the same container, right-aligned: three boxes in a row labeled 'box-3' (~115px wide), 'box-4' (~120px wide), 'box-5' (~115px wide), all 60px tall, with small gaps.

2) Below the header, a section starting at the left margin (~30px): a tall box labeled 'box-6' (~120px wide, 195px tall) on the left. To its right, stacked vertically: a box labeled 'box-7' (~300px wide, 65px tall), and beneath it a row of two boxes labeled 'box-8' (~120px wide, 60px tall) and 'box-9' (~120px wide, 60px tall).

3) Below that, two dashed-border containers side by side. The left dashed container starts at the left margin and is ~500px wide, containing stacked boxes: 'box-10' (~415px wide, 60px tall), 'box-11' (~475px wide, 190px tall), 'box-12' (~475px wide, 130px tall). The right dashed container is ~505px wide, positioned starting around x=545px, containing stacked boxes: 'box-13' (~375px wide, 60px tall), 'box-14' (~475px wide, 235px tall), 'box-15' (~475px wide, 115px tall). Each box shows its label text as visible content."
qwen,3f0ea8e2-ce33-4027-9c5f-540450a5fdb8,10,4,4,"Adjust the layout so that 'box-6' is positioned to the left of 'box-7', and 'box-8' and 'box-9' are aligned horizontally next to 'box-7'."
claude_uncapped,700da661-abfe-4a29-af79-d357705a5a52,3,2,2,"Constrain the overall page: set a fixed 1080px-wide content area with no horizontal scaling, and use these exact horizontal positions/sizes: the dashed header container spans from x=0 to x=1080 (full width); the 'box-6' section and the left dashed container both start at x=30; the left dashed container is 500px wide (so it ends near x=530); the right dashed container starts at x=545 and is 505px wide (ending near x=1050). Also reduce the header height slightly to ~180px and keep 'box-1' starting at x=30."
claude_uncapped,700da661-abfe-4a29-af79-d357705a5a52,2,12,12,"Fix inner alignment and left margins: (a) inside the left dashed container, make 'box-10' left-aligned flush with the left edges of 'box-11' and 'box-12' (all three share the same left inset of about 15px inside the container); (b) inside the right dashed container, likewise make 'box-13' left-aligned flush with the left edges of 'box-14' and 'box-15'; (c) move the 'box-6' / 'box-7' / 'box-8' / 'box-9' section so 'box-6' starts at the same left margin (~30px) as the left dashed container below it; (d) add a small gap (~8px) between 'box-1' and 'box-2' so they are separate boxes."
claude_uncapped,700da661-abfe-4a29-af79-d357705a5a52,4,6,6,"Increase the top inner padding of both dashed containers (the left one holding box-10/box-11/box-12 and the right one holding box-13/box-14/box-15) to about 75px, so the first box inside each ('box-10' and 'box-13') starts roughly 75px below the container's top dashed edge, while keeping the bottom padding at about 20px. Do not change the box widths, heights, or left alignment — the containers should simply grow taller (left container ending near y=955, right container near y=990)."
gemini,b23be108-9a2c-4f08-bf97-4adbf4fcf2b4,1,18,18,"Create a top navigation bar (container-1) spanning the full width with a dashed border. Inside it, place a left group containing box-1 and box-2, and a right group containing box-3, box-4, and box-5. Below this, create a section with a vertical box-6 on the left, and to its right, a column containing box-7 at the top and a row with box-8 and box-9 below it. Finally, add two large side-by-side containers (container-2 and container-3) with dashed borders. Inside container-2, stack box-10, box-11, and box-12 vertically. Inside container-3, stack box-13, box-14, and box-15 vertically."
gemini,b23be108-9a2c-4f08-bf97-4adbf4fcf2b4,2,11,11,"Adjust the layout of the second row: make box-6 taller and narrower, and make box-7, box-8, and box-9 significantly shorter in width so they don't span the whole page. In the bottom section, increase the height of box-11, box-12, box-14, and box-15 to match the target proportions, and remove the labels 'container-1', 'container-2', and 'container-3' while keeping their dashed borders."
qwen,07ae234a-2180-4345-a66d-ae327009ba1c,1,5,5,"Create a top row with five boxes labeled 'box-1', 'box-2', 'box-3', 'box-4', and 'box-5'."
qwen,07ae234a-2180-4345-a66d-ae327009ba1c,2,3,3,"Create a second row with three boxes labeled 'box-6', 'box-7', and 'box-8'."
gemini,b23be108-9a2c-4f08-bf97-4adbf4fcf2b4,3,4,15,"Increase the font size of all labels (box-1 through box-15) and center them within their respective boxes. Specifically, for box-11 and box-14, ensure they are much taller than the boxes above and below them to match the target proportions."
qwen,07ae234a-2180-4345-a66d-ae327009ba1c,3,2,2,Add a box labeled 'box-9' next to 'box-8' in the second row.
qwen,07ae234a-2180-4345-a66d-ae327009ba1c,5,3,3,"Create a new section below the second row containing three vertically stacked boxes labeled 'box-10', 'box-11', and 'box-12'."
qwen,07ae234a-2180-4345-a66d-ae327009ba1c,6,3,3,"Create a new section to the right of the existing section containing three vertically stacked boxes labeled 'box-13', 'box-14', and 'box-15'."
qwen,07ae234a-2180-4345-a66d-ae327009ba1c,7,4,4,"Adjust the layout so that 'box-6' is positioned to the left of 'box-7', 'box-8', and 'box-9', ensuring they are aligned horizontally."
qwen,07ae234a-2180-4345-a66d-ae327009ba1c,4,4,4,"Move 'box-6' to the left side of the second row, and adjust 'box-7', 'box-8', and 'box-9' to be aligned horizontally next to it."
qwen,07ae234a-2180-4345-a66d-ae327009ba1c,9,4,4,"Adjust the layout so that 'box-6' is positioned to the left of 'box-7', 'box-8', and 'box-9', ensuring they are aligned horizontally."
qwen,07ae234a-2180-4345-a66d-ae327009ba1c,8,4,4,"Wrap 'box-10', 'box-11', and 'box-12' in a container labeled 'container-1'."
qwen,07ae234a-2180-4345-a66d-ae327009ba1c,10,4,4,"Adjust the layout so that 'box-6' is positioned to the left of 'box-7', 'box-8', and 'box-9', ensuring they are aligned horizontally."
qwen,07ae234a-2180-4345-a66d-ae327009ba1c,13,4,4,"Adjust the layout so that 'box-6' is positioned to the left of 'box-7', 'box-8', and 'box-9', ensuring they are aligned horizontally."
qwen,07ae234a-2180-4345-a66d-ae327009ba1c,12,4,4,"Adjust the layout so that 'box-6' is positioned to the left of 'box-7', 'box-8', and 'box-9', ensuring they are aligned horizontally."
qwen,07ae234a-2180-4345-a66d-ae327009ba1c,11,4,4,"Adjust the layout so that 'box-6' is positioned to the left of 'box-7', 'box-8', and 'box-9', ensuring they are aligned horizontally."
qwen,07ae234a-2180-4345-a66d-ae327009ba1c,14,4,4,"Adjust the layout so that 'box-6' is positioned to the left of 'box-7', 'box-8', and 'box-9', ensuring they are aligned horizontally."
qwen,07ae234a-2180-4345-a66d-ae327009ba1c,16,4,4,"Adjust the layout so that 'box-6' is positioned to the left of 'box-7', 'box-8', and 'box-9', ensuring they are aligned horizontally."
qwen,07ae234a-2180-4345-a66d-ae327009ba1c,15,4,4,"Adjust the layout so that 'box-6' is positioned to the left of 'box-7', 'box-8', and 'box-9', ensuring they are aligned horizontally."
qwen,07ae234a-2180-4345-a66d-ae327009ba1c,17,4,4,"Adjust the layout so that 'box-6' is positioned to the left of 'box-7', 'box-8', and 'box-9', ensuring they are aligned horizontally."
qwen,07ae234a-2180-4345-a66d-ae327009ba1c,18,4,4,"Adjust the layout so that 'box-6' is positioned to the left of 'box-7', 'box-8', and 'box-9', ensuring they are aligned horizontally."
qwen,07ae234a-2180-4345-a66d-ae327009ba1c,20,4,4,"Adjust the layout so that 'box-6' is positioned to the left of 'box-7', 'box-8', and 'box-9', ensuring they are aligned horizontally."
qwen,07ae234a-2180-4345-a66d-ae327009ba1c,21,4,4,"Adjust the layout so that 'box-6' is positioned to the left of 'box-7', 'box-8', and 'box-9', ensuring they are aligned horizontally."
qwen,07ae234a-2180-4345-a66d-ae327009ba1c,22,4,4,"Adjust the layout so that 'box-6' is positioned to the left of 'box-7', 'box-8', and 'box-9', ensuring they are aligned horizontally."
claude_uncapped,560bf5e0-6ab7-4a15-a8c9-2bebe1e66dab,1,14,14,"Build a centered vertical wireframe layout on a white page, roughly 480px wide overall, centered horizontally, with all boxes drawn as thin-bordered rectangles containing monospace centered labels. Stack these rows top to bottom with about 8px vertical gaps:
1) box-1: full width (480px), height 70px.
2) box-2: width 340px, height 70px, centered.
3) A row of two boxes side by side, total width 480px, centered: box-3 width 130px height 75px, then box-4 width 340px height 75px, with a small gap between them.
4) A row of three boxes side by side, centered, total about 380px: box-5 width 120px height 70px, box-6 width 120px height 70px, box-7 width 120px height 70px.
5) box-8: width 240px, height 70px, centered.
6) container-1: a dashed-border container, width 430px, height 500px, centered, with the label 'container-1' printed at its top-right inside. Inside it, stack these boxes centered with small gaps: box-9 width 270px height 70px, box-10 width 210px height 70px, box-11 width 250px height 70px, box-12 width 230px height 70px, box-13 width 190px height 70px."
claude_uncapped,560bf5e0-6ab7-4a15-a8c9-2bebe1e66dab,3,1,1,Reduce the empty space above box-1 from 75px to about 45px so the whole stack shifts up slightly; keep everything else the same.
claude_uncapped,560bf5e0-6ab7-4a15-a8c9-2bebe1e66dab,2,4,7,"Two adjustments: (1) Add about 75px of empty space above box-1 at the top of the page. (2) Fix container-1: set its height to about 490px and give it about 60px of top padding before box-9 and only about 20px of bottom padding after box-13, so the five inner boxes (box-9 through box-13) fill the container vertically and there is no large empty gap at the bottom."
qwen,07ae234a-2180-4345-a66d-ae327009ba1c,19,4,4,"Adjust the layout so that 'box-6' is positioned to the left of 'box-7', 'box-8', and 'box-9', ensuring they are aligned horizontally."
gemini,41845d5f-7cbd-4aaa-a099-7f0e01e22dbd,1,14,14,"Create a layout with a vertical stack of elements centered on the page. Start with box-1 (wide), followed by box-2 (narrower). Below box-2, add a row containing box-3 and box-4. Below that, add a row containing box-5, box-6, and box-7. Then add box-8. Finally, add a dashed container labeled container-1 containing a vertical stack of five boxes labeled box-9, box-10, box-11, box-12, and box-13."
gemini,41845d5f-7cbd-4aaa-a099-7f0e01e22dbd,2,8,11,"Adjust the layout to match the target proportions: box-4 should be significantly wider than box-3. Increase the horizontal spacing between box-5, box-6, and box-7. Inside container-1, ensure all boxes (box-9 through box-13) have uniform width and are centered, and increase the internal padding of the container so the label container-1 is clearly in the top right corner."
qwen,33033236-f26d-4a0f-8696-cdd298c94b1b,2,2,2,Create a box labeled 'box-2' below 'box-1'.
qwen,33033236-f26d-4a0f-8696-cdd298c94b1b,1,1,1,Create a top-level box labeled 'box-1'.
qwen,33033236-f26d-4a0f-8696-cdd298c94b1b,4,5,5,"Create a box labeled 'box-5', 'box-6', and 'box-7' below 'box-3' and 'box-4'."
qwen,33033236-f26d-4a0f-8696-cdd298c94b1b,3,2,2,Create a box labeled 'box-3' to the left of 'box-4'.
qwen,33033236-f26d-4a0f-8696-cdd298c94b1b,5,4,4,"Create a box labeled 'box-8' below 'box-5', 'box-6', and 'box-7'."
qwen,33033236-f26d-4a0f-8696-cdd298c94b1b,7,2,2,Create a box labeled 'box-9' inside 'container-1'.
qwen,33033236-f26d-4a0f-8696-cdd298c94b1b,6,2,2,Create a container labeled 'container-1' below 'box-8'.
qwen,33033236-f26d-4a0f-8696-cdd298c94b1b,9,3,3,Create a box labeled 'box-11' below 'box-10' inside 'container-1'.
qwen,33033236-f26d-4a0f-8696-cdd298c94b1b,10,3,3,Create a box labeled 'box-12' below 'box-11' inside 'container-1'.
qwen,33033236-f26d-4a0f-8696-cdd298c94b1b,8,3,3,Create a box labeled 'box-10' below 'box-9' inside 'container-1'.
qwen,33033236-f26d-4a0f-8696-cdd298c94b1b,11,3,3,Create a box labeled 'box-13' below 'box-12' inside 'container-1'.
qwen,33033236-f26d-4a0f-8696-cdd298c94b1b,13,2,2,Adjust the alignment of 'box-3' and 'box-4' so they are horizontally aligned and properly spaced.
qwen,33033236-f26d-4a0f-8696-cdd298c94b1b,12,1,1,Adjust the width of 'container-1' to be narrower and centered.
qwen,33033236-f26d-4a0f-8696-cdd298c94b1b,14,3,3,"Adjust the alignment of 'box-5', 'box-6', and 'box-7' so they are horizontally aligned and properly spaced."
qwen,33033236-f26d-4a0f-8696-cdd298c94b1b,15,4,4,Adjust the alignment of 'box-1' and 'box-2' so they are centered above 'box-3' and 'box-4'.
claude_uncapped,41740cbb-5229-41c0-8f9e-111abb8c956d,1,14,14,"Build a single centered vertical column on a white page (max width ~1100px, content centered horizontally). All boxes are plain rectangles with a thin 1px solid border, slightly rounded corners, and their label text centered inside in a monospace font. Stack these in order with a small ~8px vertical gap between rows:
1) box-1: width 475px, height 72px, centered.
2) box-2: width 335px, height 72px, centered.
3) A horizontal row, centered, total width 476px: box-3 (width 130px, height 72px) then box-4 (width 338px, height 72px) side by side with a small ~6px gap.
4) A horizontal row, centered: box-5, box-6, box-7, each width 120px, height 68px, with ~6px gaps.
5) box-8: width 240px, height 68px, centered.
6) container-1: a box with a dashed 1px border, width 430px, centered, with its label text ""container-1"" placed in the top-right corner inside it. Inside container-1, stacked vertically and centered with ~8px gaps, starting about 60px below the container's top edge and with ~25px padding at the bottom: box-9 (width 270px), box-10 (width 210px), box-11 (width 250px), box-12 (width 230px), box-13 (width 190px), each height 68px.
Print the labels exactly as: box-1, box-2, box-3, box-4, box-5, box-6, box-7, box-8, container-1, box-9, box-10, box-11, box-12, box-13."
qwen,33033236-f26d-4a0f-8696-cdd298c94b1b,16,4,4,"Adjust the alignment of 'box-8' so it is centered below 'box-5', 'box-6', and 'box-7'."
gemini,15f328ec-01d5-43a8-b008-2ab5ada3fffe,1,14,14,"Create a central vertical layout. At the top, add a wide box-1. Below it, add box-2 which is narrower and centered. Below box-2, add a row containing box-3 and box-4, where box-4 is wider. Below that, add a row with three equal-sized boxes: box-5, box-6, and box-7. Below that, add a centered box-8. Finally, at the bottom, add container-1 which contains a vertical stack of five centered boxes: box-9, box-10, box-11, box-12, and box-13."
claude_uncapped,41740cbb-5229-41c0-8f9e-111abb8c956d,2,1,1,Add about 60px of empty space at the top of the page above box-1 (top margin/padding on the column) so the whole stack starts lower; keep everything else unchanged.
qwen,33033236-f26d-4a0f-8696-cdd298c94b1b,17,2,2,Adjust the alignment of 'container-1' so it is centered below 'box-8'.
qwen,d5deb83a-ec8b-4713-87bb-d1e2f66d6508,2,2,2,"Inside container-1, create box-1."
qwen,d5deb83a-ec8b-4713-87bb-d1e2f66d6508,5,2,2,Create box-4 to the right of box-3.
qwen,d5deb83a-ec8b-4713-87bb-d1e2f66d6508,1,0,0,Create a top-level container for the entire layout.
qwen,d5deb83a-ec8b-4713-87bb-d1e2f66d6508,4,2,2,Create box-3 to the right of box-1.
qwen,d5deb83a-ec8b-4713-87bb-d1e2f66d6508,3,3,3,"Inside container-1, create box-2 below box-1."
qwen,d5deb83a-ec8b-4713-87bb-d1e2f66d6508,6,2,2,Create box-5 below box-3.
qwen,d5deb83a-ec8b-4713-87bb-d1e2f66d6508,10,2,2,Create box-9 below box-8.
qwen,d5deb83a-ec8b-4713-87bb-d1e2f66d6508,8,2,2,Create box-7 to the right of box-6.
qwen,d5deb83a-ec8b-4713-87bb-d1e2f66d6508,7,2,2,Create box-6 to the right of box-5.
qwen,d5deb83a-ec8b-4713-87bb-d1e2f66d6508,9,2,2,Create box-8 below box-7.
qwen,d5deb83a-ec8b-4713-87bb-d1e2f66d6508,11,2,2,Create box-10 below box-9.
qwen,d5deb83a-ec8b-4713-87bb-d1e2f66d6508,14,2,2,Create box-13 below box-12.
qwen,d5deb83a-ec8b-4713-87bb-d1e2f66d6508,13,2,2,Create box-12 below box-11.
qwen,d5deb83a-ec8b-4713-87bb-d1e2f66d6508,15,9,9,"Adjust the layout so that box-1, box-2, box-3, box-4, box-5, box-6, box-7, and box-8 are outside of container-1."
qwen,d5deb83a-ec8b-4713-87bb-d1e2f66d6508,12,2,2,Create box-11 below box-10.
qwen,d5deb83a-ec8b-4713-87bb-d1e2f66d6508,16,6,6,"Adjust the layout so that container-1 wraps only box-9, box-10, box-11, box-12, and box-13."
qwen,d5deb83a-ec8b-4713-87bb-d1e2f66d6508,17,9,9,"Adjust the layout so that box-1, box-2, box-3, box-4, box-5, box-6, box-7, and box-8 are positioned above container-1."
qwen,d5deb83a-ec8b-4713-87bb-d1e2f66d6508,20,2,2,Adjust the layout so that box-3 and box-4 are aligned horizontally.
qwen,d5deb83a-ec8b-4713-87bb-d1e2f66d6508,19,8,8,"Adjust the layout so that box-1, box-2, box-3, box-4, box-5, box-6, box-7, and box-8 are aligned vertically."
claude_uncapped,da41afef-5a32-4416-8ef3-73779b0bcb91,1,17,17,"Build an HTML wireframe page (about 1080px wide, light background, ~20px page padding) with plain bordered boxes, each printing its exact label text centered inside. Structure top to bottom:

1) A full-width container with a dashed border, labeled 'container-1' with that label text at its top-right corner. Inside it, a horizontal row: on the far left a bordered box labeled 'box-1' (about 220px wide, 50px tall), and pushed to the far right three small bordered boxes side by side with small gaps, labeled 'box-2', 'box-3', 'box-4' (each ~115px wide, 50px tall).

2) Below, a row of three equal large bordered boxes with gaps, labeled 'box-5', 'box-6', 'box-7', each about 1/3 of the width minus gaps and about 250px tall.

3) Below, a two-column area. Left column ~230px wide containing, stacked vertically with gaps: 'box-8' (~55px tall), 'box-9' (~215px tall), 'box-10' (~140px tall). Right column takes the remaining width and contains, stacked with gaps: 'box-11' (a box only about 385px wide, 55px tall, left-aligned in that column), 'box-12' (full column width, ~95px tall), 'box-13' (full column width, ~125px tall).

4) At the bottom, a full-width dashed-border container labeled 'container-2' with that label at its top-right corner, containing two small bordered boxes side by side at the left labeled 'box-14' and 'box-15' (each ~115px wide, 50px tall).

Use simple divs/flexbox, monospace label text, no colors or decoration beyond borders."
qwen,d5deb83a-ec8b-4713-87bb-d1e2f66d6508,21,3,3,"Adjust the layout so that box-5, box-6, and box-7 are aligned horizontally."
qwen,d5deb83a-ec8b-4713-87bb-d1e2f66d6508,18,8,8,"Adjust the layout so that box-1, box-2, box-3, box-4, box-5, box-6, box-7, and box-8 are centered horizontally."
claude_uncapped,da41afef-5a32-4416-8ef3-73779b0bcb91,2,9,9,"Fix the horizontal overflow: apply box-sizing: border-box globally and make sure no row is wider than the page content area, so nothing is cut off at the right. Specifically, the right edges of box-7, box-12 and box-13 must align exactly with the right edge of container-1 and container-2 (no element extending past the page padding). Also give container-1 a bit more vertical padding so its 'container-1' label sits on its own line above the box-1/box-2/box-3/box-4 row rather than overlapping the border."
claude_uncapped,da41afef-5a32-4416-8ef3-73779b0bcb91,3,5,5,"Two small refinements: (1) make the box labeled 'box-8' narrower than the rest of the left column — about 185px wide, left-aligned, while 'box-9' and 'box-10' stay the full ~230px column width. (2) Slightly increase the vertical gaps between the major rows (row of box-5/6/7, the two-column area, and container-2) by a few pixels each so the bottom container-2 sits closer to the bottom of the page with little empty space below it."
gemini,73e9800d-61b6-40f2-93ee-37808c92f456,1,17,17,"Create a top navigation bar (container-1) containing box-1 on the left and a group of three buttons (box-2, box-3, and box-4) on the right. Below it, create a row with three equal-width columns containing box-5, box-6, and box-7. Underneath that, create a two-column layout: the left column should contain a stack of box-8, box-9, and box-10, while the right column should contain a stack of box-11, box-12, and box-13. Finally, add a footer (container-2) at the bottom containing box-14 and box-15 on the left side."
gemini,73e9800d-61b6-40f2-93ee-37808c92f456,5,3,3,"Adjust the middle section's layout: box-11, box-12, and box-13 should span the full width of their column, making them much wider than boxes 8, 9, and 10. Also, ensure box-11, box-12, and box-13 are stacked vertically, with box-11 at the top, followed by box-12, and then box-13."
gemini,73e9800d-61b6-40f2-93ee-37808c92f456,3,6,6,"Refine the middle section's layout: box-8 should be much narrower and match the width of box-9 and box-10. Move box-11 to the right column so it sits above box-12 and box-13. Ensure box-11, box-12, and box-13 are all the same width and left-aligned within their column."
gemini,73e9800d-61b6-40f2-93ee-37808c92f456,4,6,6,"Adjust the alignment and sizing in the middle section: decrease the width of the left column (containing box-8, box-9, and box-10) to about 25% of the page width. Ensure box-11, box-12, and box-13 in the right column are left-aligned and do not stretch to the full width of their container, particularly box-11 which should be shorter. Increase the vertical spacing between the row containing boxes 5, 6, 7 and the row below it."
gemini,73e9800d-61b6-40f2-93ee-37808c92f456,6,8,17,"Refine the layout of box-11, box-12, and box-13. Reduce the width of box-11 so it is about half the width of box-12 and box-13. Increase the height of box-13 so it is thicker, but not as tall as box-9. Ensure all labels (box-1 through box-15, container-1, and container-2) are centered within their respective boxes."
gemini,73e9800d-61b6-40f2-93ee-37808c92f456,2,9,9,"Adjust the layouts of the boxes between the header and footer: increase the height of box-5, box-6, and box-7. For the two-column section below that, make the left column narrower than the right column; box-9 should be significantly taller than box-8 and box-10, and box-13 should be taller than box-11 and box-12."
qwen,0f152e22-aa1f-4a65-bdb7-96df56738fc9,1,5,5,"Create a container labeled 'container-1' containing a row with 'box-1', 'box-2', 'box-3', and 'box-4'."
qwen,0f152e22-aa1f-4a65-bdb7-96df56738fc9,4,4,4,Add 'box-9' and 'box-10' below 'box-8' within 'container-1'.
qwen,0f152e22-aa1f-4a65-bdb7-96df56738fc9,2,4,4,"Add three boxes labeled 'box-5', 'box-6', and 'box-7' below the existing row in 'container-1'."
qwen,0f152e22-aa1f-4a65-bdb7-96df56738fc9,5,4,4,Add 'box-12' and 'box-13' next to 'box-11' within 'container-1'.
qwen,0f152e22-aa1f-4a65-bdb7-96df56738fc9,3,4,4,Add 'box-8' and 'box-11' below 'box-7' within 'container-1'.
qwen,0f152e22-aa1f-4a65-bdb7-96df56738fc9,6,7,7,"Adjust the layout so that 'box-5', 'box-6', and 'box-7' are larger and span the full width of 'container-1', and ensure 'box-12' and 'box-13' are stacked vertically next to 'box-11'."
qwen,0f152e22-aa1f-4a65-bdb7-96df56738fc9,10,4,4,"Adjust the layout so that 'box-5', 'box-6', and 'box-7' are evenly spaced across the width of 'container-1' and ensure they have equal sizes."
qwen,0f152e22-aa1f-4a65-bdb7-96df56738fc9,7,3,3,Create a new container labeled 'container-2' at the bottom of the page containing 'box-14' and 'box-15'.
qwen,0f152e22-aa1f-4a65-bdb7-96df56738fc9,11,3,3,Adjust the layout so that 'box-12' and 'box-13' are stacked vertically next to 'box-11' and ensure they span the full height of the column.
qwen,0f152e22-aa1f-4a65-bdb7-96df56738fc9,8,3,3,Adjust the layout so that 'box-12' and 'box-13' are stacked vertically next to 'box-11' and ensure they span the full height of the column.
qwen,0f152e22-aa1f-4a65-bdb7-96df56738fc9,9,4,4,"Adjust the layout so that 'box-5', 'box-6', and 'box-7' are evenly spaced across the width of 'container-1'."
qwen,0f152e22-aa1f-4a65-bdb7-96df56738fc9,13,4,4,Adjust the layout so that 'box-8' and 'box-11' are aligned horizontally and ensure 'box-9' and 'box-10' are stacked vertically below 'box-8'.
claude_uncapped,df3408b8-dc91-4444-a590-072b4053f858,2,4,4,"Two adjustments to the lower-left column: (1) make the box labeled 'box-8' narrower than the boxes below it — about 185px wide (box-9 and box-10 stay ~235px wide, all left-aligned at the same x). (2) Stretch the lower two-column area vertically so it fills the space down to the bottom container: increase 'box-9' to about 200px tall and 'box-10' to about 130px tall, and add a bit more vertical spacing so the bottom of box-10 sits just above the dashed 'container-2', which should remain at the very bottom of the page. Keep all labels unchanged and visible."
qwen,0f152e22-aa1f-4a65-bdb7-96df56738fc9,12,4,4,Adjust the layout so that 'box-8' and 'box-11' are aligned horizontally and ensure 'box-12' and 'box-13' are stacked vertically next to 'box-11'.
claude_uncapped,df3408b8-dc91-4444-a590-072b4053f858,1,17,17,"Build a full-width HTML wireframe page (about 1080px wide, ~1080px tall) with plain bordered boxes; every box must print its exact label text inside it. Structure top to bottom:

1) A dashed-border container spanning the full page width, labeled 'container-1' with that label text right-aligned at its top-right corner. Inside it, one row: a bordered box labeled 'box-1' on the left (about 200px wide, 50px tall), and on the far right three small bordered boxes side by side labeled 'box-2', 'box-3', 'box-4' (each about 110px wide, 50px tall, small gaps between them).

2) Below the container, a row of three equal-height bordered boxes about 245px tall, labeled 'box-5', 'box-6', 'box-7', filling the page width with small gaps (box-5 ~330px, box-6 ~330px, box-7 ~330px), labels centered.

3) Below that, a two-column area: the LEFT column is about 235px wide and contains, stacked vertically, a bordered box labeled 'box-8' (~50px tall), a bordered box labeled 'box-9' (~215px tall), and a bordered box labeled 'box-10' (~135px tall). The RIGHT column starts at about x=285 and contains, stacked vertically: a bordered box labeled 'box-11' that is only about 380px wide and 50px tall, then a full-width (~760px) bordered box labeled 'box-12' (~95px tall), then a full-width bordered box labeled 'box-13' (~120px tall).

4) At the bottom, a dashed-border container spanning the full page width, labeled 'container-2' with that label right-aligned at its top-right. Inside it at the left, two small bordered boxes side by side labeled 'box-14' and 'box-15' (each ~115px wide, 50px tall).

Use simple absolute or flex layout; all labels centered in their boxes and always visible."
claude_uncapped,df3408b8-dc91-4444-a590-072b4053f858,4,17,17,"Adjust vertical positions/heights to match the target more closely (keep all labels unchanged and visible). Use these approximate absolute vertical values on the ~1080px-tall page: (1) The dashed container-1 spans y=28 to y=188 (about 160px tall), with box-1 and box-2/box-3/box-4 vertically centered inside it (box-1 ~220px wide, each of box-2/3/4 ~118px wide, 50px tall). (2) The box-5 / box-6 / box-7 row: top y=217, height 245 (bottom y=462). (3) Left column: box-8 top y=496, height 50; box-9 top y=562, height 200; box-10 top y=775, height 118. (4) Right column: box-11 top y=496, height 50; box-12 top y=563, height 95; box-13 top y=672, height 118. (5) Dashed container-2 spans y=935 to the bottom edge (~95px tall) with box-14 and box-15 vertically centered inside it. Keep all horizontal positions and widths as they are now."
claude_uncapped,df3408b8-dc91-4444-a590-072b4053f858,5,9,9,"Two horizontal alignment fixes (keep all labels unchanged and visible): (1) Remove the inner left/right padding of the dashed containers so their child boxes align flush with the page columns: inside container-1, box-1 starts at x=30 and box-4's right edge ends at x=1050; inside container-2, box-14 starts at x=30 (box-15 right after it with a small gap). The 'container-1' and 'container-2' labels stay at the top-right. (2) Shift the entire right column left so box-11, box-12 and box-13 all start at x=285 (box-11 stays ~383px wide ending near x=668; box-12 and box-13 still end at x=1050)."
claude_uncapped,df3408b8-dc91-4444-a590-072b4053f858,6,8,8,"Inside both dashed containers, move the child boxes downward so they sit below the container label instead of vertically centered (keep all labels unchanged and visible): in container-1, place box-1, box-2, box-3 and box-4 with their tops at y≈110 (50px tall, so bottoms at y≈160); in container-2, place box-14 and box-15 with their tops at y≈957 (50px tall). Keep container-1 spanning y=28–188 and container-2 spanning y=935–1030, and keep all horizontal positions unchanged."
claude_uncapped,df3408b8-dc91-4444-a590-072b4053f858,3,6,6,"Two final structural tweaks, keeping all labels unchanged and visible: (1) Add about 30px of horizontal page padding so all boxes and both dashed containers start at x≈30 and end at x≈1050 (container-1 and container-2 span that same width, and box-5 / box-7 align to those edges). (2) Increase the total page height to about 1080px: keep container-2 pinned at the very bottom (about 95px tall) and stretch the lower two-column area so box-9 is ~200px tall and box-10 ~115px tall with the bottom of box-10 sitting just above container-2 (leaving no large empty gap)."
gemini,0b4f9730-dd11-45f5-86fb-f80e1cc0fe0d,1,17,17,"Create a top-level container labeled container-1. Inside it, place box-1 on the left, and a group of three boxes (box-2, box-3, and box-4) aligned to the right. Below this, create a row with three equal-sized boxes: box-5, box-6, and box-7. Below that, create a two-column layout where the left column contains box-8, box-9, and box-10 stacked vertically, and the right column contains box-11, box-12, and box-13 stacked vertically. Finally, add a footer container labeled container-2 containing box-14 and box-15 aligned to the left."
gemini,0b4f9730-dd11-45f5-86fb-f80e1cc0fe0d,2,9,9,"Adjust the middle section layout: increase the height of box-5, box-6, and box-7. For the two-column section below them, make the left column narrower than the right column. In the left column, box-8 should be short, box-9 should be tall, and box-10 should be medium height. In the right column, box-11 should be short, and box-12 and box-13 should be tall and take up the remaining width."
gemini,0b4f9730-dd11-45f5-86fb-f80e1cc0fe0d,4,4,4,"Adjust the layout of the middle section: box-11 should be shorter in width than box-12 and box-13, aligned to the left side of the right column. box-12 and box-13 should span the full width of the right column. Reduce the height of box-12 and box-13. In the left column, make box-8 much shorter in height."
qwen,cc70ae78-4f52-4cdc-8c0a-15880b658ab1,2,3,3,"Add three boxes labeled 'box-5', 'box-6', and 'box-7' below the first row, arranged horizontally."
qwen,cc70ae78-4f52-4cdc-8c0a-15880b658ab1,1,5,5,"Create a container labeled 'container-1' containing a row with four boxes labeled 'box-1', 'box-2', 'box-3', and 'box-4'."
gemini,0b4f9730-dd11-45f5-86fb-f80e1cc0fe0d,3,5,5,"Refine the layout of the middle section: the row containing box-8 and box-11 should have box-8 much narrower than box-11, with box-8 ending well before box-9 starts horizontally. The right column (box-11, box-12, box-13) should be wider and box-12 and box-13 should be shorter in height than they currently are. box-12 and box-13 should be wider than box-11."
qwen,cc70ae78-4f52-4cdc-8c0a-15880b658ab1,4,3,3,"Add two boxes labeled 'box-12' and 'box-13' below 'box-11', stacked vertically."
qwen,cc70ae78-4f52-4cdc-8c0a-15880b658ab1,3,3,3,Add a new row below 'box-7' containing two boxes labeled 'box-8' and 'box-11'.
qwen,cc70ae78-4f52-4cdc-8c0a-15880b658ab1,5,3,3,Add a vertical stack of boxes labeled 'box-9' and 'box-10' to the left of 'box-8'.
qwen,cc70ae78-4f52-4cdc-8c0a-15880b658ab1,6,3,3,"Add a container labeled 'container-2' at the bottom of the page containing two boxes labeled 'box-14' and 'box-15', arranged horizontally."
qwen,cc70ae78-4f52-4cdc-8c0a-15880b658ab1,7,2,2,Move 'box-8' to be aligned horizontally with 'box-11'.
qwen,cc70ae78-4f52-4cdc-8c0a-15880b658ab1,8,5,5,"Move 'box-2', 'box-3', and 'box-4' to align horizontally with 'box-1' within 'container-1'."
qwen,cc70ae78-4f52-4cdc-8c0a-15880b658ab1,9,4,4,"Move 'box-9' and 'box-10' to the left side of 'box-8' and 'box-11', ensuring they are vertically aligned."
gemini,329317dc-2bb7-4490-bd78-abdedce9a6a3,1,14,14,"Create a layout with two main columns. In the left column, place a vertical stack of 8 boxes labeled box-1, box-2, box-3, box-4, box-5, box-6, box-7, and box-8. In the right column, place box-9 (a large rectangle) at the top. Below box-9, place box-10 (a wide rectangle). Below box-10, create a row containing box-11 on the left and box-12 on the right. Below that row, create another row containing box-13 on the left and box-14 on the right."
gemini,329317dc-2bb7-4490-bd78-abdedce9a6a3,2,6,6,"Adjust the layout so that box-9 is narrower and taller, aligned to the top-left of the right column. Shorten box-10 so it does not span the full width of the right column. Add significant spacing between the left and right main columns, and between box-11 and box-12, and between box-13 and box-14, ensuring all boxes match the relative positions and sizes shown in the target image."
claude_uncapped,8c673dbc-65cf-44f2-95b4-7c4ba4beb9fc,1,14,14,"Build a wireframe on a white page about 1080px wide and 1080px tall using absolutely positioned bordered boxes, each printing its exact label text centered inside it (monospace).

Left column of eight small boxes, all starting at left:20px:
- box-1: top 113, width 120, height 78
- box-2: top 205, width 153, height 78
- box-3: top 300, width 153, height 77
- box-4: top 396, width 120, height 76
- box-5: top 510, width 120, height 76
- box-6: top 601, width 153, height 76
- box-7: top 697, width 120, height 74
- box-8: top 791, width 135, height 75

Main area:
- box-9: left 250, top 110, width 300, height 380
- box-10: left 250, top 556, width 553, height 78
- box-11: left 250, top 710, width 363, height 82
- box-12: left 820, top 700, width 220, height 102
- box-13: left 250, top 875, width 395, height 90
- box-14: left 760, top 872, width 280, height 100"
qwen,19b4557d-615d-4a73-bcc0-be800b317963,1,1,1,Create a large square box labeled 'box-9' in the center of the page.
qwen,19b4557d-615d-4a73-bcc0-be800b317963,2,3,3,Add a vertical stack of eight smaller boxes labeled 'box-1' through 'box-8' to the left of 'box-9'.
qwen,19b4557d-615d-4a73-bcc0-be800b317963,5,2,2,Add a box labeled 'box-12' to the right of 'box-11'.
qwen,19b4557d-615d-4a73-bcc0-be800b317963,4,2,2,Add a box labeled 'box-11' below 'box-10'.
qwen,19b4557d-615d-4a73-bcc0-be800b317963,6,2,2,Add a box labeled 'box-13' below 'box-11'.
qwen,19b4557d-615d-4a73-bcc0-be800b317963,7,2,2,Add a box labeled 'box-14' to the right of 'box-13'.
qwen,19b4557d-615d-4a73-bcc0-be800b317963,8,4,4,"Adjust the width of 'box-10', 'box-11', and 'box-13' to span the full width of 'box-9'."
qwen,19b4557d-615d-4a73-bcc0-be800b317963,10,2,2,Adjust the width of 'box-12' to match the width of 'box-11'.
qwen,19b4557d-615d-4a73-bcc0-be800b317963,11,2,2,Adjust the width of 'box-14' to match the width of 'box-12'.
qwen,19b4557d-615d-4a73-bcc0-be800b317963,3,2,2,Add a horizontal box labeled 'box-10' below 'box-9'.
qwen,19b4557d-615d-4a73-bcc0-be800b317963,9,2,2,Adjust the placement of 'box-12' so it is vertically aligned with 'box-11' and not below it.
qwen,19b4557d-615d-4a73-bcc0-be800b317963,12,2,2,Adjust the vertical alignment of 'box-12' so it is positioned to the right of 'box-11' and not below it.
qwen,19b4557d-615d-4a73-bcc0-be800b317963,13,2,2,Adjust the width of 'box-10' to span the full width of 'box-9'.
claude_uncapped,f39772f3-142b-4cea-912f-e03488d9b8f0,1,14,14,"Create an HTML wireframe on a white 1080x1080 canvas using absolutely positioned divs, each with a thin 1px grey border, rounded corners, and its label centered inside in monospace text. Use these exact labels and positions (left, top, width, height in px):

Left column of eight small boxes, all starting near left=20:
- box-1: left 20, top 115, width 118, height 75
- box-2: left 20, top 205, width 152, height 76
- box-3: left 20, top 301, width 152, height 75
- box-4: left 20, top 396, width 118, height 75
- box-5: left 20, top 511, width 118, height 75
- box-6: left 20, top 601, width 152, height 75
- box-7: left 20, top 696, width 118, height 75
- box-8: left 20, top 791, width 135, height 76

Right area:
- box-9: left 250, top 110, width 300, height 380
- box-10: left 250, top 556, width 553, height 77
- box-11: left 250, top 710, width 363, height 82
- box-12: left 820, top 700, width 220, height 102
- box-13: left 250, top 873, width 395, height 94
- box-14: left 760, top 870, width 280, height 98"
gemini,87dd1f01-a46f-491b-a7ac-10602ecdd50a,1,14,14,"Create a layout with two main columns. In the left column, stack eight small boxes vertically, labeled box-1, box-2, box-3, box-4, box-5, box-6, box-7, and box-8. In the wider right column, start with a large rectangular container labeled box-9. Below box-9, add a wide horizontal box labeled box-10. Below box-10, add a row containing two boxes, box-11 and box-12, with a gap between them. Finally, at the bottom of the right column, add another row containing two boxes, box-13 and box-14, also with a gap between them."
gemini,87dd1f01-a46f-491b-a7ac-10602ecdd50a,2,6,6,"Adjust the widths and alignment of the boxes in the right column. Box-9 should be narrower, taking up only about half the width of the right column. Box-10 should extend further to the right than box-9. For the last two rows, box-11 and box-13 should align under the left side of box-10, while box-12 and box-14 should be positioned further to the right with a large horizontal gap separating them from box-11 and box-13."
qwen,422ec71e-d8ae-411b-8ba4-50abe24b7278,2,8,8,"Add a vertical stack of smaller boxes labeled 'box-1', 'box-2', 'box-3', 'box-4', 'box-5', 'box-6', 'box-7', and 'box-8' to the left side of the page."
qwen,422ec71e-d8ae-411b-8ba4-50abe24b7278,1,1,1,Create a large square box labeled 'box-9' in the center of the page.
qwen,422ec71e-d8ae-411b-8ba4-50abe24b7278,3,1,1,Add a horizontal box labeled 'box-10' below the large square box.
qwen,422ec71e-d8ae-411b-8ba4-50abe24b7278,4,2,2,Add a horizontal box labeled 'box-11' below 'box-10'.
qwen,422ec71e-d8ae-411b-8ba4-50abe24b7278,5,2,2,Add a box labeled 'box-12' to the right of 'box-11'.
qwen,422ec71e-d8ae-411b-8ba4-50abe24b7278,6,2,2,Add a box labeled 'box-13' below 'box-11'.
claude_uncapped,61750ce9-b9e8-4641-b83d-c0a4f44eec44,1,13,13,"Create an HTML page with a plain white 1080x1080 canvas using absolutely positioned divs, each with a 1px black border and its label text centered inside (monospace). Place these boxes at these exact pixel coordinates (left, top, width, height): box-1 at (40,58) 360x72; box-2 at (44,214) 153x70; box-3 at (44,303) 172x72; box-4 at (44,394) 134x70; box-5 at (43,639) 121x70; box-6 at (44,729) 144x70; box-7 at (43,819) 121x70; box-8 at (290,212) 238x74; box-9 at (290,302) 519x180; box-10 at (864,212) 153x74; box-11 at (864,300) 172x288; box-12 at (864,760) 137x72; box-13 at (864,850) 120x70. Print each label exactly as box-1 through box-13."
gemini,a0f4423b-d35f-464d-b690-41df3d2d9f08,1,13,13,"Create a top header bar with box-1. Below it, create three main columns. In the left column, place box-2, box-3, and box-4 in a group at the top, and box-5, box-6, and box-7 in a group lower down. In the middle column, place box-8 above a large box-9. In the right column, place box-10 above a tall box-11, and further down place box-12 above box-13."
qwen,422ec71e-d8ae-411b-8ba4-50abe24b7278,7,2,2,Add a box labeled 'box-14' to the right of 'box-13'.
gemini,a0f4423b-d35f-464d-b690-41df3d2d9f08,2,8,8,"Adjust the layout to match the target: box-1 should not span the full width, it should be a smaller box at the top left. The three columns should have significant spacing between them. Make boxes 2 through 7 much smaller and left-aligned. Box-9 should be wider than it is tall, and box-11 should be taller than box-9. Align box-8 above the start of box-9, and box-10 above the start of box-11. Ensure there is large vertical whitespace between the (box-2,3,4) group and the (box-5,6,7) group, and also between box-11 and box-12."
qwen,af7df7d2-c79d-40b0-8997-55e59f34e659,1,2,2,Create a top-level container labeled 'container-1' and place a box labeled 'box-1' inside it.
gemini,a0f4423b-d35f-464d-b690-41df3d2d9f08,3,7,7,"Increase the size of boxes 1 through 8, 10, 12, and 13 to match the proportions in the target. Remove the outer container borders around the groups (2-3-4) and (5-6-7). Ensure box-1, box-2, and box-5 are all left-aligned. Match the horizontal width of box-8 to approximately one-third the width of box-9, and align box-10 and box-11 on the right side of the layout."
qwen,af7df7d2-c79d-40b0-8997-55e59f34e659,2,2,2,Add a box labeled 'box-8' below 'box-1' and to the right.
qwen,af7df7d2-c79d-40b0-8997-55e59f34e659,3,2,2,Add a box labeled 'box-9' below 'box-8'.
qwen,af7df7d2-c79d-40b0-8997-55e59f34e659,5,2,2,Add a box labeled 'box-3' below 'box-2'.
qwen,af7df7d2-c79d-40b0-8997-55e59f34e659,7,2,2,Add a box labeled 'box-5' below 'box-4' and to the left.
qwen,af7df7d2-c79d-40b0-8997-55e59f34e659,4,2,2,Add a box labeled 'box-2' below 'box-1' and to the left.
qwen,af7df7d2-c79d-40b0-8997-55e59f34e659,6,2,2,Add a box labeled 'box-4' below 'box-3'.
qwen,af7df7d2-c79d-40b0-8997-55e59f34e659,8,2,2,Add a box labeled 'box-6' below 'box-5'.
qwen,af7df7d2-c79d-40b0-8997-55e59f34e659,9,2,2,Add a box labeled 'box-7' below 'box-6'.
qwen,af7df7d2-c79d-40b0-8997-55e59f34e659,10,2,2,Add a box labeled 'box-10' to the right of 'box-8'.
qwen,af7df7d2-c79d-40b0-8997-55e59f34e659,11,2,2,Add a box labeled 'box-11' below 'box-10'.
qwen,af7df7d2-c79d-40b0-8997-55e59f34e659,12,3,3,Move 'box-8' to be centered horizontally between 'box-2' and 'box-10'.
qwen,af7df7d2-c79d-40b0-8997-55e59f34e659,15,2,2,Add a box labeled 'box-13' below 'box-12'.
qwen,af7df7d2-c79d-40b0-8997-55e59f34e659,16,3,3,"Move 'box-9' to be centered horizontally between 'box-8' and 'box-10', and make it larger."
qwen,af7df7d2-c79d-40b0-8997-55e59f34e659,13,2,2,Add a box labeled 'box-12' below 'box-10' and to the right.
qwen,af7df7d2-c79d-40b0-8997-55e59f34e659,17,2,2,Move 'box-10' upwards so it aligns horizontally with 'box-8'.
qwen,af7df7d2-c79d-40b0-8997-55e59f34e659,14,2,2,Move 'box-12' to be aligned vertically with 'box-11'.
qwen,af7df7d2-c79d-40b0-8997-55e59f34e659,19,3,3,Move 'box-12' and 'box-13' to the right so they align vertically with 'box-11'.
qwen,af7df7d2-c79d-40b0-8997-55e59f34e659,18,2,2,Move 'box-11' downwards so it aligns vertically with 'box-9'.
claude_uncapped,afd79e10-49cf-42bf-bcac-7dedb24cdae1,1,13,13,"Build an HTML wireframe on a white 1080x1080 canvas using absolutely positioned divs, each with a thin black 1px border and its label text centered inside in a monospace font. Place these boxes at these exact pixel positions (left, top, width, height) with the exact label text shown:
- box-1: left 40, top 58, width 360, height 72
- box-2: left 44, top 214, width 152, height 70
- box-3: left 44, top 303, width 172, height 71
- box-4: left 44, top 394, width 133, height 69
- box-5: left 44, top 640, width 120, height 68
- box-6: left 44, top 729, width 143, height 69
- box-7: left 44, top 820, width 120, height 68
- box-8: left 290, top 214, width 237, height 70
- box-9: left 290, top 302, width 519, height 178
- box-10: left 864, top 214, width 153, height 70
- box-11: left 864, top 302, width 172, height 288
- box-12: left 864, top 761, width 137, height 70
- box-13: left 864, top 851, width 120, height 70
No other elements, no headers or containers."
gemini,660432e0-462e-40f2-8d03-2e4627409429,1,13,13,"Create a top bar for box-1. Below it, create a layout with three main columns. The left column should contain two groups of stacked boxes: a top group with box-2, box-3, and box-4, and a bottom group with box-5, box-6, and box-7. The middle column should have box-8 at the top and a larger box-9 below it. The right column should have box-10 at the top, a tall box-11 below it, and at the bottom, box-12 and box-13 stacked together."
qwen,af7df7d2-c79d-40b0-8997-55e59f34e659,20,3,3,Adjust the size of 'box-9' to match the width of the space between 'box-8' and 'box-10'.
gemini,660432e0-462e-40f2-8d03-2e4627409429,2,11,13,"Adjust the layout to match the target's spacing and alignment: box-1 should be shorter and not span the full width. The left column (box-2 to box-7) should have a large vertical gap between box-4 and box-5. In the middle column, box-8 and box-9 should be centered horizontally, with box-9 being wider than box-8. In the right column, box-10 and box-11 should be at the top, while box-12 and box-13 should be positioned much further down, aligned with the bottom of the left column's second group."
gemini,660432e0-462e-40f2-8d03-2e4627409429,4,7,7,"Refine the horizontal alignment: box-1 should be wider, ending roughly where box-8 ends. In the middle column, box-8 and box-9 should be left-aligned with each other. In the right column, box-10 and box-11 should be left-aligned with each other, and box-11 should be significantly wider, similar in width to box-10. Also, ensure the vertical gap between box-4 and box-5 is much larger, so box-5 starts below the bottom edge of box-9."
gemini,660432e0-462e-40f2-8d03-2e4627409429,5,9,13,"Adjust the horizontal positions: move the middle column (box-8 and box-9) further to the right, away from the left column (box-2 through box-7). Move the right column (box-10 through box-13) even further to the right edge of the page. Make box-1 wider, so its right edge aligns with the right edge of box-8. Ensure box-12 and box-13 are right-aligned with the boxes above them (box-10 and box-11) and that box-13 is slightly narrower than box-12."
gemini,660432e0-462e-40f2-8d03-2e4627409429,3,9,13,"Adjust the column widths and element sizes: the left column containing box-2 through box-7 should be much narrower. In the middle column, box-9 should be wider than box-8. In the right column, box-11 should be taller and box-10, box-12, and box-13 should be narrower. Ensure box-1 is left-aligned above the left and middle columns."
gemini,660432e0-462e-40f2-8d03-2e4627409429,6,7,7,"Adjust the alignment and sizing: box-9 should be much wider than box-8, extending further to both the left and right. Box-11 should be narrower than box-9 and box-10. Box-12 and box-13 should be right-aligned with the right edge of box-11. Increase the vertical spacing between box-1 and the boxes below it. Make box-1 much narrower, ending above the middle of box-8."
gemini,660432e0-462e-40f2-8d03-2e4627409429,7,9,9,"Refine the layout structure: move box-1 to the left. Align box-8 to the left edge of box-9, but make box-9 much wider, extending its right edge towards the right column. In the right column, box-10 and box-11 should be vertically aligned and equal in width. Align box-12 and box-13 to the right edge of box-11, making box-13 slightly narrower than box-12. Ensure the vertical gap between box-4 and box-5 is large enough that box-5 aligns with the bottom of box-11."
gemini,660432e0-462e-40f2-8d03-2e4627409429,9,6,6,"Adjust the horizontal layout: move box-8 and box-9 significantly further to the right, closer to box-10 and box-11. Make box-9 wider, so its right edge ends roughly halfway across the total page width. In the right column, make box-11 much taller, extending its bottom edge well below the bottom edge of box-9. Ensure box-10 and box-11 are left-aligned and have equal width. Move box-12 and box-13 further down and to the right so they are right-aligned with the right edge of box-11, with box-13 being slightly narrower than box-12."
gemini,660432e0-462e-40f2-8d03-2e4627409429,10,9,9,"Adjust the horizontal spacing and alignment: move the entire right column (box-10, box-11, box-12, box-13) further to the right. Move the middle column (box-8, box-9) slightly to the left to create a larger gap between it and the right column. In the right column, ensure box-10 and box-11 are left-aligned and equal in width, and make box-11 taller. Align box-12 and box-13 to the right edge of box-11, and move them vertically so box-12 is roughly level with box-6 and box-13 is level with box-7. Finally, ensure box-1's right edge aligns with the center of box-8."
gemini,660432e0-462e-40f2-8d03-2e4627409429,8,7,7,"Adjust the positioning and sizes: Move the middle column (box-8, box-9) and the right column (box-10, box-11, box-12, box-13) further to the right, creating more space between the left column and box-8. Box-9 should be wider than box-8, extending slightly further to both the left and right of it. Box-10 and box-11 should have the same width. Box-12 and box-13 should be smaller, right-aligned with the right edge of box-11, and positioned lower down, so box-13 is roughly level with box-7."
gemini,660432e0-462e-40f2-8d03-2e4627409429,11,10,10,"Refine the layout proportions: Move box-8 and box-9 significantly to the left to be closer to the left column. Make box-9 much wider, extending its right edge close to box-11. Align the left edge of box-8 so it starts slightly to the right of the center of box-9. Set the width of box-10 and box-11 to be equal. Position box-12 and box-13 so they are right-aligned with box-11, with box-12 roughly level with box-6 and box-13 level with box-7. Ensure the gap between box-4 and box-5 is large, with box-5 starting below the vertical level of the bottom of box-9."
qwen,5aa8f005-3b99-41e5-b9c2-5575c8488b5e,1,2,2,Create a top-level container labeled 'container-1' and place a box labeled 'box-1' inside it.
qwen,5aa8f005-3b99-41e5-b9c2-5575c8488b5e,2,4,4,"Add three boxes labeled 'box-2', 'box-3', and 'box-4' vertically aligned to the left side below 'box-1'."
qwen,5aa8f005-3b99-41e5-b9c2-5575c8488b5e,3,2,2,Add a box labeled 'box-8' to the right of 'box-2'.
qwen,5aa8f005-3b99-41e5-b9c2-5575c8488b5e,5,2,2,Add a box labeled 'box-10' to the right of 'box-8'.
qwen,5aa8f005-3b99-41e5-b9c2-5575c8488b5e,4,4,4,"Add a large box labeled 'box-9' to the right of 'box-3', spanning the height of 'box-2', 'box-3', and 'box-4'."
qwen,5aa8f005-3b99-41e5-b9c2-5575c8488b5e,7,4,4,"Add three boxes labeled 'box-5', 'box-6', and 'box-7' vertically aligned to the left side below 'box-4'."
qwen,5aa8f005-3b99-41e5-b9c2-5575c8488b5e,8,3,3,Add two boxes labeled 'box-12' and 'box-13' vertically aligned to the right side below 'box-11'.
qwen,5aa8f005-3b99-41e5-b9c2-5575c8488b5e,6,2,2,"Add a box labeled 'box-11' below 'box-10', aligned vertically."
qwen,5aa8f005-3b99-41e5-b9c2-5575c8488b5e,9,6,6,"Adjust the alignment of 'box-12' and 'box-13' so they are positioned to the right of 'box-11', similar to how 'box-5', 'box-6', and 'box-7' are aligned to the left."
claude_capped,e1233a1b-4347-4c52-aefc-ce974e02210e,1,15,15,"Build an HTML wireframe, plain boxes with visible bordered outlines and the exact text label centered inside each. Page width ~1080px, padding 30px. Structure top to bottom:

1) A full-width dashed-border container (height ~170px) holding a left group and a right group on one row, vertically centered. Left group: box-1 (~115x55) then box-2 (~220x55), 25px gap, starting at left edge. Right group aligned to the right edge: box-3 (~115x55), box-4 (~115x55), box-5 (~115x55) with 8px gaps.

2) Below it, a row: box-6 on the left (~120px wide, 195px tall). To its right a column starting at x~168: box-7 (~300x62), then below it a row with box-8 (~120x58) and box-9 (~120x58) with 8px gap.

3) Below, two dashed-border containers side by side with a 20px gap: left one ~500px wide, right one ~505px wide, both with 18px inner padding. Left contains stacked boxes: box-10 (height 62), box-11 (height 195), box-12 (height 130). Right contains: box-13 (height 62), box-14 (height 235), box-15 (height 110). Right container sits ~15px lower is not needed; align tops."
claude_capped,e1233a1b-4347-4c52-aefc-ce974e02210e,2,6,6,"Two small structural fixes: (1) In the top dashed container, remove the inner left padding so box-1's left edge aligns with the left edge of box-6 and box-10's container below (x≈32); keep box-3/4/5 flush to the container's right edge. (2) Make the right dashed container taller than the left one: increase box-14's height to ~235px and box-15's height to ~110px so the right container's bottom edge sits ~35px lower than the left container's bottom edge, while their tops stay aligned."
qwen,5aa8f005-3b99-41e5-b9c2-5575c8488b5e,10,6,6,"Adjust the alignment of 'box-10' and 'box-11' so they are positioned to the right of 'box-9', similar to how 'box-2', 'box-3', and 'box-4' are aligned to the left."
claude_capped,e1233a1b-4347-4c52-aefc-ce974e02210e,3,10,10,"Three structural adjustments:

(1) Move the box-7/box-8/box-9 column left so it starts at x≈168 (reduce the horizontal gap between box-6 and that column to ~18px). Keep box-7 ~300px wide (so it ends near x≈468) and box-8/box-9 ~120px each.

(2) Inside both bottom dashed containers, increase the top inner padding to ~55px so box-10 and box-13 start noticeably below the container's top edge; keep the bottom padding small (~18px).

(3) Make box-10 and box-13 narrower than the boxes beneath them: box-10 ≈ 415px wide and box-13 ≈ 378px wide, both left-aligned with box-11 and box-14 respectively, while box-11, box-12, box-14 and box-15 stay full container width.

Keep all existing labels exactly as they are."
claude_capped,43ce984b-ed26-428b-bf7e-341a316ffacf,1,9,9,"Build an HTML wireframe, ~1080px wide, plain boxes with 1px solid borders, monospace labels centered, dotted borders for containers. Structure:

1) Top full-width dotted container (height ~170px, padding 20px) holding a row: left group with box-1 (width 115px, height 60px) and box-2 (width 220px, height 60px) side by side with a 25px gap; right group pushed to the right edge with box-3 (width 115px), box-4 (width 115px), box-5 (width 115px), each 60px tall, 10px gaps.

2) Below it, a row starting at left margin 30px: box-6 as a tall box (width 120px, height 190px). To its right (20px gap) a column: box-7 (width 300px, height 65px), then below (10px gap) a row of box-8 (width 120px, height 60px) and box-9 (width 120px, height 60px) with 10px gap.

Only this much for now; label each box exactly box-1 … box-9."
claude_capped,43ce984b-ed26-428b-bf7e-341a316ffacf,2,7,7,"Below the box-6 row, add a row of two dotted containers side by side, starting at left margin 30px, with a ~20px gap between them; the row should start ~20px under box-6.

Left dotted container: width ~500px, padding ~18px, containing stacked boxes each full width of the container's inner area: box-10 (height 60px), then box-11 (height 195px), then box-12 (height 145px), with ~8px vertical gaps.

Right dotted container: width ~505px, padding ~18px, containing stacked full-width boxes: box-13 (height 60px), then box-14 (height 235px), then box-15 (height 105px), with ~8px vertical gaps.

Both containers align at the same top; the right one ends slightly lower than the left. Label each box exactly box-10, box-11, box-12, box-13, box-14, box-15."
claude_capped,43ce984b-ed26-428b-bf7e-341a316ffacf,4,4,4,"Three small structural fixes:

1) Increase the vertical gap between the box-6 row and the bottom row of dotted containers by ~20px, so both bottom containers start ~20px lower (their top edge around y=452 instead of ~432).

2) Make the right dotted container clearly taller than the left one: its bottom edge must finish about 40px BELOW the left container's bottom edge. Do this by increasing box-14 height to ~235px and box-15 height to ~115px and/or adding bottom padding, so the left container's total height is ~505px and the right container's ~545px.

3) Shift the left group in the top dotted container slightly right: add ~30px left padding so box-1 starts about 33px from the page's left edge, matching box-6's left alignment below it.

Keep all labels box-1 … box-15 exactly as they are and visible."
claude_capped,43ce984b-ed26-428b-bf7e-341a316ffacf,3,5,5,"Adjust vertical paddings/offsets:

1) Give the page ~40px top margin so the top dotted container starts ~40px down. Inside that top container, align the box rows to the BOTTOM (e.g. align-items:flex-end) with ~25px bottom padding, so box-1..box-5 sit near the container's lower edge and the container stays ~160px tall.

2) In both bottom dotted containers, change padding to ~70px top, ~18px left/right, ~28px bottom, so box-10 and box-13 start well below the container's top edge and the containers grow taller (left ending ~505px tall, right ~545px tall).

3) Slightly increase the right container's last box: box-15 height ~115px, so the right container's bottom edge finishes ~40px lower than the left container's bottom edge.

Keep all existing labels box-1 … box-15 unchanged and visible."
claude_capped,43ce984b-ed26-428b-bf7e-341a316ffacf,5,3,3,"Two fixes:

1) Both bottom dotted containers have far too much bottom space. Reduce their bottom padding to ~30px so each container's bottom border sits just ~30px below its last box. Result: the LEFT container should end around y=955 (total height ~505px) and the RIGHT container around y=993 (total height ~545px), i.e. nothing extends past ~1000px on the page.

2) In the top dotted container, reduce the left group's left padding so box-1's left edge sits ~33px from the page's left edge, aligning with box-6 below.

Keep all labels box-1 … box-15 unchanged and visible."
claude_capped,43ce984b-ed26-428b-bf7e-341a316ffacf,6,4,4,"Both bottom dotted containers still extend too far down (their bottom borders run off past y=1000). Fix their bottom edges precisely: LEFT container's last box (box-12) should end at about y=935 and the container's dotted bottom border only ~20px below it, at about y=955 (total container height ~505px). RIGHT container: box-15 should end at about y=960 and its dotted bottom border ~33px below, at about y=993 (total height ~545px). Achieve this by reducing each container's bottom padding to ~20-30px, and if needed slightly increasing box-14 (~235px) and box-15 (~115px) heights so the right container's boxes fill down to y=960. Nothing on the page should extend below y=1000. Keep all labels box-1 … box-15 unchanged and visible."
claude_capped,2a19a50f-6c28-4b5c-9509-4581a6970351,2,4,4,"Two small adjustments: (1) Add ~78px of empty space above box-1 at the top of the page. (2) Reduce container-1's height so that there is only ~30px of empty space between the bottom of box-13 and container-1's bottom dashed border (keep the ~75px space above box-9); roughly height 475px. Keep all boxes, sizes and labels unchanged."
claude_capped,2a19a50f-6c28-4b5c-9509-4581a6970351,1,14,14,"Build a centered vertical wireframe on a white page, max width ~1080px, all elements horizontally centered in a column, each box a rectangle with thin border, rounded corners, monospace label text centered inside.

Order top to bottom, with ~8px vertical gaps:
1. box-1: width 480px, height 70px.
2. box-2: width 340px, height 72px.
3. A row (total width 480px) containing box-3 (width 130px, height 76px) and box-4 (width 340px, height 76px) side by side with a small gap.
4. A row containing box-5, box-6, box-7, each width 120px, height 68px, small gaps, row centered.
5. box-8: width 240px, height 68px.
6. container-1: a dashed-border box, width 430px, height 500px, its label ""container-1"" printed in the top-right corner inside it. Inside container-1, centered vertically stacked with ~8px gaps starting ~70px from its top: box-9 (width 270px), box-10 (width 210px), box-11 (width 250px), box-12 (width 230px), box-13 (width 190px), each height 68px, all horizontally centered in the container."
claude_capped,889f6c80-6ccb-407a-9fef-36b48da4db06,1,14,14,"Build a centered vertical wireframe on a white page, max width ~1080px, all boxes centered horizontally with thin dark borders, slightly rounded corners, monospace labels centered inside each box. Stack top to bottom with ~8px gaps:
1) box-1: width 480px, height 75px.
2) box-2: width 335px, height 75px.
3) A horizontal row (total width 480px, centered): box-3 width 130px height 75px, then 8px gap, box-4 width 340px height 75px.
4) A horizontal row centered: box-5 width 120px, box-6 width 120px, box-7 width 120px, each height 70px, 8px gaps.
5) box-8: width 240px, height 70px.
6) container-1: width 430px, height 500px, dashed thin border, its label 'container-1' printed as text in the top-right corner inside it. Inside container-1, centered vertically-stacked boxes with ~10px gaps, each height 65px: box-9 width 270px, box-10 width 210px, box-11 width 250px, box-12 width 230px, box-13 width 190px, with the first box starting ~70px below the container top.
Print labels exactly: box-1 … box-13 and container-1."
claude_capped,2a19a50f-6c28-4b5c-9509-4581a6970351,3,12,12,"Three fine adjustments, keeping all labels, widths and heights the same:
(1) Reduce the empty space above box-1 to ~50px so box-1's top starts higher on the page.
(2) Increase the vertical gaps between the stacked top elements (box-1, box-2, the box-3/box-4 row, the box-5/6/7 row, box-8, and container-1) from ~8px to ~14px.
(3) Increase the vertical gaps between box-9, box-10, box-11, box-12 and box-13 inside container-1 from ~8px to ~12px, and increase container-1's height accordingly to ~495px so ~30px of empty space remains below box-13."
claude_capped,889f6c80-6ccb-407a-9fef-36b48da4db06,2,4,4,"Two small fixes: (1) Inside container-1, increase the vertical gaps between box-9…box-13 to ~15px and reduce container-1's height to ~490px so that box-13's bottom sits only ~30px above the container's bottom edge (no large empty space at the bottom). (2) Add ~78px of empty space above box-1 at the top of the page. Keep all existing labels and widths unchanged."
claude_capped,1e523e43-ce38-43ae-b53e-8295649f24ae,1,17,17,"Build an HTML wireframe page (~1080px wide, light background, all boxes drawn as bordered rectangles with their label text centered inside, monospace font). Structure top to bottom:

1) A dashed-border container spanning full width, label 'container-1' printed at its top-right. Inside it, one row: 'box-1' on the left (about 200px wide, 50px tall), and on the far right three small boxes side by side: 'box-2', 'box-3', 'box-4' (each ~115px wide, 50px tall, small gaps).

2) A row of three equal large boxes with small gaps: 'box-5', 'box-6', 'box-7' — each about 32% wide and 250px tall.

3) A two-column region below. Left column ~230px wide containing stacked: 'box-8' (50px tall), 'box-9' (220px tall), 'box-10' (150px tall). Right column starting at about x=285 and extending to the right edge containing: 'box-11' (only ~380px wide, 50px tall), then 'box-12' (full column width, 95px tall), then 'box-13' (full column width, 125px tall).

4) A dashed-border container spanning full width, label 'container-2' at its top-right, containing two small boxes side by side at the left: 'box-14' and 'box-15' (each ~115px wide, 50px tall)."
claude_capped,43ce984b-ed26-428b-bf7e-341a316ffacf,7,3,3,"Set the two bottom dotted containers to explicit fixed heights instead of relying on padding: LEFT container height exactly 505px, RIGHT container height exactly 545px (both starting at the same top, y≈452). Keep their inner top padding ~70px and side padding ~18px, but set bottom padding to 0 and let the fixed height create the remaining space, so the LEFT container's dotted bottom border lands at y≈957 (about 22px below box-12's bottom) and the RIGHT container's bottom border at y≈997 (about 35px below box-15's bottom). Also add box-sizing:border-box to both containers so the heights are exact and nothing on the page extends below y≈1000. Keep all labels box-1 … box-15 unchanged and visible."
claude_capped,1e523e43-ce38-43ae-b53e-8295649f24ae,2,12,12,"Fix the horizontal overflow: set `box-sizing: border-box` on all elements, give the page a fixed content area of 1040px centered with 30px left/right page margins, and make every row/section align to those same left and right edges. Specifically: box-5, box-6, box-7 must each be about 32% of the content width with small gaps so the right edge of box-7 lands exactly on the content's right edge; and box-11, box-12, box-13 must all end at that same right edge (box-12 and box-13 spanning from x≈285 to the right edge, box-11 only ~380px wide). The dashed container-1 and container-2 should also span exactly the content width, and their inner boxes (box-1 left, box-2/3/4 flush right; box-14/box-15 flush left) must stay inside without touching the container border. Nothing should be clipped or extend past the page. Keep all existing labels unchanged."
claude_capped,1e523e43-ce38-43ae-b53e-8295649f24ae,3,10,11,"Adjust vertical spacing only (keep all labels and horizontal layout as is). Make container-1 taller: about 160px total height, with its 'container-1' label on its own line at the top-right and the row of box-1 / box-2-3-4 vertically centered below the label (roughly 30px padding above and below). Make container-2 about 110px tall, with the 'container-2' label at the top-right and box-14/box-15 below it, and place box-14 flush to the container's left inner edge with only a small ~10px gap before box-15. Increase the gap between container-1 and the box-5/6/7 row to about 25px, and keep ~30px between the box-5/6/7 row and the box-8/box-11 row. Increase the vertical gaps inside the two-column region slightly so that the bottom of box-10 sits just above container-2 (about 25px gap). The whole page should end up roughly 1080px tall."
claude_capped,1e523e43-ce38-43ae-b53e-8295649f24ae,6,9,10,"Vertical fine-tuning only; keep all labels and horizontal layout.

1) In the left column, reduce heights: box-9 to about 200px tall and box-10 to about 120px tall (box-8 stays 50px). Keep the same ~20px gaps between them.

2) Reduce box-13's height slightly to about 115px (box-12 stays ~95px).

3) Inside container-1, reduce the bottom padding so the box-1 / box-2-3-4 row sits lower: aim for roughly 30px above the row (below the container-1 label) and only ~20px below the row, keeping container-1's total height near 155px.

4) Move container-2 up so its top edge sits about 25px below the bottom of box-10, and make the whole page end at roughly 1080px tall with about 20px of space below container-2."
claude_capped,1e523e43-ce38-43ae-b53e-8295649f24ae,4,11,11,"Two alignment fixes only; keep all labels and vertical structure.

1) Remove the inner horizontal padding of the dashed containers so their child boxes align to the same left/right edges as the rest of the page: box-1's left edge must line up exactly with box-5's and box-8's left edges, box-4's right edge must line up exactly with box-7's and box-12/box-13's right edges, and box-14's left edge must line up with box-8's left edge. (Keep the vertical padding as is, and keep the container-1 / container-2 labels at the top-right corners.)

2) Trim overall page height by about 25px so the layout ends around 1080px tall: slightly reduce the gap between box-13's bottom / box-10's bottom and container-2, and slightly reduce the top gap inside container-1 above the box-1 row."
claude_capped,1e523e43-ce38-43ae-b53e-8295649f24ae,7,9,9,"Two horizontal fixes only; keep all labels and vertical layout.

1) Fix the right-edge overflow: nothing should extend past the content area. Make sure box-4's right edge, box-7's right edge, and box-12/box-13's right edges all land on exactly the same x, about 20px inside the page's right side, and that the dashed borders of container-1 and container-2 are fully visible (not clipped) at that same x.

2) Move the right column slightly left: box-11, box-12 and box-13 should all start at x = 285 (measured from the page's left content edge at box-8/box-5), instead of ~315, and still end at the shared right edge. box-11 stays about 380px wide."
claude_capped,1e523e43-ce38-43ae-b53e-8295649f24ae,5,6,7,"Two small refinements only; keep all labels.

1) Inside container-1, rebalance vertical space: keep the 'container-1' label on its own line at the top-right, then place the box-1 / box-2-3-4 row directly beneath it, and reduce the empty space below that row so the bottom padding is about the same as the space between the label and the row (roughly 20-25px). Container-1's total height stays about 155px, so the row sits lower/more centered than now.

2) Make box-8 narrower than the rest of the left column: about 185px wide (instead of matching box-9/box-10's 230px), still flush with the same left edge. box-9 and box-10 keep their current ~230px width."
claude_capped,1e523e43-ce38-43ae-b53e-8295649f24ae,8,11,11,"Horizontal fixes only; keep all labels and vertical layout. The layout is still overflowing on the right. Set the page/body to exactly 1080px wide with overflow hidden, and define one content area from x=30 to x=1050 (1020px wide). EVERY section must obey it: container-1 and container-2 dashed borders must start at x=30 and their right dashed border must be fully visible at x=1050; box-5/box-6/box-7 must divide the 1020px with ~20px gaps so box-7's right edge is exactly 1050; box-12 and box-13 must end exactly at 1050; box-4's right edge must also be exactly at 1050 (with box-2, box-3 to its left, ~115px each, ~10px gaps). Nothing may be clipped. Also move the right column left: box-11, box-12 and box-13 all start at x=285, and box-11 stays ~380px wide (ending near x=665)."
claude_capped,1e523e43-ce38-43ae-b53e-8295649f24ae,10,3,4,"One vertical fix inside container-1 only; keep all labels and everything else unchanged. The box-1 / box-2-3-4 row sits too high. Keep the 'container-1' label on its own line at the top-right, then increase the space between that label and the row to about 45px, and reduce the padding below the row to about 20px, so the row sits noticeably lower (roughly in the lower half of the container). Container-1's total height stays about 155px, and its top edge stays about 25px below the top of the page."
claude_capped,1e523e43-ce38-43ae-b53e-8295649f24ae,9,5,5,"One horizontal fix only; keep all labels and all vertical layout. The right column is still starting too far right. Shift box-11, box-12 and box-13 so their left edges all sit at x=285 measured from the page's left edge (i.e. 255px to the right of box-8/box-5's left edge at x=30), instead of the current ~315. They must still end at the shared right edge x=1050 for box-12 and box-13, so those boxes get ~30px wider. box-11 keeps its ~380px width, so it now spans roughly x=285 to x=665. Nothing else changes."
claude_capped,1e523e43-ce38-43ae-b53e-8295649f24ae,11,5,6,"Two small vertical tweaks only; keep all labels and horizontal layout.

1) Inside container-1, push the box-1 / box-2-3-4 row down about 20px more: the space between the 'container-1' label line and the row should be roughly 60px, and the padding below the row only ~20px. Container-1's total height stays ~155px with its top edge ~27px from the page top.

2) Shift container-2 down about 20px so its top edge sits ~45px below the bottom of box-10, keeping its ~110px height, so the page ends around 1080px tall with a small (~20px) gap below container-2."
claude_capped,997fa894-8eea-4e7a-96ed-9c648f859b2f,1,17,17,"Build a full-width wireframe page (~1080px wide) with thin bordered boxes, each printing its exact label text as visible content, stacked vertically with small gaps.

1) Top: a dashed-border container labeled ""container-1"" (label text top-right). Inside, one row: a box ""box-1"" on the left (~220px wide, 50px tall), then pushed to the far right three small boxes ""box-2"", ""box-3"", ""box-4"" side by side (~115px each, 50px tall).

2) Below: a row of three equal boxes ""box-5"", ""box-6"", ""box-7"", each ~32% wide and ~250px tall, labels centered.

3) Below: a two-column area. Left column (~235px wide): ""box-8"" (~50px tall), then ""box-9"" (~220px tall), then ""box-10"" (~130px tall). Right column (starts ~285px from left, extends to right edge): ""box-11"" (only ~385px wide, 50px tall, left-aligned), then ""box-12"" (full column width, ~100px tall), then ""box-13"" (full column width, ~125px tall). Labels centered in each.

4) Bottom: a dashed container labeled ""container-2"" (label top-right) containing two small boxes ""box-14"" and ""box-15"" side by side at the left (~115px each, 50px tall)."
claude_capped,997fa894-8eea-4e7a-96ed-9c648f859b2f,2,2,2,"Two refinements:

1) In both dashed containers, put the container label on its own line at the top-right, above the inner boxes, so it no longer overlaps them. Give each container ~12px inner padding. This makes container-1 about 155px tall total (label line + the 50px box row) and container-2 about 110px tall (label line + the 50px box row).

2) Add ~28px padding on the left and right edges of the whole page and ~28px at the top and bottom, so all boxes and containers are inset from the page edges rather than nearly touching them; keep the three-column and two-column widths proportional to the new content width."
claude_capped,fece7f86-131a-423a-8e7b-c48fb0a3c264,1,14,14,"Build a wireframe on a 1080x1080 canvas using absolute positioning inside a relative container; every box is a plain bordered rectangle with its label text centered inside. Left column (labels box-1 through box-8, each ~75px tall): box-1 at left:20,top:113,width:118; box-2 at left:20,top:207,width:152; box-3 at left:20,top:302,width:152; box-4 at left:20,top:396,width:118; box-5 at left:20,top:510,width:118; box-6 at left:20,top:602,width:152; box-7 at left:20,top:697,width:118; box-8 at left:20,top:791,width:135. Right area: box-9 at left:250,top:110,width:300,height:380. box-10 at left:250,top:553,width:553,height:82. box-11 at left:250,top:710,width:363,height:82. box-12 at left:820,top:701,width:220,height:100. box-13 at left:250,top:873,width:395,height:94. box-14 at left:760,top:871,width:280,height:98. Print the exact labels box-1 ... box-14 as shown."
claude_capped,ebd4d164-51d8-40e6-82c7-db7121a8deb1,1,13,13,"Create an HTML page with a 1080x1080 relative-positioned canvas. Add 13 absolutely-positioned bordered rectangles, each printing its exact label text centered inside. Use these positions/sizes (px, from top-left of canvas):
box-1: left 40, top 58, width 360, height 72
box-2: left 44, top 213, width 153, height 72
box-3: left 44, top 303, width 173, height 72
box-4: left 44, top 393, width 133, height 72
box-5: left 44, top 638, width 120, height 72
box-6: left 44, top 728, width 145, height 72
box-7: left 44, top 818, width 120, height 72
box-8: left 289, top 213, width 240, height 72
box-9: left 289, top 302, width 520, height 180
box-10: left 863, top 213, width 155, height 72
box-11: left 863, top 300, width 173, height 290
box-12: left 863, top 760, width 138, height 72
box-13: left 863, top 850, width 120, height 72
Labels must read exactly box-1 through box-13. Use a monospace font, white fill, thin black borders."
claude_capped,556826f4-0e79-4402-95d0-4c3b4b85b94b,1,13,13,"Build an HTML wireframe on a white page (about 1080px wide, 1080px tall) using absolutely positioned bordered rectangles, each printing its exact label text centered inside. Use these positions/sizes (left, top, width, height in px):

box-1: 40, 58, 360, 70
box-2: 44, 214, 152, 70
box-3: 44, 303, 172, 70
box-4: 44, 396, 133, 65
box-5: 44, 640, 120, 68
box-6: 44, 730, 145, 68
box-7: 44, 821, 120, 68
box-8: 290, 214, 238, 70
box-9: 290, 300, 519, 182
box-10: 863, 213, 155, 72
box-11: 863, 299, 174, 290
box-12: 863, 762, 138, 68
box-13: 863, 852, 120, 70

All boxes have a 1px solid black border, monospace label text, and no other content."
claude_no_thinking,8f39071d-89a4-48db-96cc-cc3b28dee4d3,1,15,15,"Build an HTML wireframe page, roughly 1080px wide, all boxes drawn as thin solid-bordered rectangles with their label text centered inside in a monospace font. Containers use dotted borders. Structure top to bottom:

1) A full-width dotted container (container spanning nearly the whole page width, about 145px tall, small padding) containing a left group and a right group on the same row: left group has box-1 (about 110px wide, 60px tall) then box-2 (about 220px wide, 60px tall) side by side with a small gap; right group, pushed to the far right of the container, has box-3 (about 110px wide, 60px tall), box-4 (about 115px wide, 60px tall), box-5 (about 115px wide, 60px tall) side by side with small gaps.

2) Below it, a row (not a dotted container, just layout) with box-6 on the left as a tall narrow box (about 120px wide, 195px tall), and to its right a column containing box-7 (about 300px wide, 65px tall) on top, and under it a row of box-8 (about 120px wide, 60px tall) and box-9 (about 120px wide, 60px tall) side by side.

3) Below that, a row of two dotted containers side by side with a gap, each about 500px wide, left one starting at the left margin. The left dotted container holds, stacked vertically: box-10 (full inner width, 60px tall), box-11 (full inner width, 195px tall), box-12 (full inner width, 140px tall). The right dotted container holds, stacked vertically: box-13 (full inner width, 60px tall), box-14 (full inner width, 240px tall), box-15 (full inner width, 110px tall)."
claude_no_thinking,8f39071d-89a4-48db-96cc-cc3b28dee4d3,2,6,6,"Two structural fixes: (1) In the left dotted container, box-10 should be inset from the container's left edge by about 18px (so it starts slightly right of box-11/box-12's left edge is not needed — instead make box-10 slightly narrower than box-11 and box-12: box-10 about 415px wide, box-11 and box-12 full inner width ~470px). Similarly in the right dotted container, box-13 about 375px wide while box-14 and box-15 stay full inner width. (2) The right dotted container should be slightly taller than the left one — extend it so its bottom edge sits about 40px lower than the left container's bottom edge."
claude_no_thinking,830805a6-e3a6-476f-9010-2455f8fcc18f,2,11,11,"Fix a few structural details: (a) box-10 should be ~415px wide but sit inside the left container starting at the same left inset as box-11 — keep it, it's fine; instead make the left container's contents inset ~15px and box-13 in the right container ~375px wide starting at the same left inset as box-14 (already OK). (b) Most importantly, the vertical spacing: reduce the gap between box-7 and the box-8/box-9 row so box-7's bottom edge is only ~8px above them, and make box-6 span the full height of that group (top aligned with box-7's top, bottom aligned with the bottom of box-8/box-9 plus a little, ~190px total). (c) Remove the 'container-1', 'container-2', 'container-3' label texts from the corners — instead the containers must still show a dashed border, but print no label text (the target shows no container labels). (d) Reduce the top container's height to ~150px and keep the row vertically centered."
claude_capped,87c0f898-a609-49d4-a9da-12ac76567364,1,14,14,"Build an absolutely-positioned wireframe on a 1080x1080 white canvas; every box is a plain bordered rectangle with its label text centered inside, using exactly these labels. Left column of 8 small boxes, left edge x=20: box-1 at y=115, width 120, height 75; box-2 at y=205, width 155, height 75; box-3 at y=300, width 155, height 75; box-4 at y=396, width 120, height 75; box-5 at y=510, width 120, height 75; box-6 at y=601, width 155, height 75; box-7 at y=696, width 120, height 75; box-8 at y=791, width 135, height 75. Right area: box-9 at x=250, y=110, width 300, height 380. box-10 at x=250, y=555, width 555, height 78. box-11 at x=250, y=710, width 363, height 82. box-12 at x=820, y=700, width 220, height 102. box-13 at x=250, y=871, width 395, height 96. box-14 at x=760, y=871, width 280, height 96."
claude_no_thinking,b80c3ad7-ee14-4195-ab47-9832a5707245,1,14,14,"Build a centered vertical wireframe on a white page, all elements horizontally centered in a column about 480px wide, each element a rectangle with a thin border and its label text centered inside in a monospace font.

From top to bottom:
1. box-1: full width (480px), height 70px.
2. box-2: width 340px, height 70px.
3. A row of two boxes side by side, total width 480px, height 75px: box-3 on the left (width 130px) and box-4 on the right (width 340px), with a small gap between them.
4. A row of three boxes side by side, height 68px, centered: box-5 (width 120px), box-6 (width 120px), box-7 (width 120px), small gaps between them.
5. box-8: width 240px, height 70px.
6. container-1: a dashed-border box, width 430px, height about 500px, with its label ""container-1"" printed in the top-right inside it. Inside container-1, stacked vertically and centered, each height 68px with small vertical gaps: box-9 (width 270px), box-10 (width 210px), box-11 (width 250px), box-12 (width 230px), box-13 (width 190px).

Use small vertical gaps (about 8-12px) between the stacked rows."
claude_no_thinking,830805a6-e3a6-476f-9010-2455f8fcc18f,1,15,15,"Build an HTML wireframe page (about 1080px wide, light background, monospace labels, each element outlined with a border and its exact label text centered inside). Structure it as follows, top to bottom:

1) A full-width dashed-border container at the top (roughly 1075px wide, ~150px tall, small margin from page edges). Inside it, on one horizontal row vertically centered: on the left side, a box labeled 'box-1' (~115px wide, 55px tall) followed by a box labeled 'box-2' (~220px wide, 55px tall) with a small gap; then pushed to the right end of the container, three boxes in a row labeled 'box-3' (~115px wide), 'box-4' (~120px wide), 'box-5' (~115px wide), each 55px tall, with small gaps between them.

2) Below that, a section (no outer border) containing a left tall box labeled 'box-6' (~118px wide, ~190px tall) and, to its right, a stacked group: first a box labeled 'box-7' (~300px wide, 62px tall) aligned to the top, then below it a row of two boxes labeled 'box-8' (~120px wide, 60px tall) and 'box-9' (~120px wide, 60px tall) side by side with a small gap. The whole group starts about 30px from the left page edge.

3) Below that, two dashed-border containers side by side, starting about 30px from the left edge:
   - Left container (~500px wide) containing stacked boxes with gaps: 'box-10' (~415px wide, 60px tall), 'box-11' (~475px wide, 200px tall), 'box-12' (~475px wide, 130px tall).
   - Right container (~505px wide) containing stacked boxes: 'box-13' (~375px wide, 60px tall), 'box-14' (~470px wide, 235px tall), 'box-15' (~470px wide, 120px tall).
   The right container extends slightly lower than the left one."
claude_no_thinking,b80c3ad7-ee14-4195-ab47-9832a5707245,2,4,4,"Reduce container-1's height so it ends about 20px below box-13's bottom edge (roughly 420px tall instead of 500px), and add about 60px of top padding inside container-1 so box-9 starts below the 'container-1' label. Also add about 70px of empty space above box-1 at the top of the page."
claude_no_thinking,84fe5362-504c-4b7c-912b-da5a796060b3,1,17,17,"Build an HTML wireframe page, full width, with thin dashed or solid borders on all boxes and each element printing its exact label text inside it. Structure top to bottom:

1) A dashed-border container labeled 'container-1' (label text sits at its top-right corner). Inside it, a horizontal row: a box labeled 'box-1' on the far left (about 20% wide, ~45px tall), then pushed to the far right three small boxes side by side labeled 'box-2', 'box-3', 'box-4' (each about 100px wide, ~45px tall, small gaps between them).

2) Below, a row of three equal-height large boxes (~250px tall) labeled 'box-5', 'box-6', 'box-7', each roughly 31% wide with gaps, spanning the full width; labels centered.

3) Below that, a two-column area. Left column is about 22% wide and contains, stacked vertically: 'box-8' (~50px tall), 'box-9' (~220px tall), 'box-10' (~130px tall). Right column takes the remaining ~76% width and contains, stacked vertically: 'box-11' (~50px tall but only about half the width of that column, left-aligned), 'box-12' (~95px tall, full column width), 'box-13' (~125px tall, full column width). All labels centered in their boxes.

4) At the bottom, a dashed-border container labeled 'container-2' (label at its top-right). Inside it, on the left, two small boxes side by side labeled 'box-14' and 'box-15' (each ~110px wide, ~45px tall)."
claude_no_thinking,e5b7f9fb-005a-4018-adb5-f65b53b6d692,1,14,14,"Build a centered vertical wireframe on a white page, roughly 1080px tall, with all elements horizontally centered in a column about 480px wide starting near the top (about 75px from the top). Every box is a rectangle with a thin 1px solid black border, slightly rounded corners, and its label printed centered inside in a monospace font. Stack these in order with about 8px vertical gaps:
1. box-1: full width 480px, height 70px.
2. box-2: width 335px, height 70px, centered.
3. A row (centered, no gap issues) containing two boxes side by side with a small 8px gap: box-3 width 130px, height 70px, and box-4 width 340px, height 70px.
4. A row of three boxes side by side with 8px gaps, centered: box-5 width 120px, box-6 width 120px, box-7 width 120px, all height 70px.
5. box-8: width 240px, height 70px, centered.
6. container-1: a box with a thin dotted black border, width 430px, height 500px, centered, with its label 'container-1' printed in the top-right corner inside it. Inside container-1, stack these centered boxes with about 8px vertical gaps, starting about 60px below the top of the container: box-9 width 270px height 70px, box-10 width 210px height 70px, box-11 width 250px height 70px, box-12 width 230px height 70px, box-13 width 195px height 70px."
claude_no_thinking,894244e2-85d5-4de2-a36f-1c36abeb838b,1,17,17,"Build an HTML wireframe page, full width, with plain bordered boxes each printing its exact label text inside, centered. Use a page container with about 30px padding. Structure top to bottom:

1) A dashed-border header container labeled 'container-1' (label printed in its top-right corner, small text). Inside it, a row: on the left a bordered box labeled 'box-1' about 220px wide and 50px tall; pushed to the far right, three bordered boxes labeled 'box-2', 'box-3', 'box-4' side by side, each about 115px, 90px, 115px wide and 50px tall with small gaps.

2) A row of three equal-width bordered boxes labeled 'box-5', 'box-6', 'box-7', each roughly one-third of the width with ~18px gaps, each about 250px tall, label centered vertically.

3) A two-column area below: the left column is about 23% wide, the right column fills the rest, with a gap between them.
   - Left column stacked vertically: 'box-8' (about 55px tall), then 'box-9' (about 225px tall), then 'box-10' (about 140px tall), with small vertical gaps.
   - Right column stacked vertically: 'box-11' (about 55px tall but only about half the column width, aligned left), then 'box-12' (full column width, about 95px tall), then 'box-13' (full column width, about 125px tall), with small vertical gaps.

4) A dashed-border footer container labeled 'container-2' (label printed in its top-right corner). Inside it, on the left, two small bordered boxes labeled 'box-14' and 'box-15' side by side, each about 115px wide and 50px tall.

Keep all labels visible as text inside their elements."
claude_no_thinking,894244e2-85d5-4de2-a36f-1c36abeb838b,2,9,9,"Two adjustments: (1) In container-1, make box-1 start at the far left edge of the container's inner padding (no extra left offset) and make it about 220px wide, and make box-2, box-3, box-4 each end flush at the container's right inner edge. (2) In the two-column area, reduce the left column width so box-8, box-9, box-10 are about 235px wide (box-8 slightly narrower, about 185px wide), and make box-10 about 140px tall so its bottom sits above container-2 with a small gap. Keep all labels as they are."
claude_no_thinking,0885af6c-77f7-4e70-9730-4039d24d8bd1,1,13,13,"Build an HTML wireframe on a white page 1080px wide and about 1080px tall, using absolutely positioned divs with 1px solid black borders, each containing its label text centered in a monospace font. Place these boxes at exactly these positions (left, top, width, height in px), with the exact label text shown:
- box-1: left 40, top 58, width 360, height 71
- box-2: left 44, top 214, width 154, height 70
- box-3: left 44, top 304, width 173, height 70
- box-4: left 44, top 394, width 134, height 70
- box-5: left 44, top 639, width 120, height 70
- box-6: left 44, top 729, width 145, height 70
- box-7: left 44, top 819, width 120, height 70
- box-8: left 290, top 214, width 238, height 70
- box-9: left 290, top 300, width 519, height 180
- box-10: left 864, top 214, width 154, height 70
- box-11: left 864, top 300, width 172, height 288
- box-12: left 864, top 760, width 137, height 71
- box-13: left 864, top 851, width 120, height 70"
claude_no_thinking,ea4ab841-00b8-4f61-aaf4-f94df0091f25,1,14,14,"Build an HTML wireframe on a white page (canvas about 1080x1080px) using absolutely positioned divs, each with a thin 1px solid black border, slightly rounded corners, and its label text centered inside in a monospace font. Create exactly these boxes with these labels and positions (left, top, width, height in px):

Left column (stacked, small boxes):
- box-1 at left 20, top 113, width 120, height 78
- box-2 at left 20, top 205, width 153, height 78
- box-3 at left 20, top 300, width 153, height 78
- box-4 at left 20, top 396, width 120, height 76
- box-5 at left 20, top 510, width 120, height 76
- box-6 at left 20, top 600, width 153, height 78
- box-7 at left 20, top 700, width 120, height 68
- box-8 at left 20, top 792, width 136, height 74

Main area:
- box-9 at left 250, top 110, width 300, height 380
- box-10 at left 250, top 555, width 553, height 80
- box-11 at left 250, top 710, width 363, height 82
- box-12 at left 820, top 700, width 220, height 102
- box-13 at left 250, top 872, width 396, height 94
- box-14 at left 760, top 870, width 280, height 98"
claude_no_thinking,16a8e32d-aa93-409b-94c9-bf8d84b86b54,1,13,13,"Create an HTML page with a plain white background using absolutely positioned bordered rectangles (1px solid black), each showing its label text centered in a monospace font. Canvas is 1080x1080px. Place these boxes exactly:
- box-1: left 40px, top 57px, width 360px, height 73px
- box-2: left 44px, top 213px, width 154px, height 71px
- box-3: left 44px, top 303px, width 173px, height 71px
- box-4: left 44px, top 394px, width 133px, height 70px
- box-5: left 43px, top 639px, width 121px, height 70px
- box-6: left 43px, top 729px, width 146px, height 70px
- box-7: left 43px, top 820px, width 122px, height 69px
- box-8: left 289px, top 213px, width 240px, height 71px
- box-9: left 289px, top 303px, width 520px, height 176px
- box-10: left 863px, top 213px, width 155px, height 71px
- box-11: left 863px, top 300px, width 173px, height 288px
- box-12: left 863px, top 761px, width 138px, height 69px
- box-13: left 863px, top 852px, width 120px, height 70px"
claude_no_thinking,7206f47d-86f0-4a4f-9287-2fe96f7146d4,1,14,14,"Build an HTML wireframe on a white 1080x1080 canvas using absolutely positioned divs, each with a thin 1px solid black border, slightly rounded corners, and its label text centered inside in a monospace font (~17px). Place these boxes at exactly these positions (left, top, width, height in px):

Left column (labels box-1 through box-8):
- box-1: left 20, top 113, width 120, height 78
- box-2: left 20, top 204, width 152, height 78
- box-3: left 20, top 299, width 152, height 78
- box-4: left 20, top 395, width 120, height 78
- box-5: left 20, top 509, width 120, height 78
- box-6: left 20, top 600, width 152, height 78
- box-7: left 20, top 696, width 120, height 78
- box-8: left 20, top 790, width 136, height 78

Main area:
- box-9: left 250, top 110, width 300, height 380
- box-10: left 250, top 555, width 553, height 78
- box-11: left 250, top 711, width 363, height 79
- box-12: left 820, top 700, width 220, height 100
- box-13: left 250, top 872, width 396, height 94
- box-14: left 760, top 869, width 279, height 100"
