condition,conversation_id,turn,is_creation,is_removal,is_adjustment,categories,chars,text
human,0f360a73-8457-41ab-9ec8-243dd9799ede,2,0,0,1,Adjustment,79,"Remove the ""box-X"" text from the boxes, as well as the small ""container-1"" text"
human,0f360a73-8457-41ab-9ec8-243dd9799ede,1,1,0,1,Creation+Adjustment,186,"Create container-1 comprised of box-1 through box-4 -> box-1 should be the name of the website ""Tom Fold Deco""; box-2 should be ""Home""; box-3 should be ""Offers"" and box-4 should be ""FAQ"""
human,0f360a73-8457-41ab-9ec8-243dd9799ede,3,0,0,1,Adjustment,88,"Set Home, Offers and Faq apart from tom fold deco, to the other corner of the container."
human,0f360a73-8457-41ab-9ec8-243dd9799ede,6,0,0,1,Adjustment,32,Make the background light green.
human,73147b0a-789a-42e7-a036-a81b12788448,2,1,0,1,Creation+Adjustment,282,"now, for the top section, inside container-1, place one right aligned box called box-1. its width should be 1/4 of the horizontal space. then, place 3 left aligned boxes. each should occupy 1/9 of the horizontal space, and they should be named (left to right) box-2, box-3 and box-4"
human,0f360a73-8457-41ab-9ec8-243dd9799ede,5,0,1,1,Removal+Adjustment,105,"instead of ""Portrait of a man"", change it to ""Portrait of Tom Fold""
remove the little ""container-2"" text."
human,73147b0a-789a-42e7-a036-a81b12788448,1,1,0,1,Creation+Adjustment,426,"we'll divide the page in 3 sections, stacked vertically on top of each other. the top one will have an element called container-1, which will contain boxes. that first section should occupy 1/6 of the vertical space. the bottom section will have an element called container-2, which will also contain boxes. it should occupy 1/7 of the vertical space. the middle section should occupy the remaining space between the other two"
human,73147b0a-789a-42e7-a036-a81b12788448,6,0,0,1,Adjustment,47,make that padding 1% of horizontal size instead
human,73147b0a-789a-42e7-a036-a81b12788448,5,0,0,1,Adjustment,183,"for container-1 and container-2, all the boxes should have some horizontal padding so that they don't touch, give them a padding of 2% of horizontal size to the left and right of them"
human,73147b0a-789a-42e7-a036-a81b12788448,3,0,0,1,Adjustment,166,"sorry, I meant box-1 should be left aligned, and box-2, box-3 and box-4 should be right aligned. also, within container-1, center them vertically within the container"
human,73147b0a-789a-42e7-a036-a81b12788448,4,1,0,1,Creation+Adjustment,216,"now, for the bottom section, inside container-2, place box-14 and box-15. both should be left aligned, and each should occupy 1/9 of the horizontal space.  and center them vertically too like you did with container-1"
human,0f360a73-8457-41ab-9ec8-243dd9799ede,4,1,0,1,Creation+Adjustment,801,"box-5, box-6, and box-7 should be pictures of mid-century room decorations -> right below those pictures put text that says ""New Offer!"" in each of them.

box-11 should say ""Welcome to Tom Fold Deco""
box-8 should say ""Best Selling Offers""
box-9 should include a picture of a mid-century room decoration, different from the ones in boxes 5 through 7.
box-10 should include another picture of a mid-century room decoration, different from the other ones.
box-12 should include sample text in Latin, smaller than the one from box-11.
box-13 should also include a different sample text in Latin, with a picture of a man right next to the text - right below it should say ""Tom Fold, CEO""

container-2 should be comprised of box-14 and box-15.
both box-14 and box-15 should have sponsored logos in each box."
human,73147b0a-789a-42e7-a036-a81b12788448,9,1,0,1,Creation+Adjustment,402,"align the box-5, box-6 and box-7 texts vertically within their boxes. also, give the boxes some vertical padding since we're gonna place more boxes below. the vertical padding above and below should be 1% of page height. also, below them, place 2 left aligned boxes, box-8 and box-11 . both should occupy 1/7 of the middle container's height. box-8 should occupy 1/5 of horizontal space, and box-11 2/5"
human,73147b0a-789a-42e7-a036-a81b12788448,10,0,0,1,Adjustment,29,give box-8 a 3% right padding
human,73147b0a-789a-42e7-a036-a81b12788448,8,1,0,0,Creation,245,"now for the middle part of the webpage, add box-5, box-6 and box-7. they should occupy 2/5 of the vertical space of that middle part. horizontally, each should try to occupy 1/3 of the horizontal space, but give them some horzontal padding, 0.7%"
human,73147b0a-789a-42e7-a036-a81b12788448,7,0,0,1,Adjustment,20,make it 0.5% instead
human,349d1c8c-f2d8-4b20-8c0b-92edb2c85e46,2,1,0,0,Creation,350,"in the top section, which I'll call s0, add a box with the text box-1 in it. the text should be centered within the box, both vertically and horizontally. the box should be aligned to the left, and it should have a small padding in all directions. make that padding about 5% of the section height. box-1 's width should be 2/5 of the horizontal space"
human,349d1c8c-f2d8-4b20-8c0b-92edb2c85e46,4,0,0,1,Adjustment,197,something is wrong with box-2 and box-8. box-2's width should be 1/7 of the page width. box-8's width should be 1/5 of the page width. that width should remain the same after adding box-2's padding
human,349d1c8c-f2d8-4b20-8c0b-92edb2c85e46,1,1,0,0,Creation,163,"divide the page into 11 sections. they should be stacked vertically, one on top of the other. to visualize the vertical sections, add a thin light gray dotted line"
human,349d1c8c-f2d8-4b20-8c0b-92edb2c85e46,3,0,0,1,Adjustment,315,"in s2, place box-2 and box-8. align them to the left. the right padding of box-2 should be 8% of the page width. aligned to the right, in that same section 2, place box-10. box-2's width should be 1/7 of the page width.  box-10's width should be 1/7 of the page width.  box-8's width should be 1/5 of the page width"
human,349d1c8c-f2d8-4b20-8c0b-92edb2c85e46,6,1,0,1,Creation+Adjustment,146,"in s3, place box-3. left aligned. it's width should be 1/6.5 of page width, and it should have a right padding of 10% of page width, same as box-2"
human,349d1c8c-f2d8-4b20-8c0b-92edb2c85e46,7,1,0,1,Creation+Adjustment,144,"in s4, place box-4. left aligned. it's width should be 1/7 of page width, and it should have a right padding of 10% of page width, same as box-2"
human,349d1c8c-f2d8-4b20-8c0b-92edb2c85e46,5,0,0,1,Adjustment,58,the right padding of box-2 should be 10% of the page width
human,349d1c8c-f2d8-4b20-8c0b-92edb2c85e46,8,0,0,1,Adjustment,46,make box-4's width 1/7.5 of page width instead
human,349d1c8c-f2d8-4b20-8c0b-92edb2c85e46,9,1,0,1,Creation+Adjustment,105,"place box-11 . it should have the same width as box-10, plus 1% of page width. box-11 spans from s3 to s5"
human,349d1c8c-f2d8-4b20-8c0b-92edb2c85e46,10,0,0,1,Adjustment,47,give box-10 a right padding of 1% of page width
human,349d1c8c-f2d8-4b20-8c0b-92edb2c85e46,11,1,0,1,Creation+Adjustment,193,"in s6, place box-5. left aligned. it occupies 1/8 of page width. in s7, place box-6, left aligned. it occupies 1/7 of page width. in s8, place box-7, left aligned. it occupies 1/8 of page width"
human,349d1c8c-f2d8-4b20-8c0b-92edb2c85e46,12,1,0,0,Creation,144,"between s7 and s8, place box-12. right aligned. 1/7 of page width. it has the same height as box-5, it's just that it's right between 2 sections"
human,349d1c8c-f2d8-4b20-8c0b-92edb2c85e46,13,0,0,1,Adjustment,16,undo the changes
human,349d1c8c-f2d8-4b20-8c0b-92edb2c85e46,14,0,0,1,Adjustment,95,"place box-9. it spans s3 and s4. it should be center aligned, and it occupies 3/5 of page width"
human,349d1c8c-f2d8-4b20-8c0b-92edb2c85e46,15,0,0,1,Adjustment,43,make box-9 occupy 1/2 of page width instead
human,9b70bcc9-8a89-4340-b6cd-375b46b9e921,1,1,0,0,Creation,378,"creaye a page with two main sections stacked vertically, container 1 should be at the top, container 2 aat the bottom.  for container one, let the top row have box 1 to box 4 siide by side, let middle row have box 5 to 7  , then bottom row should have box 8-10 at the  left column, the box 11-13 at the right section. for the container  2, place box 14 and 15 at the bottom left"
human,349d1c8c-f2d8-4b20-8c0b-92edb2c85e46,16,0,0,1,Adjustment,45,add 1% of page width to box-3's right padding
human,349d1c8c-f2d8-4b20-8c0b-92edb2c85e46,17,0,1,0,Removal,40,remove the thin light gray section lines
human,9b70bcc9-8a89-4340-b6cd-375b46b9e921,2,0,0,1,Adjustment,83,"let box 1 be on the  left, while box 2,3, should be group together on the far right"
human,9b70bcc9-8a89-4340-b6cd-375b46b9e921,3,0,0,1,Adjustment,53,"let box 8 be small, sitting on th top of a tall box 9"
human,197cbc77-f961-4a07-b9bb-18f169246340,1,1,1,1,Creation+Removal+Adjustment,275,"i want to build a layout of 13 boxes. Let the top be a full width box i. middle should have box 2 to 4 at the left vertical stack. Center top should have box 8, center bottom box 9. bottom left should have box 5-7. then the right vertical stack should have box 12 and box 13."
human,197cbc77-f961-4a07-b9bb-18f169246340,4,0,0,1,Adjustment,59,i said you should reduce box 1 to a rectangle of width 5 cm
human,197cbc77-f961-4a07-b9bb-18f169246340,3,0,0,1,Adjustment,100,"give them some spaces, they look clustered and box one is like dividing the middle of box 9 into two"
human,197cbc77-f961-4a07-b9bb-18f169246340,2,0,0,1,Adjustment,431,"good job but there are ome adjustment needed, change the  top box to box 1 not box i. Then the sizes of the boxes are as follows box 2,4,10,5,7,13 are the smalles with sides like 2cm long, then box 6, 12,3 are like 0.5cm longer, the box 8 is like 3cm long. box 1 is  4.5cm, box 11 is a box with width of like 1.5cm and height of  5cm, box 9 is a rectangle with height of like 2cm and width of like 8cm or so. now adjust their sizes"
human,56779a53-9e47-4f75-a7a3-19c25617191f,2,0,0,1,Adjustment,259,"Lets make some changes and try again. Flip boxes 1, 2, 3, 4, 5, 6, 7, 8, 9 so that they are wider than they are tall. Use the same scales that I provided. Box 10 and box 13 should be about half the height as what is shown here, and should not be quite as wide"
human,56779a53-9e47-4f75-a7a3-19c25617191f,1,1,0,0,Creation,2162,"Start with a long rectangle that is the width of the page and goes down a few spaces. It's outline is a broken line, as if it is a period followed by a space followed by a period etc etc. Inside the rectangle, on the left hand side is a smaller rectangle labelled ""box-1"". This rectangle is a solid line and it's scale (width to height) is rougly1/3. Next is another rectangle directly beside the ""box-1"" rectangle. It is labelled ""box-2) and looks identical to ""box-1"" except it is about a 1/4 scale. Now lets start on the right side of the long rectangle(the broken lined one). There are three identical rectangles, side by side. They are the same size as the ""box-1"" rectangle. From the right, they are labelled ""box-5"" then ""box-4"" then ""box-3"". This means that there is a fair amount of space in the middle of the broken line rectangle where there is nothing, just empty space. Now we move below the broken line rectangle. On the far left side of the page we will have a solid lined rectangle that is the same width as ""box-1"" rectangle, but it is three times as tall. This rectangle is lined up directly below ""box-1"" rectangle, but is outside the broken line rectangle. Next is ""box-7"" rectangle, which is beside ""box-6"" and lined up below ""box-2"". It is the same shape as ""box-2"" except it is a little bit longer. Maybe a 1/5 scale. Directly below ""box-7"" is ""box -8"" and ""box-9"". They are the same size as ""box-1"", they are below ""box-7"" and to the right of ""box-6"". Now we move into another broken lined rectangle below those boxes. It is a  bit taller than it is wide, and it takes up half of the page. Inside it are three solid rectangles labelled ""box-10"" ""box-11"" and ""box-12"". They are all stacked on top of each other and take up most of the broken rectangle. Box 10 is as tall as ""box-1"" but is longer than box-7. Probably a 1-7 scale. Box-11 is more like a 3/7 scale and box 12 is a 2/7 scale. Lastly is another broken rectangle, similar to the last, but on the right side of the page and slightly taller than the first (barely). It has ""box-13"" ""box-14"" and ""box-15. They are the exact same scales as boxes 10, 11 and 12, just slightly larger."
human,006de8ef-543e-4d99-9f93-7b17c5fc65b1,1,1,0,0,Creation,980,"Start with a solid line rectangle at the top of the page. 1/5 scale meaning 1 unit tall and 5 units wide. Label it ""box-1"". Below it do the same thing except label it ""box-2"" and make it a 1/4 scale. Both of these are centered in the page. Next line consists of two rectangles. ""box-3"" is a 1/2 scale and is beside ""box-4"" which is a 1/4 scale. These two are side by side and are centered to the page as one. Next line is three identical boxes that are side by side and are each a 1/2 scale. they are labelled in order ""box-5"" ""box -6"" and ""box'7. They are all centered as one. Next line is a 1/4 scale box labelled ""box-8"". Then there is a broken lined rectangle that is taller than it is wide and it takes up the bottom half of the page. inside it are 5 solid lined rectangle boxes. the first is ""box-9"" (1/4 scale), ""box 10"" (slightly smaller), ""box 11"" (slightly bigger than 10, tiny smaller than 9), Box-12 (smaller than 11 but bigger than 10) and ""box-13"" (the smallest one)"
human,006de8ef-543e-4d99-9f93-7b17c5fc65b1,2,1,0,1,Creation+Adjustment,213,"Lets make the broken line rectangle a little bit shorter and a little bit more wide. Then double the width of each box within it. Now add ""container - 1"" to the upper right hand corner of the broken line rectangle"
human,006de8ef-543e-4d99-9f93-7b17c5fc65b1,3,0,0,1,Adjustment,137,"Now use a darker, font that has a small amount of ""boldness"" to it. slightly round the edges of each box, except for the broken lined one"
human,006de8ef-543e-4d99-9f93-7b17c5fc65b1,5,0,0,1,Adjustment,34,box -4 should be triple that width
human,8fff1640-59c4-479e-bbc4-d20901858c1e,1,1,0,0,Creation,433,"Create a retro-style webpage layout starting with box-1 and box-2 stacked vertically at the top. Below them, place box-3 on the left and box-4 on the right side by side. Underneath that row, place three boxes side by side: box-5, box-6, and box-7. Below this, place box-8 as a single full-width block. Finally, include a dashed container labeled container-1 that contains a vertical stack of box-9, box-10, box-11, box-12, and box-13"
human,8fff1640-59c4-479e-bbc4-d20901858c1e,2,1,0,1,Creation+Adjustment,419,"Modify the layout so that box-1 and box-2 are stacked vertically at the very top. Below them, place box-3 on the left and box-4 on the right side by side. Underneath that row, place three boxes side by side: box-5, box-6, and box-7. Below this, place box-8 as a single full-width block. Finally, include a dashed container labeled container-1 that encloses a vertical stack of box-9, box-10, box-11, box-12, and box-13."
human,006de8ef-543e-4d99-9f93-7b17c5fc65b1,4,0,0,1,Adjustment,42,box -8 and box-9 should be wider than that
human,8fff1640-59c4-479e-bbc4-d20901858c1e,4,1,0,0,Creation,442,"Add box-1 at the very top as a centered header block, and place box-2 horizontally centered right below it. Below box-2, place box-3 on the left and box-4 on the right side by side. Underneath that row, place three boxes side by side: box-5, box-6, and box-7. Below this, place box-8 as a single full-width block. Finally, include a dashed container labeled container-1 enclosing a vertical stack of box-9, box-10, box-11, box-12, and box-13."
human,8fff1640-59c4-479e-bbc4-d20901858c1e,3,1,0,1,Creation+Adjustment,448,"Place box-1 at the very top as a full-width block, and place box-2 directly below it as another full-width block. Below box-2, place box-3 on the left and box-4 on the right side by side. Underneath that row, place three boxes side by side: box-5, box-6, and box-7. Below this, place box-8 as a single full-width block. Finally, include a dashed container labeled container-1 enclosing a vertical stack of box-9, box-10, box-11, box-12, and box-13."
human,8fff1640-59c4-479e-bbc4-d20901858c1e,5,1,0,0,Creation,402,"Add box-1 as the topmost element, and place box-2 directly below it. Below box-2, place box-3 on the left and box-4 on the right side by side. Underneath that row, place three boxes side by side: box-5, box-6, and box-7. Below this, place box-8 as a single full-width block. Finally, include a dashed container labeled container-1 enclosing a vertical stack of box-9, box-10, box-11, box-12, and box-13"
human,dcdb3567-968f-422d-99e9-0c0e45cd76c6,1,1,0,1,Creation+Adjustment,340,"Create a two-column layout: on the left side, stack a vertical column of boxes from box-1 through box-8 sequentially. On the right side, place a large box-9 near the top, followed underneath by a horizontal wide box-10, then two side-by-side boxes box-11 (left) and box-12 (right), and finally box-13 (left) and box-14 (right) at the bottom"
human,8e2815ad-d4ee-40ee-9769-c238307a61f5,1,0,0,1,Adjustment,132,"make one section with everything on the same line : box-1 and box-2 on the left side then box-3 , box-4 and box-5 on the right side."
human,8fff1640-59c4-479e-bbc4-d20901858c1e,6,1,0,1,Creation+Adjustment,463,"Create a layout where box-1 is a full-width header block at the very top, and box-2 is a full-width block directly underneath it. Below box-2, place box-3 on the left and box-4 on the right side by side. Underneath that row, place three boxes side by side: box-5, box-6, and box-7. Below this, place box-8 as a single full-width block. Finally, include a dashed container labeled container-1 enclosing a vertical stack of box-9, box-10, box-11, box-12, and box-13"
human,8e2815ad-d4ee-40ee-9769-c238307a61f5,2,1,0,1,Creation+Adjustment,285,"great, the border surrounding the section should be dashed and only have a border-top and a border-bottom.
Then create an other section below with box-6 then at the right of box-6 on the same column box-7 then box-8 and box-9 below it on the same line. This new section have no border."
human,8e2815ad-d4ee-40ee-9769-c238307a61f5,3,1,0,0,Creation,225,"ok below our sections we have two section on the same line :
box-10 and box-11 and box-12 in the section on the left. 
box-13 and box-14 and box-15 in the section on the right. 
Both of these new sections have a dashed border"
human,8e2815ad-d4ee-40ee-9769-c238307a61f5,4,0,0,1,Adjustment,117,"ok not bad but the boxes on the two sections on the bottom shouldn't be on the same line, each box go to the next row"
human,8e2815ad-d4ee-40ee-9769-c238307a61f5,5,0,0,1,Adjustment,142,"good job. Now some little adjustments :
the two section on the bottom should have a little padding-top. Same for the first section on the top."
human,8e2815ad-d4ee-40ee-9769-c238307a61f5,6,0,0,1,Adjustment,41,"good, double the size of this new padding"
human,8e2815ad-d4ee-40ee-9769-c238307a61f5,8,0,0,1,Adjustment,192,box-11 should be three times the height of box-10 ; box-14 should be four times the height of box-10 ; box-12 should be twice the height of box-10 ; box-15 should be twice the height of box-10
human,8e2815ad-d4ee-40ee-9769-c238307a61f5,9,0,0,1,Adjustment,70,the text in every boxes should be centered vertically and horizontally
human,8e2815ad-d4ee-40ee-9769-c238307a61f5,10,0,0,1,Adjustment,59,box-10 take 95% of the width : box-13 take 90% of the width
human,8e2815ad-d4ee-40ee-9769-c238307a61f5,7,0,0,1,Adjustment,90,"ok now box-6 must be taller, it must extend beyond box-8 by about half the height of box-8"
human,1d86f581-198a-4704-bee4-335958b8bcec,1,1,0,1,Creation+Adjustment,458,"our layout is made by two big column that we are gonna call columnA and column B. Put every boxes from box-1 to box-8 in columnA, each box has his own row. columnA take 10% of the width there is a 5% gap between column A and columnB ; columnB take all the remaining space. 
first row of columnB : box-9
second row of columnB : box-10
third row of columnB : box-11 and box-12 with a space-between
fourth row of columnB : box-13 and box-14 with a space-between"
human,1d86f581-198a-4704-bee4-335958b8bcec,2,0,0,1,Adjustment,55,align the text horizontally and vertically in all boxes
human,1d86f581-198a-4704-bee4-335958b8bcec,3,0,0,1,Adjustment,67,box-9 take 30% of the width and  is four times the height of box-10
human,1d86f581-198a-4704-bee4-335958b8bcec,5,0,0,1,Adjustment,58,"decrease the width of box-1, box-4, box-5 and box-7 by 15%"
human,1d86f581-198a-4704-bee4-335958b8bcec,6,0,0,1,Adjustment,43,increase height of box-13 and box-14 by 33%
human,1d86f581-198a-4704-bee4-335958b8bcec,7,0,0,1,Adjustment,65,increase height of box-12 by 33%; increase height of box-9 by 33%
human,1d86f581-198a-4704-bee4-335958b8bcec,4,0,0,1,Adjustment,151,box-10 take 60% of the width ; box-11 take 40% of the width; box-12 take 20% of the width : box-13 take 45% of the width ; box-14 take 25% of the width
human,1d86f581-198a-4704-bee4-335958b8bcec,8,0,0,1,Adjustment,77,"increase the gap between all rows of columnB, this gap = the height of box-12"
human,1d86f581-198a-4704-bee4-335958b8bcec,10,0,0,1,Adjustment,40,add a little gap between box-4 and box-5
human,1d86f581-198a-4704-bee4-335958b8bcec,9,0,0,1,Adjustment,38,decrease the gap you just added by 25%
claude_uncapped,93effc78-7ce1-4f5f-9c9a-9711295ad655,1,1,0,0,Creation,1339,"Build an HTML wireframe page (plain boxes with visible borders, each box printing its label text as centered content). Overall page width ~1080px with ~30px side margins.

1) Top header container (dotted border, full width, ~155px tall): inside it a left group with two boxes side by side — 'box-1' (~110px wide) and 'box-2' (~220px wide), both ~60px tall, vertically centered — and a right group aligned to the right edge with three boxes side by side: 'box-3' (~115px), 'box-4' (~120px), 'box-5' (~115px), all ~60px tall.

2) Below the header, a row: a tall box 'box-6' (~120px wide, ~195px tall) on the left; to its right a column containing 'box-7' (~300px wide, ~60px tall) on top, and below it a row of two boxes 'box-8' (~120px wide) and 'box-9' (~120px wide), each ~60px tall. This whole group only occupies the left half of the page; the right half is empty.

3) Below that, two dotted containers side by side, each ~48% of the page width, with a gap between them. Left container holds three stacked boxes, each nearly full container width: 'box-10' (~65px tall), 'box-11' (~195px tall), 'box-12' (~130px tall). Right container holds three stacked boxes: 'box-13' (~65px tall), 'box-14' (~240px tall), 'box-15' (~110px tall). The right container is slightly taller and shifted down slightly at the bottom compared to the left one."
claude_uncapped,93effc78-7ce1-4f5f-9c9a-9711295ad655,2,0,0,1,Adjustment,573,"Two spacing fixes: (a) reduce the gap between 'box-8' and 'box-9' to about 8px so they sit nearly touching, and make each ~120px wide so together with the gap they span the same width as 'box-7' above them (~300px, left edges aligned with box-7's left edge); (b) reduce the inner horizontal padding of the top dotted header container and of the two lower dotted containers to about 15px, so 'box-1' starts near the container's left edge and 'box-5' ends near its right edge, and 'box-10'/'box-11'/'box-12' and 'box-13'/'box-14'/'box-15' nearly fill their containers' width."
claude_uncapped,93effc78-7ce1-4f5f-9c9a-9711295ad655,4,0,0,1,Adjustment,463,"Inside the two lower dotted containers, make the first box of each column narrower than the ones below it: 'box-10' should be about 80% of the container's inner width (left-aligned, so its right edge stops noticeably short of 'box-11'/'box-12' right edges), and likewise 'box-13' should be about 78% of its container's inner width, left-aligned, stopping short of 'box-14'/'box-15' right edges. Keep box-11, box-12, box-14, box-15 at full inner width as they are."
claude_uncapped,93effc78-7ce1-4f5f-9c9a-9711295ad655,3,0,0,1,Adjustment,455,"Two structural fixes: (a) make 'box-8' and 'box-9' each exactly ~120px wide with only ~8px gap between them, left edge of 'box-8' aligned with 'box-7' left edge — so the pair together spans only ~250px and ends well short of box-7's right edge; (b) make the top dotted header container span the full page width edge-to-edge (remove its left/right page margins) while keeping the lower two dotted containers inset ~30px from the page edges as they are now."
gemini,6d043a7e-609f-4939-b86f-e87024ca5d15,1,1,0,0,Creation,241,"Create a top navigation bar (container-1) spanning the full width with a dashed border. Inside it, place a left group containing box-1 and box-2, and a right group containing box-3, box-4, and box-5. All boxes should be horizontally aligned."
claude_uncapped,93effc78-7ce1-4f5f-9c9a-9711295ad655,7,0,0,1,Adjustment,250,"One width fix: make 'box-10' about 90% of its container's inner width (left-aligned), so its right edge stops only slightly short of 'box-11'/'box-12' right edges instead of far short. Keep 'box-13' at ~78% as is, and leave everything else unchanged."
claude_uncapped,93effc78-7ce1-4f5f-9c9a-9711295ad655,6,0,0,1,Adjustment,281,"Small padding fix in the top dotted header container only: increase its inner left/right padding to about 30px, so 'box-1' left edge starts ~30px in from the container's left edge and 'box-5' right edge ends ~30px in from the container's right edge. Keep everything else unchanged."
claude_uncapped,93effc78-7ce1-4f5f-9c9a-9711295ad655,5,0,0,1,Adjustment,391,"Vertical spacing polish: add ~30px padding at the top of the page (so the dotted header container starts ~30px down instead of at the very top edge), make the header container ~175px tall, add ~30px vertical gap between the header container and the 'box-6'/'box-7'/'box-8'/'box-9' row, and ~25px gap between that row and the two lower dotted containers. Keep all widths and labels unchanged."
gemini,6d043a7e-609f-4939-b86f-e87024ca5d15,2,1,0,0,Creation,227,"Below the navigation bar, create a layout section. On the left, add a vertical box labeled box-6. To the right of box-6, add a column containing box-7 at the top, and a row underneath it containing box-8 and box-9 side-by-side."
gemini,6d043a7e-609f-4939-b86f-e87024ca5d15,4,0,0,1,Adjustment,387,"Remove the labels 'container-1', 'container-2', and 'container-3'. In the left dashed container, make box-11 taller than box-10 and box-12. In the right dashed container, make box-14 significantly taller than box-13 and box-15. Ensure box-13 is slightly narrower than the boxes below it. Increase the overall size and padding of all elements to match the proportions in the target image."
gemini,6d043a7e-609f-4939-b86f-e87024ca5d15,3,1,0,1,Creation+Adjustment,388,"Adjust the layout of the second section: box-7, box-8, and box-9 should be much narrower and aligned to the left next to box-6, rather than stretching to the full width. Below this section, create two large side-by-side containers with dashed borders. In the left container, stack box-10, box-11, and box-12 vertically. In the right container, stack box-13, box-14, and box-15 vertically."
gemini,6d043a7e-609f-4939-b86f-e87024ca5d15,5,0,0,1,Adjustment,359,"Adjust the proportions of the bottom sections: in the left dashed container, box-11 and box-12 should be the same width as box-10. In the right dashed container, box-14 and box-15 should be the same width, while box-13 remains slightly shorter in width and aligned to the left. Increase the height of box-11 and box-14 further to match the target proportions."
qwen,3f0ea8e2-ce33-4027-9c5f-540450a5fdb8,1,1,0,0,Creation,89,"Create a top row with five boxes labeled 'box-1', 'box-2', 'box-3', 'box-4', and 'box-5'."
qwen,3f0ea8e2-ce33-4027-9c5f-540450a5fdb8,2,1,0,0,Creation,72,"Add a second row with three boxes labeled 'box-6', 'box-7', and 'box-8'."
qwen,3f0ea8e2-ce33-4027-9c5f-540450a5fdb8,3,1,0,0,Creation,24,Add box-9 next to box-8.
qwen,3f0ea8e2-ce33-4027-9c5f-540450a5fdb8,4,0,0,1,Adjustment,115,"Move box-6 to the left side of the second row, and adjust box-7 and box-8 to be aligned horizontally next to box-6."
qwen,3f0ea8e2-ce33-4027-9c5f-540450a5fdb8,5,1,0,0,Creation,125,"Create a new section below the second row containing three vertically stacked boxes labeled 'box-10', 'box-11', and 'box-12'."
qwen,3f0ea8e2-ce33-4027-9c5f-540450a5fdb8,6,1,0,0,Creation,141,"Create a new section to the right of the existing section containing three vertically stacked boxes labeled 'box-13', 'box-14', and 'box-15'."
qwen,3f0ea8e2-ce33-4027-9c5f-540450a5fdb8,7,0,0,1,Adjustment,137,"Adjust the layout so that 'box-6' is positioned to the left of 'box-7', and 'box-8' and 'box-9' are aligned horizontally next to 'box-7'."
qwen,3f0ea8e2-ce33-4027-9c5f-540450a5fdb8,9,0,0,1,Adjustment,124,"Adjust the layout so that 'box-3', 'box-4', and 'box-5' are aligned horizontally next to 'box-1' and 'box-2' in the top row."
qwen,3f0ea8e2-ce33-4027-9c5f-540450a5fdb8,8,1,0,0,Creation,155,"Wrap 'box-10', 'box-11', and 'box-12' in a container labeled 'container-1', and wrap 'box-13', 'box-14', and 'box-15' in a container labeled 'container-2'."
qwen,3f0ea8e2-ce33-4027-9c5f-540450a5fdb8,11,0,0,1,Adjustment,137,"Adjust the layout so that 'box-6' is positioned to the left of 'box-7', and 'box-8' and 'box-9' are aligned horizontally next to 'box-7'."
claude_uncapped,700da661-abfe-4a29-af79-d357705a5a52,1,1,0,0,Creation,1453,"Build a full-width HTML wireframe page (about 1080px wide, plain boxes with thin borders, monospace labels centered). Structure top to bottom:

1) A dashed-border header container spanning the full page width (about 195px tall), with inner content vertically centered. Inside it, on the left: a box labeled 'box-1' (~115px wide, 60px tall) followed immediately by a box labeled 'box-2' (~220px wide, 60px tall). On the right side of the same container, right-aligned: three boxes in a row labeled 'box-3' (~115px wide), 'box-4' (~120px wide), 'box-5' (~115px wide), all 60px tall, with small gaps.

2) Below the header, a section starting at the left margin (~30px): a tall box labeled 'box-6' (~120px wide, 195px tall) on the left. To its right, stacked vertically: a box labeled 'box-7' (~300px wide, 65px tall), and beneath it a row of two boxes labeled 'box-8' (~120px wide, 60px tall) and 'box-9' (~120px wide, 60px tall).

3) Below that, two dashed-border containers side by side. The left dashed container starts at the left margin and is ~500px wide, containing stacked boxes: 'box-10' (~415px wide, 60px tall), 'box-11' (~475px wide, 190px tall), 'box-12' (~475px wide, 130px tall). The right dashed container is ~505px wide, positioned starting around x=545px, containing stacked boxes: 'box-13' (~375px wide, 60px tall), 'box-14' (~475px wide, 235px tall), 'box-15' (~475px wide, 115px tall). Each box shows its label text as visible content."
qwen,3f0ea8e2-ce33-4027-9c5f-540450a5fdb8,10,0,0,1,Adjustment,137,"Adjust the layout so that 'box-6' is positioned to the left of 'box-7', and 'box-8' and 'box-9' are aligned horizontally next to 'box-7'."
claude_uncapped,700da661-abfe-4a29-af79-d357705a5a52,3,0,0,1,Adjustment,509,"Constrain the overall page: set a fixed 1080px-wide content area with no horizontal scaling, and use these exact horizontal positions/sizes: the dashed header container spans from x=0 to x=1080 (full width); the 'box-6' section and the left dashed container both start at x=30; the left dashed container is 500px wide (so it ends near x=530); the right dashed container starts at x=545 and is 505px wide (ending near x=1050). Also reduce the header height slightly to ~180px and keep 'box-1' starting at x=30."
claude_uncapped,700da661-abfe-4a29-af79-d357705a5a52,2,0,0,1,Adjustment,585,"Fix inner alignment and left margins: (a) inside the left dashed container, make 'box-10' left-aligned flush with the left edges of 'box-11' and 'box-12' (all three share the same left inset of about 15px inside the container); (b) inside the right dashed container, likewise make 'box-13' left-aligned flush with the left edges of 'box-14' and 'box-15'; (c) move the 'box-6' / 'box-7' / 'box-8' / 'box-9' section so 'box-6' starts at the same left margin (~30px) as the left dashed container below it; (d) add a small gap (~8px) between 'box-1' and 'box-2' so they are separate boxes."
claude_uncapped,700da661-abfe-4a29-af79-d357705a5a52,4,0,0,1,Adjustment,486,"Increase the top inner padding of both dashed containers (the left one holding box-10/box-11/box-12 and the right one holding box-13/box-14/box-15) to about 75px, so the first box inside each ('box-10' and 'box-13') starts roughly 75px below the container's top dashed edge, while keeping the bottom padding at about 20px. Do not change the box widths, heights, or left alignment — the containers should simply grow taller (left container ending near y=955, right container near y=990)."
gemini,b23be108-9a2c-4f08-bf97-4adbf4fcf2b4,1,1,0,0,Creation,587,"Create a top navigation bar (container-1) spanning the full width with a dashed border. Inside it, place a left group containing box-1 and box-2, and a right group containing box-3, box-4, and box-5. Below this, create a section with a vertical box-6 on the left, and to its right, a column containing box-7 at the top and a row with box-8 and box-9 below it. Finally, add two large side-by-side containers (container-2 and container-3) with dashed borders. Inside container-2, stack box-10, box-11, and box-12 vertically. Inside container-3, stack box-13, box-14, and box-15 vertically."
gemini,b23be108-9a2c-4f08-bf97-4adbf4fcf2b4,2,0,1,1,Removal+Adjustment,387,"Adjust the layout of the second row: make box-6 taller and narrower, and make box-7, box-8, and box-9 significantly shorter in width so they don't span the whole page. In the bottom section, increase the height of box-11, box-12, box-14, and box-15 to match the target proportions, and remove the labels 'container-1', 'container-2', and 'container-3' while keeping their dashed borders."
qwen,07ae234a-2180-4345-a66d-ae327009ba1c,1,1,0,0,Creation,89,"Create a top row with five boxes labeled 'box-1', 'box-2', 'box-3', 'box-4', and 'box-5'."
qwen,07ae234a-2180-4345-a66d-ae327009ba1c,2,1,0,0,Creation,75,"Create a second row with three boxes labeled 'box-6', 'box-7', and 'box-8'."
gemini,b23be108-9a2c-4f08-bf97-4adbf4fcf2b4,3,0,0,1,Adjustment,240,"Increase the font size of all labels (box-1 through box-15) and center them within their respective boxes. Specifically, for box-11 and box-14, ensure they are much taller than the boxes above and below them to match the target proportions."
qwen,07ae234a-2180-4345-a66d-ae327009ba1c,3,1,0,0,Creation,60,Add a box labeled 'box-9' next to 'box-8' in the second row.
qwen,07ae234a-2180-4345-a66d-ae327009ba1c,5,1,0,0,Creation,125,"Create a new section below the second row containing three vertically stacked boxes labeled 'box-10', 'box-11', and 'box-12'."
qwen,07ae234a-2180-4345-a66d-ae327009ba1c,6,1,0,0,Creation,141,"Create a new section to the right of the existing section containing three vertically stacked boxes labeled 'box-13', 'box-14', and 'box-15'."
qwen,07ae234a-2180-4345-a66d-ae327009ba1c,7,0,0,1,Adjustment,133,"Adjust the layout so that 'box-6' is positioned to the left of 'box-7', 'box-8', and 'box-9', ensuring they are aligned horizontally."
qwen,07ae234a-2180-4345-a66d-ae327009ba1c,4,0,0,1,Adjustment,128,"Move 'box-6' to the left side of the second row, and adjust 'box-7', 'box-8', and 'box-9' to be aligned horizontally next to it."
qwen,07ae234a-2180-4345-a66d-ae327009ba1c,9,0,0,1,Adjustment,133,"Adjust the layout so that 'box-6' is positioned to the left of 'box-7', 'box-8', and 'box-9', ensuring they are aligned horizontally."
qwen,07ae234a-2180-4345-a66d-ae327009ba1c,8,1,0,0,Creation,75,"Wrap 'box-10', 'box-11', and 'box-12' in a container labeled 'container-1'."
qwen,07ae234a-2180-4345-a66d-ae327009ba1c,10,0,0,1,Adjustment,133,"Adjust the layout so that 'box-6' is positioned to the left of 'box-7', 'box-8', and 'box-9', ensuring they are aligned horizontally."
qwen,07ae234a-2180-4345-a66d-ae327009ba1c,13,0,0,1,Adjustment,133,"Adjust the layout so that 'box-6' is positioned to the left of 'box-7', 'box-8', and 'box-9', ensuring they are aligned horizontally."
qwen,07ae234a-2180-4345-a66d-ae327009ba1c,12,0,0,1,Adjustment,133,"Adjust the layout so that 'box-6' is positioned to the left of 'box-7', 'box-8', and 'box-9', ensuring they are aligned horizontally."
qwen,07ae234a-2180-4345-a66d-ae327009ba1c,11,0,0,1,Adjustment,133,"Adjust the layout so that 'box-6' is positioned to the left of 'box-7', 'box-8', and 'box-9', ensuring they are aligned horizontally."
qwen,07ae234a-2180-4345-a66d-ae327009ba1c,14,0,0,1,Adjustment,133,"Adjust the layout so that 'box-6' is positioned to the left of 'box-7', 'box-8', and 'box-9', ensuring they are aligned horizontally."
qwen,07ae234a-2180-4345-a66d-ae327009ba1c,16,0,0,1,Adjustment,133,"Adjust the layout so that 'box-6' is positioned to the left of 'box-7', 'box-8', and 'box-9', ensuring they are aligned horizontally."
qwen,07ae234a-2180-4345-a66d-ae327009ba1c,15,0,0,1,Adjustment,133,"Adjust the layout so that 'box-6' is positioned to the left of 'box-7', 'box-8', and 'box-9', ensuring they are aligned horizontally."
qwen,07ae234a-2180-4345-a66d-ae327009ba1c,17,0,0,1,Adjustment,133,"Adjust the layout so that 'box-6' is positioned to the left of 'box-7', 'box-8', and 'box-9', ensuring they are aligned horizontally."
qwen,07ae234a-2180-4345-a66d-ae327009ba1c,18,0,0,1,Adjustment,133,"Adjust the layout so that 'box-6' is positioned to the left of 'box-7', 'box-8', and 'box-9', ensuring they are aligned horizontally."
qwen,07ae234a-2180-4345-a66d-ae327009ba1c,20,0,0,1,Adjustment,133,"Adjust the layout so that 'box-6' is positioned to the left of 'box-7', 'box-8', and 'box-9', ensuring they are aligned horizontally."
qwen,07ae234a-2180-4345-a66d-ae327009ba1c,21,0,0,1,Adjustment,133,"Adjust the layout so that 'box-6' is positioned to the left of 'box-7', 'box-8', and 'box-9', ensuring they are aligned horizontally."
qwen,07ae234a-2180-4345-a66d-ae327009ba1c,22,0,0,1,Adjustment,133,"Adjust the layout so that 'box-6' is positioned to the left of 'box-7', 'box-8', and 'box-9', ensuring they are aligned horizontally."
claude_uncapped,560bf5e0-6ab7-4a15-a8c9-2bebe1e66dab,1,1,0,0,Creation,1072,"Build a centered vertical wireframe layout on a white page, roughly 480px wide overall, centered horizontally, with all boxes drawn as thin-bordered rectangles containing monospace centered labels. Stack these rows top to bottom with about 8px vertical gaps:
1) box-1: full width (480px), height 70px.
2) box-2: width 340px, height 70px, centered.
3) A row of two boxes side by side, total width 480px, centered: box-3 width 130px height 75px, then box-4 width 340px height 75px, with a small gap between them.
4) A row of three boxes side by side, centered, total about 380px: box-5 width 120px height 70px, box-6 width 120px height 70px, box-7 width 120px height 70px.
5) box-8: width 240px, height 70px, centered.
6) container-1: a dashed-border container, width 430px, height 500px, centered, with the label 'container-1' printed at its top-right inside. Inside it, stack these boxes centered with small gaps: box-9 width 270px height 70px, box-10 width 210px height 70px, box-11 width 250px height 70px, box-12 width 230px height 70px, box-13 width 190px height 70px."
claude_uncapped,560bf5e0-6ab7-4a15-a8c9-2bebe1e66dab,3,0,0,1,Adjustment,128,Reduce the empty space above box-1 from 75px to about 45px so the whole stack shifts up slightly; keep everything else the same.
claude_uncapped,560bf5e0-6ab7-4a15-a8c9-2bebe1e66dab,2,0,0,1,Adjustment,364,"Two adjustments: (1) Add about 75px of empty space above box-1 at the top of the page. (2) Fix container-1: set its height to about 490px and give it about 60px of top padding before box-9 and only about 20px of bottom padding after box-13, so the five inner boxes (box-9 through box-13) fill the container vertically and there is no large empty gap at the bottom."
qwen,07ae234a-2180-4345-a66d-ae327009ba1c,19,0,0,1,Adjustment,133,"Adjust the layout so that 'box-6' is positioned to the left of 'box-7', 'box-8', and 'box-9', ensuring they are aligned horizontally."
gemini,41845d5f-7cbd-4aaa-a099-7f0e01e22dbd,1,1,0,0,Creation,396,"Create a layout with a vertical stack of elements centered on the page. Start with box-1 (wide), followed by box-2 (narrower). Below box-2, add a row containing box-3 and box-4. Below that, add a row containing box-5, box-6, and box-7. Then add box-8. Finally, add a dashed container labeled container-1 containing a vertical stack of five boxes labeled box-9, box-10, box-11, box-12, and box-13."
gemini,41845d5f-7cbd-4aaa-a099-7f0e01e22dbd,2,0,0,1,Adjustment,372,"Adjust the layout to match the target proportions: box-4 should be significantly wider than box-3. Increase the horizontal spacing between box-5, box-6, and box-7. Inside container-1, ensure all boxes (box-9 through box-13) have uniform width and are centered, and increase the internal padding of the container so the label container-1 is clearly in the top right corner."
qwen,33033236-f26d-4a0f-8696-cdd298c94b1b,2,1,0,0,Creation,43,Create a box labeled 'box-2' below 'box-1'.
qwen,33033236-f26d-4a0f-8696-cdd298c94b1b,1,1,0,0,Creation,39,Create a top-level box labeled 'box-1'.
qwen,33033236-f26d-4a0f-8696-cdd298c94b1b,4,1,0,0,Creation,77,"Create a box labeled 'box-5', 'box-6', and 'box-7' below 'box-3' and 'box-4'."
qwen,33033236-f26d-4a0f-8696-cdd298c94b1b,3,1,0,0,Creation,52,Create a box labeled 'box-3' to the left of 'box-4'.
qwen,33033236-f26d-4a0f-8696-cdd298c94b1b,5,1,0,0,Creation,65,"Create a box labeled 'box-8' below 'box-5', 'box-6', and 'box-7'."
qwen,33033236-f26d-4a0f-8696-cdd298c94b1b,7,1,0,0,Creation,50,Create a box labeled 'box-9' inside 'container-1'.
qwen,33033236-f26d-4a0f-8696-cdd298c94b1b,6,1,0,0,Creation,55,Create a container labeled 'container-1' below 'box-8'.
qwen,33033236-f26d-4a0f-8696-cdd298c94b1b,9,1,0,0,Creation,66,Create a box labeled 'box-11' below 'box-10' inside 'container-1'.
qwen,33033236-f26d-4a0f-8696-cdd298c94b1b,10,1,0,0,Creation,66,Create a box labeled 'box-12' below 'box-11' inside 'container-1'.
qwen,33033236-f26d-4a0f-8696-cdd298c94b1b,8,1,0,0,Creation,65,Create a box labeled 'box-10' below 'box-9' inside 'container-1'.
qwen,33033236-f26d-4a0f-8696-cdd298c94b1b,11,1,0,0,Creation,66,Create a box labeled 'box-13' below 'box-12' inside 'container-1'.
qwen,33033236-f26d-4a0f-8696-cdd298c94b1b,13,0,0,1,Adjustment,97,Adjust the alignment of 'box-3' and 'box-4' so they are horizontally aligned and properly spaced.
qwen,33033236-f26d-4a0f-8696-cdd298c94b1b,12,0,0,1,Adjustment,62,Adjust the width of 'container-1' to be narrower and centered.
qwen,33033236-f26d-4a0f-8696-cdd298c94b1b,14,0,0,1,Adjustment,107,"Adjust the alignment of 'box-5', 'box-6', and 'box-7' so they are horizontally aligned and properly spaced."
qwen,33033236-f26d-4a0f-8696-cdd298c94b1b,15,0,0,1,Adjustment,91,Adjust the alignment of 'box-1' and 'box-2' so they are centered above 'box-3' and 'box-4'.
claude_uncapped,41740cbb-5229-41c0-8f9e-111abb8c956d,1,1,0,0,Creation,1280,"Build a single centered vertical column on a white page (max width ~1100px, content centered horizontally). All boxes are plain rectangles with a thin 1px solid border, slightly rounded corners, and their label text centered inside in a monospace font. Stack these in order with a small ~8px vertical gap between rows:
1) box-1: width 475px, height 72px, centered.
2) box-2: width 335px, height 72px, centered.
3) A horizontal row, centered, total width 476px: box-3 (width 130px, height 72px) then box-4 (width 338px, height 72px) side by side with a small ~6px gap.
4) A horizontal row, centered: box-5, box-6, box-7, each width 120px, height 68px, with ~6px gaps.
5) box-8: width 240px, height 68px, centered.
6) container-1: a box with a dashed 1px border, width 430px, centered, with its label text ""container-1"" placed in the top-right corner inside it. Inside container-1, stacked vertically and centered with ~8px gaps, starting about 60px below the container's top edge and with ~25px padding at the bottom: box-9 (width 270px), box-10 (width 210px), box-11 (width 250px), box-12 (width 230px), box-13 (width 190px), each height 68px.
Print the labels exactly as: box-1, box-2, box-3, box-4, box-5, box-6, box-7, box-8, container-1, box-9, box-10, box-11, box-12, box-13."
qwen,33033236-f26d-4a0f-8696-cdd298c94b1b,16,0,0,1,Adjustment,86,"Adjust the alignment of 'box-8' so it is centered below 'box-5', 'box-6', and 'box-7'."
gemini,15f328ec-01d5-43a8-b008-2ab5ada3fffe,1,1,0,0,Creation,438,"Create a central vertical layout. At the top, add a wide box-1. Below it, add box-2 which is narrower and centered. Below box-2, add a row containing box-3 and box-4, where box-4 is wider. Below that, add a row with three equal-sized boxes: box-5, box-6, and box-7. Below that, add a centered box-8. Finally, at the bottom, add container-1 which contains a vertical stack of five centered boxes: box-9, box-10, box-11, box-12, and box-13."
claude_uncapped,41740cbb-5229-41c0-8f9e-111abb8c956d,2,0,0,1,Adjustment,164,Add about 60px of empty space at the top of the page above box-1 (top margin/padding on the column) so the whole stack starts lower; keep everything else unchanged.
qwen,33033236-f26d-4a0f-8696-cdd298c94b1b,17,0,0,1,Adjustment,70,Adjust the alignment of 'container-1' so it is centered below 'box-8'.
qwen,d5deb83a-ec8b-4713-87bb-d1e2f66d6508,2,1,0,0,Creation,33,"Inside container-1, create box-1."
qwen,d5deb83a-ec8b-4713-87bb-d1e2f66d6508,5,1,0,0,Creation,35,Create box-4 to the right of box-3.
qwen,d5deb83a-ec8b-4713-87bb-d1e2f66d6508,1,1,0,0,Creation,51,Create a top-level container for the entire layout.
qwen,d5deb83a-ec8b-4713-87bb-d1e2f66d6508,4,1,0,0,Creation,35,Create box-3 to the right of box-1.
qwen,d5deb83a-ec8b-4713-87bb-d1e2f66d6508,3,1,0,0,Creation,45,"Inside container-1, create box-2 below box-1."
qwen,d5deb83a-ec8b-4713-87bb-d1e2f66d6508,6,1,0,0,Creation,25,Create box-5 below box-3.
qwen,d5deb83a-ec8b-4713-87bb-d1e2f66d6508,10,1,0,0,Creation,25,Create box-9 below box-8.
qwen,d5deb83a-ec8b-4713-87bb-d1e2f66d6508,8,1,0,0,Creation,35,Create box-7 to the right of box-6.
qwen,d5deb83a-ec8b-4713-87bb-d1e2f66d6508,7,1,0,0,Creation,35,Create box-6 to the right of box-5.
qwen,d5deb83a-ec8b-4713-87bb-d1e2f66d6508,9,1,0,0,Creation,25,Create box-8 below box-7.
qwen,d5deb83a-ec8b-4713-87bb-d1e2f66d6508,11,1,0,0,Creation,26,Create box-10 below box-9.
qwen,d5deb83a-ec8b-4713-87bb-d1e2f66d6508,14,1,0,0,Creation,27,Create box-13 below box-12.
qwen,d5deb83a-ec8b-4713-87bb-d1e2f66d6508,13,1,0,0,Creation,27,Create box-12 below box-11.
qwen,d5deb83a-ec8b-4713-87bb-d1e2f66d6508,15,0,0,1,Adjustment,112,"Adjust the layout so that box-1, box-2, box-3, box-4, box-5, box-6, box-7, and box-8 are outside of container-1."
qwen,d5deb83a-ec8b-4713-87bb-d1e2f66d6508,12,1,0,0,Creation,27,Create box-11 below box-10.
qwen,d5deb83a-ec8b-4713-87bb-d1e2f66d6508,16,0,0,1,Adjustment,91,"Adjust the layout so that container-1 wraps only box-9, box-10, box-11, box-12, and box-13."
qwen,d5deb83a-ec8b-4713-87bb-d1e2f66d6508,17,0,0,1,Adjustment,118,"Adjust the layout so that box-1, box-2, box-3, box-4, box-5, box-6, box-7, and box-8 are positioned above container-1."
qwen,d5deb83a-ec8b-4713-87bb-d1e2f66d6508,20,0,0,1,Adjustment,67,Adjust the layout so that box-3 and box-4 are aligned horizontally.
qwen,d5deb83a-ec8b-4713-87bb-d1e2f66d6508,19,0,0,1,Adjustment,108,"Adjust the layout so that box-1, box-2, box-3, box-4, box-5, box-6, box-7, and box-8 are aligned vertically."
claude_uncapped,da41afef-5a32-4416-8ef3-73779b0bcb91,1,1,0,0,Creation,1455,"Build an HTML wireframe page (about 1080px wide, light background, ~20px page padding) with plain bordered boxes, each printing its exact label text centered inside. Structure top to bottom:

1) A full-width container with a dashed border, labeled 'container-1' with that label text at its top-right corner. Inside it, a horizontal row: on the far left a bordered box labeled 'box-1' (about 220px wide, 50px tall), and pushed to the far right three small bordered boxes side by side with small gaps, labeled 'box-2', 'box-3', 'box-4' (each ~115px wide, 50px tall).

2) Below, a row of three equal large bordered boxes with gaps, labeled 'box-5', 'box-6', 'box-7', each about 1/3 of the width minus gaps and about 250px tall.

3) Below, a two-column area. Left column ~230px wide containing, stacked vertically with gaps: 'box-8' (~55px tall), 'box-9' (~215px tall), 'box-10' (~140px tall). Right column takes the remaining width and contains, stacked with gaps: 'box-11' (a box only about 385px wide, 55px tall, left-aligned in that column), 'box-12' (full column width, ~95px tall), 'box-13' (full column width, ~125px tall).

4) At the bottom, a full-width dashed-border container labeled 'container-2' with that label at its top-right corner, containing two small bordered boxes side by side at the left labeled 'box-14' and 'box-15' (each ~115px wide, 50px tall).

Use simple divs/flexbox, monospace label text, no colors or decoration beyond borders."
qwen,d5deb83a-ec8b-4713-87bb-d1e2f66d6508,21,0,0,1,Adjustment,75,"Adjust the layout so that box-5, box-6, and box-7 are aligned horizontally."
qwen,d5deb83a-ec8b-4713-87bb-d1e2f66d6508,18,0,0,1,Adjustment,111,"Adjust the layout so that box-1, box-2, box-3, box-4, box-5, box-6, box-7, and box-8 are centered horizontally."
claude_uncapped,da41afef-5a32-4416-8ef3-73779b0bcb91,2,0,0,1,Adjustment,506,"Fix the horizontal overflow: apply box-sizing: border-box globally and make sure no row is wider than the page content area, so nothing is cut off at the right. Specifically, the right edges of box-7, box-12 and box-13 must align exactly with the right edge of container-1 and container-2 (no element extending past the page padding). Also give container-1 a bit more vertical padding so its 'container-1' label sits on its own line above the box-1/box-2/box-3/box-4 row rather than overlapping the border."
claude_uncapped,da41afef-5a32-4416-8ef3-73779b0bcb91,3,0,0,1,Adjustment,432,"Two small refinements: (1) make the box labeled 'box-8' narrower than the rest of the left column — about 185px wide, left-aligned, while 'box-9' and 'box-10' stay the full ~230px column width. (2) Slightly increase the vertical gaps between the major rows (row of box-5/6/7, the two-column area, and container-2) by a few pixels each so the bottom container-2 sits closer to the bottom of the page with little empty space below it."
gemini,73e9800d-61b6-40f2-93ee-37808c92f456,1,1,0,0,Creation,516,"Create a top navigation bar (container-1) containing box-1 on the left and a group of three buttons (box-2, box-3, and box-4) on the right. Below it, create a row with three equal-width columns containing box-5, box-6, and box-7. Underneath that, create a two-column layout: the left column should contain a stack of box-8, box-9, and box-10, while the right column should contain a stack of box-11, box-12, and box-13. Finally, add a footer (container-2) at the bottom containing box-14 and box-15 on the left side."
gemini,73e9800d-61b6-40f2-93ee-37808c92f456,5,0,0,1,Adjustment,279,"Adjust the middle section's layout: box-11, box-12, and box-13 should span the full width of their column, making them much wider than boxes 8, 9, and 10. Also, ensure box-11, box-12, and box-13 are stacked vertically, with box-11 at the top, followed by box-12, and then box-13."
gemini,73e9800d-61b6-40f2-93ee-37808c92f456,3,0,0,1,Adjustment,269,"Refine the middle section's layout: box-8 should be much narrower and match the width of box-9 and box-10. Move box-11 to the right column so it sits above box-12 and box-13. Ensure box-11, box-12, and box-13 are all the same width and left-aligned within their column."
gemini,73e9800d-61b6-40f2-93ee-37808c92f456,4,0,0,1,Adjustment,428,"Adjust the alignment and sizing in the middle section: decrease the width of the left column (containing box-8, box-9, and box-10) to about 25% of the page width. Ensure box-11, box-12, and box-13 in the right column are left-aligned and do not stretch to the full width of their container, particularly box-11 which should be shorter. Increase the vertical spacing between the row containing boxes 5, 6, 7 and the row below it."
gemini,73e9800d-61b6-40f2-93ee-37808c92f456,6,0,0,1,Adjustment,316,"Refine the layout of box-11, box-12, and box-13. Reduce the width of box-11 so it is about half the width of box-12 and box-13. Increase the height of box-13 so it is thicker, but not as tall as box-9. Ensure all labels (box-1 through box-15, container-1, and container-2) are centered within their respective boxes."
gemini,73e9800d-61b6-40f2-93ee-37808c92f456,2,0,0,1,Adjustment,314,"Adjust the layouts of the boxes between the header and footer: increase the height of box-5, box-6, and box-7. For the two-column section below that, make the left column narrower than the right column; box-9 should be significantly taller than box-8 and box-10, and box-13 should be taller than box-11 and box-12."
qwen,0f152e22-aa1f-4a65-bdb7-96df56738fc9,1,1,0,0,Creation,102,"Create a container labeled 'container-1' containing a row with 'box-1', 'box-2', 'box-3', and 'box-4'."
qwen,0f152e22-aa1f-4a65-bdb7-96df56738fc9,4,1,0,0,Creation,60,Add 'box-9' and 'box-10' below 'box-8' within 'container-1'.
qwen,0f152e22-aa1f-4a65-bdb7-96df56738fc9,2,1,0,0,Creation,94,"Add three boxes labeled 'box-5', 'box-6', and 'box-7' below the existing row in 'container-1'."
qwen,0f152e22-aa1f-4a65-bdb7-96df56738fc9,5,1,0,0,Creation,64,Add 'box-12' and 'box-13' next to 'box-11' within 'container-1'.
qwen,0f152e22-aa1f-4a65-bdb7-96df56738fc9,3,1,0,0,Creation,60,Add 'box-8' and 'box-11' below 'box-7' within 'container-1'.
qwen,0f152e22-aa1f-4a65-bdb7-96df56738fc9,6,0,0,1,Adjustment,182,"Adjust the layout so that 'box-5', 'box-6', and 'box-7' are larger and span the full width of 'container-1', and ensure 'box-12' and 'box-13' are stacked vertically next to 'box-11'."
qwen,0f152e22-aa1f-4a65-bdb7-96df56738fc9,10,0,0,1,Adjustment,141,"Adjust the layout so that 'box-5', 'box-6', and 'box-7' are evenly spaced across the width of 'container-1' and ensure they have equal sizes."
qwen,0f152e22-aa1f-4a65-bdb7-96df56738fc9,7,1,0,0,Creation,104,Create a new container labeled 'container-2' at the bottom of the page containing 'box-14' and 'box-15'.
qwen,0f152e22-aa1f-4a65-bdb7-96df56738fc9,11,0,0,1,Adjustment,139,Adjust the layout so that 'box-12' and 'box-13' are stacked vertically next to 'box-11' and ensure they span the full height of the column.
qwen,0f152e22-aa1f-4a65-bdb7-96df56738fc9,8,0,0,1,Adjustment,139,Adjust the layout so that 'box-12' and 'box-13' are stacked vertically next to 'box-11' and ensure they span the full height of the column.
qwen,0f152e22-aa1f-4a65-bdb7-96df56738fc9,9,0,0,1,Adjustment,108,"Adjust the layout so that 'box-5', 'box-6', and 'box-7' are evenly spaced across the width of 'container-1'."
qwen,0f152e22-aa1f-4a65-bdb7-96df56738fc9,13,0,0,1,Adjustment,141,Adjust the layout so that 'box-8' and 'box-11' are aligned horizontally and ensure 'box-9' and 'box-10' are stacked vertically below 'box-8'.
claude_uncapped,df3408b8-dc91-4444-a590-072b4053f858,2,0,0,1,Adjustment,560,"Two adjustments to the lower-left column: (1) make the box labeled 'box-8' narrower than the boxes below it — about 185px wide (box-9 and box-10 stay ~235px wide, all left-aligned at the same x). (2) Stretch the lower two-column area vertically so it fills the space down to the bottom container: increase 'box-9' to about 200px tall and 'box-10' to about 130px tall, and add a bit more vertical spacing so the bottom of box-10 sits just above the dashed 'container-2', which should remain at the very bottom of the page. Keep all labels unchanged and visible."
qwen,0f152e22-aa1f-4a65-bdb7-96df56738fc9,12,0,0,1,Adjustment,145,Adjust the layout so that 'box-8' and 'box-11' are aligned horizontally and ensure 'box-12' and 'box-13' are stacked vertically next to 'box-11'.
claude_uncapped,df3408b8-dc91-4444-a590-072b4053f858,1,1,0,0,Creation,1680,"Build a full-width HTML wireframe page (about 1080px wide, ~1080px tall) with plain bordered boxes; every box must print its exact label text inside it. Structure top to bottom:

1) A dashed-border container spanning the full page width, labeled 'container-1' with that label text right-aligned at its top-right corner. Inside it, one row: a bordered box labeled 'box-1' on the left (about 200px wide, 50px tall), and on the far right three small bordered boxes side by side labeled 'box-2', 'box-3', 'box-4' (each about 110px wide, 50px tall, small gaps between them).

2) Below the container, a row of three equal-height bordered boxes about 245px tall, labeled 'box-5', 'box-6', 'box-7', filling the page width with small gaps (box-5 ~330px, box-6 ~330px, box-7 ~330px), labels centered.

3) Below that, a two-column area: the LEFT column is about 235px wide and contains, stacked vertically, a bordered box labeled 'box-8' (~50px tall), a bordered box labeled 'box-9' (~215px tall), and a bordered box labeled 'box-10' (~135px tall). The RIGHT column starts at about x=285 and contains, stacked vertically: a bordered box labeled 'box-11' that is only about 380px wide and 50px tall, then a full-width (~760px) bordered box labeled 'box-12' (~95px tall), then a full-width bordered box labeled 'box-13' (~120px tall).

4) At the bottom, a dashed-border container spanning the full page width, labeled 'container-2' with that label right-aligned at its top-right. Inside it at the left, two small bordered boxes side by side labeled 'box-14' and 'box-15' (each ~115px wide, 50px tall).

Use simple absolute or flex layout; all labels centered in their boxes and always visible."
claude_uncapped,df3408b8-dc91-4444-a590-072b4053f858,4,0,0,1,Adjustment,835,"Adjust vertical positions/heights to match the target more closely (keep all labels unchanged and visible). Use these approximate absolute vertical values on the ~1080px-tall page: (1) The dashed container-1 spans y=28 to y=188 (about 160px tall), with box-1 and box-2/box-3/box-4 vertically centered inside it (box-1 ~220px wide, each of box-2/3/4 ~118px wide, 50px tall). (2) The box-5 / box-6 / box-7 row: top y=217, height 245 (bottom y=462). (3) Left column: box-8 top y=496, height 50; box-9 top y=562, height 200; box-10 top y=775, height 118. (4) Right column: box-11 top y=496, height 50; box-12 top y=563, height 95; box-13 top y=672, height 118. (5) Dashed container-2 spans y=935 to the bottom edge (~95px tall) with box-14 and box-15 vertically centered inside it. Keep all horizontal positions and widths as they are now."
claude_uncapped,df3408b8-dc91-4444-a590-072b4053f858,5,0,0,1,Adjustment,594,"Two horizontal alignment fixes (keep all labels unchanged and visible): (1) Remove the inner left/right padding of the dashed containers so their child boxes align flush with the page columns: inside container-1, box-1 starts at x=30 and box-4's right edge ends at x=1050; inside container-2, box-14 starts at x=30 (box-15 right after it with a small gap). The 'container-1' and 'container-2' labels stay at the top-right. (2) Shift the entire right column left so box-11, box-12 and box-13 all start at x=285 (box-11 stays ~383px wide ending near x=668; box-12 and box-13 still end at x=1050)."
claude_uncapped,df3408b8-dc91-4444-a590-072b4053f858,6,0,0,1,Adjustment,476,"Inside both dashed containers, move the child boxes downward so they sit below the container label instead of vertically centered (keep all labels unchanged and visible): in container-1, place box-1, box-2, box-3 and box-4 with their tops at y≈110 (50px tall, so bottoms at y≈160); in container-2, place box-14 and box-15 with their tops at y≈957 (50px tall). Keep container-1 spanning y=28–188 and container-2 spanning y=935–1030, and keep all horizontal positions unchanged."
claude_uncapped,df3408b8-dc91-4444-a590-072b4053f858,3,0,0,1,Adjustment,565,"Two final structural tweaks, keeping all labels unchanged and visible: (1) Add about 30px of horizontal page padding so all boxes and both dashed containers start at x≈30 and end at x≈1050 (container-1 and container-2 span that same width, and box-5 / box-7 align to those edges). (2) Increase the total page height to about 1080px: keep container-2 pinned at the very bottom (about 95px tall) and stretch the lower two-column area so box-9 is ~200px tall and box-10 ~115px tall with the bottom of box-10 sitting just above container-2 (leaving no large empty gap)."
gemini,0b4f9730-dd11-45f5-86fb-f80e1cc0fe0d,1,1,0,0,Creation,534,"Create a top-level container labeled container-1. Inside it, place box-1 on the left, and a group of three boxes (box-2, box-3, and box-4) aligned to the right. Below this, create a row with three equal-sized boxes: box-5, box-6, and box-7. Below that, create a two-column layout where the left column contains box-8, box-9, and box-10 stacked vertically, and the right column contains box-11, box-12, and box-13 stacked vertically. Finally, add a footer container labeled container-2 containing box-14 and box-15 aligned to the left."
gemini,0b4f9730-dd11-45f5-86fb-f80e1cc0fe0d,2,0,0,1,Adjustment,389,"Adjust the middle section layout: increase the height of box-5, box-6, and box-7. For the two-column section below them, make the left column narrower than the right column. In the left column, box-8 should be short, box-9 should be tall, and box-10 should be medium height. In the right column, box-11 should be short, and box-12 and box-13 should be tall and take up the remaining width."
gemini,0b4f9730-dd11-45f5-86fb-f80e1cc0fe0d,4,0,0,1,Adjustment,305,"Adjust the layout of the middle section: box-11 should be shorter in width than box-12 and box-13, aligned to the left side of the right column. box-12 and box-13 should span the full width of the right column. Reduce the height of box-12 and box-13. In the left column, make box-8 much shorter in height."
qwen,cc70ae78-4f52-4cdc-8c0a-15880b658ab1,2,1,0,0,Creation,97,"Add three boxes labeled 'box-5', 'box-6', and 'box-7' below the first row, arranged horizontally."
qwen,cc70ae78-4f52-4cdc-8c0a-15880b658ab1,1,1,0,0,Creation,121,"Create a container labeled 'container-1' containing a row with four boxes labeled 'box-1', 'box-2', 'box-3', and 'box-4'."
gemini,0b4f9730-dd11-45f5-86fb-f80e1cc0fe0d,3,0,0,1,Adjustment,358,"Refine the layout of the middle section: the row containing box-8 and box-11 should have box-8 much narrower than box-11, with box-8 ending well before box-9 starts horizontally. The right column (box-11, box-12, box-13) should be wider and box-12 and box-13 should be shorter in height than they currently are. box-12 and box-13 should be wider than box-11."
qwen,cc70ae78-4f52-4cdc-8c0a-15880b658ab1,4,1,0,0,Creation,79,"Add two boxes labeled 'box-12' and 'box-13' below 'box-11', stacked vertically."
qwen,cc70ae78-4f52-4cdc-8c0a-15880b658ab1,3,1,0,0,Creation,78,Add a new row below 'box-7' containing two boxes labeled 'box-8' and 'box-11'.
qwen,cc70ae78-4f52-4cdc-8c0a-15880b658ab1,5,1,0,0,Creation,82,Add a vertical stack of boxes labeled 'box-9' and 'box-10' to the left of 'box-8'.
qwen,cc70ae78-4f52-4cdc-8c0a-15880b658ab1,6,1,0,0,Creation,138,"Add a container labeled 'container-2' at the bottom of the page containing two boxes labeled 'box-14' and 'box-15', arranged horizontally."
qwen,cc70ae78-4f52-4cdc-8c0a-15880b658ab1,7,0,0,1,Adjustment,54,Move 'box-8' to be aligned horizontally with 'box-11'.
qwen,cc70ae78-4f52-4cdc-8c0a-15880b658ab1,8,0,0,1,Adjustment,91,"Move 'box-2', 'box-3', and 'box-4' to align horizontally with 'box-1' within 'container-1'."
qwen,cc70ae78-4f52-4cdc-8c0a-15880b658ab1,9,0,0,1,Adjustment,105,"Move 'box-9' and 'box-10' to the left side of 'box-8' and 'box-11', ensuring they are vertically aligned."
gemini,329317dc-2bb7-4490-bd78-abdedce9a6a3,1,1,0,0,Creation,443,"Create a layout with two main columns. In the left column, place a vertical stack of 8 boxes labeled box-1, box-2, box-3, box-4, box-5, box-6, box-7, and box-8. In the right column, place box-9 (a large rectangle) at the top. Below box-9, place box-10 (a wide rectangle). Below box-10, create a row containing box-11 on the left and box-12 on the right. Below that row, create another row containing box-13 on the left and box-14 on the right."
gemini,329317dc-2bb7-4490-bd78-abdedce9a6a3,2,0,0,1,Adjustment,383,"Adjust the layout so that box-9 is narrower and taller, aligned to the top-left of the right column. Shorten box-10 so it does not span the full width of the right column. Add significant spacing between the left and right main columns, and between box-11 and box-12, and between box-13 and box-14, ensuring all boxes match the relative positions and sizes shown in the target image."
claude_uncapped,8c673dbc-65cf-44f2-95b4-7c4ba4beb9fc,1,1,0,0,Creation,866,"Build a wireframe on a white page about 1080px wide and 1080px tall using absolutely positioned bordered boxes, each printing its exact label text centered inside it (monospace).

Left column of eight small boxes, all starting at left:20px:
- box-1: top 113, width 120, height 78
- box-2: top 205, width 153, height 78
- box-3: top 300, width 153, height 77
- box-4: top 396, width 120, height 76
- box-5: top 510, width 120, height 76
- box-6: top 601, width 153, height 76
- box-7: top 697, width 120, height 74
- box-8: top 791, width 135, height 75

Main area:
- box-9: left 250, top 110, width 300, height 380
- box-10: left 250, top 556, width 553, height 78
- box-11: left 250, top 710, width 363, height 82
- box-12: left 820, top 700, width 220, height 102
- box-13: left 250, top 875, width 395, height 90
- box-14: left 760, top 872, width 280, height 100"
qwen,19b4557d-615d-4a73-bcc0-be800b317963,1,1,0,0,Creation,68,Create a large square box labeled 'box-9' in the center of the page.
qwen,19b4557d-615d-4a73-bcc0-be800b317963,2,1,0,0,Creation,99,Add a vertical stack of eight smaller boxes labeled 'box-1' through 'box-8' to the left of 'box-9'.
qwen,19b4557d-615d-4a73-bcc0-be800b317963,5,1,0,0,Creation,52,Add a box labeled 'box-12' to the right of 'box-11'.
qwen,19b4557d-615d-4a73-bcc0-be800b317963,4,1,0,0,Creation,42,Add a box labeled 'box-11' below 'box-10'.
qwen,19b4557d-615d-4a73-bcc0-be800b317963,6,1,0,0,Creation,42,Add a box labeled 'box-13' below 'box-11'.
qwen,19b4557d-615d-4a73-bcc0-be800b317963,7,1,0,0,Creation,52,Add a box labeled 'box-14' to the right of 'box-13'.
qwen,19b4557d-615d-4a73-bcc0-be800b317963,8,0,0,1,Adjustment,87,"Adjust the width of 'box-10', 'box-11', and 'box-13' to span the full width of 'box-9'."
qwen,19b4557d-615d-4a73-bcc0-be800b317963,10,0,0,1,Adjustment,60,Adjust the width of 'box-12' to match the width of 'box-11'.
qwen,19b4557d-615d-4a73-bcc0-be800b317963,11,0,0,1,Adjustment,60,Adjust the width of 'box-14' to match the width of 'box-12'.
qwen,19b4557d-615d-4a73-bcc0-be800b317963,3,1,0,0,Creation,52,Add a horizontal box labeled 'box-10' below 'box-9'.
qwen,19b4557d-615d-4a73-bcc0-be800b317963,9,0,0,1,Adjustment,92,Adjust the placement of 'box-12' so it is vertically aligned with 'box-11' and not below it.
qwen,19b4557d-615d-4a73-bcc0-be800b317963,12,0,0,1,Adjustment,104,Adjust the vertical alignment of 'box-12' so it is positioned to the right of 'box-11' and not below it.
qwen,19b4557d-615d-4a73-bcc0-be800b317963,13,0,0,1,Adjustment,63,Adjust the width of 'box-10' to span the full width of 'box-9'.
claude_uncapped,f39772f3-142b-4cea-912f-e03488d9b8f0,1,1,0,0,Creation,1017,"Create an HTML wireframe on a white 1080x1080 canvas using absolutely positioned divs, each with a thin 1px grey border, rounded corners, and its label centered inside in monospace text. Use these exact labels and positions (left, top, width, height in px):

Left column of eight small boxes, all starting near left=20:
- box-1: left 20, top 115, width 118, height 75
- box-2: left 20, top 205, width 152, height 76
- box-3: left 20, top 301, width 152, height 75
- box-4: left 20, top 396, width 118, height 75
- box-5: left 20, top 511, width 118, height 75
- box-6: left 20, top 601, width 152, height 75
- box-7: left 20, top 696, width 118, height 75
- box-8: left 20, top 791, width 135, height 76

Right area:
- box-9: left 250, top 110, width 300, height 380
- box-10: left 250, top 556, width 553, height 77
- box-11: left 250, top 710, width 363, height 82
- box-12: left 820, top 700, width 220, height 102
- box-13: left 250, top 873, width 395, height 94
- box-14: left 760, top 870, width 280, height 98"
gemini,87dd1f01-a46f-491b-a7ac-10602ecdd50a,1,1,0,0,Creation,521,"Create a layout with two main columns. In the left column, stack eight small boxes vertically, labeled box-1, box-2, box-3, box-4, box-5, box-6, box-7, and box-8. In the wider right column, start with a large rectangular container labeled box-9. Below box-9, add a wide horizontal box labeled box-10. Below box-10, add a row containing two boxes, box-11 and box-12, with a gap between them. Finally, at the bottom of the right column, add another row containing two boxes, box-13 and box-14, also with a gap between them."
gemini,87dd1f01-a46f-491b-a7ac-10602ecdd50a,2,0,0,1,Adjustment,421,"Adjust the widths and alignment of the boxes in the right column. Box-9 should be narrower, taking up only about half the width of the right column. Box-10 should extend further to the right than box-9. For the last two rows, box-11 and box-13 should align under the left side of box-10, while box-12 and box-14 should be positioned further to the right with a large horizontal gap separating them from box-11 and box-13."
qwen,422ec71e-d8ae-411b-8ba4-50abe24b7278,2,1,0,0,Creation,150,"Add a vertical stack of smaller boxes labeled 'box-1', 'box-2', 'box-3', 'box-4', 'box-5', 'box-6', 'box-7', and 'box-8' to the left side of the page."
qwen,422ec71e-d8ae-411b-8ba4-50abe24b7278,1,1,0,0,Creation,68,Create a large square box labeled 'box-9' in the center of the page.
qwen,422ec71e-d8ae-411b-8ba4-50abe24b7278,3,1,0,0,Creation,65,Add a horizontal box labeled 'box-10' below the large square box.
qwen,422ec71e-d8ae-411b-8ba4-50abe24b7278,4,1,0,0,Creation,53,Add a horizontal box labeled 'box-11' below 'box-10'.
qwen,422ec71e-d8ae-411b-8ba4-50abe24b7278,5,1,0,0,Creation,52,Add a box labeled 'box-12' to the right of 'box-11'.
qwen,422ec71e-d8ae-411b-8ba4-50abe24b7278,6,1,0,0,Creation,42,Add a box labeled 'box-13' below 'box-11'.
claude_uncapped,61750ce9-b9e8-4641-b83d-c0a4f44eec44,1,1,0,0,Creation,644,"Create an HTML page with a plain white 1080x1080 canvas using absolutely positioned divs, each with a 1px black border and its label text centered inside (monospace). Place these boxes at these exact pixel coordinates (left, top, width, height): box-1 at (40,58) 360x72; box-2 at (44,214) 153x70; box-3 at (44,303) 172x72; box-4 at (44,394) 134x70; box-5 at (43,639) 121x70; box-6 at (44,729) 144x70; box-7 at (43,819) 121x70; box-8 at (290,212) 238x74; box-9 at (290,302) 519x180; box-10 at (864,212) 153x74; box-11 at (864,300) 172x288; box-12 at (864,760) 137x72; box-13 at (864,850) 120x70. Print each label exactly as box-1 through box-13."
gemini,a0f4423b-d35f-464d-b690-41df3d2d9f08,1,1,0,0,Creation,350,"Create a top header bar with box-1. Below it, create three main columns. In the left column, place box-2, box-3, and box-4 in a group at the top, and box-5, box-6, and box-7 in a group lower down. In the middle column, place box-8 above a large box-9. In the right column, place box-10 above a tall box-11, and further down place box-12 above box-13."
qwen,422ec71e-d8ae-411b-8ba4-50abe24b7278,7,1,0,0,Creation,52,Add a box labeled 'box-14' to the right of 'box-13'.
gemini,a0f4423b-d35f-464d-b690-41df3d2d9f08,2,0,0,1,Adjustment,528,"Adjust the layout to match the target: box-1 should not span the full width, it should be a smaller box at the top left. The three columns should have significant spacing between them. Make boxes 2 through 7 much smaller and left-aligned. Box-9 should be wider than it is tall, and box-11 should be taller than box-9. Align box-8 above the start of box-9, and box-10 above the start of box-11. Ensure there is large vertical whitespace between the (box-2,3,4) group and the (box-5,6,7) group, and also between box-11 and box-12."
qwen,af7df7d2-c79d-40b0-8997-55e59f34e659,1,1,0,0,Creation,93,Create a top-level container labeled 'container-1' and place a box labeled 'box-1' inside it.
gemini,a0f4423b-d35f-464d-b690-41df3d2d9f08,3,0,1,1,Removal+Adjustment,365,"Increase the size of boxes 1 through 8, 10, 12, and 13 to match the proportions in the target. Remove the outer container borders around the groups (2-3-4) and (5-6-7). Ensure box-1, box-2, and box-5 are all left-aligned. Match the horizontal width of box-8 to approximately one-third the width of box-9, and align box-10 and box-11 on the right side of the layout."
qwen,af7df7d2-c79d-40b0-8997-55e59f34e659,2,1,0,0,Creation,57,Add a box labeled 'box-8' below 'box-1' and to the right.
qwen,af7df7d2-c79d-40b0-8997-55e59f34e659,3,1,0,0,Creation,40,Add a box labeled 'box-9' below 'box-8'.
qwen,af7df7d2-c79d-40b0-8997-55e59f34e659,5,1,0,0,Creation,40,Add a box labeled 'box-3' below 'box-2'.
qwen,af7df7d2-c79d-40b0-8997-55e59f34e659,7,1,0,0,Creation,56,Add a box labeled 'box-5' below 'box-4' and to the left.
qwen,af7df7d2-c79d-40b0-8997-55e59f34e659,4,1,0,0,Creation,56,Add a box labeled 'box-2' below 'box-1' and to the left.
qwen,af7df7d2-c79d-40b0-8997-55e59f34e659,6,1,0,0,Creation,40,Add a box labeled 'box-4' below 'box-3'.
qwen,af7df7d2-c79d-40b0-8997-55e59f34e659,8,1,0,0,Creation,40,Add a box labeled 'box-6' below 'box-5'.
qwen,af7df7d2-c79d-40b0-8997-55e59f34e659,9,1,0,0,Creation,40,Add a box labeled 'box-7' below 'box-6'.
qwen,af7df7d2-c79d-40b0-8997-55e59f34e659,10,1,0,0,Creation,51,Add a box labeled 'box-10' to the right of 'box-8'.
qwen,af7df7d2-c79d-40b0-8997-55e59f34e659,11,1,0,0,Creation,42,Add a box labeled 'box-11' below 'box-10'.
qwen,af7df7d2-c79d-40b0-8997-55e59f34e659,12,0,0,1,Adjustment,70,Move 'box-8' to be centered horizontally between 'box-2' and 'box-10'.
qwen,af7df7d2-c79d-40b0-8997-55e59f34e659,15,1,0,0,Creation,42,Add a box labeled 'box-13' below 'box-12'.
qwen,af7df7d2-c79d-40b0-8997-55e59f34e659,16,0,0,1,Adjustment,90,"Move 'box-9' to be centered horizontally between 'box-8' and 'box-10', and make it larger."
qwen,af7df7d2-c79d-40b0-8997-55e59f34e659,13,1,0,0,Creation,59,Add a box labeled 'box-12' below 'box-10' and to the right.
qwen,af7df7d2-c79d-40b0-8997-55e59f34e659,17,0,0,1,Adjustment,61,Move 'box-10' upwards so it aligns horizontally with 'box-8'.
qwen,af7df7d2-c79d-40b0-8997-55e59f34e659,14,0,0,1,Adjustment,53,Move 'box-12' to be aligned vertically with 'box-11'.
qwen,af7df7d2-c79d-40b0-8997-55e59f34e659,19,0,0,1,Adjustment,79,Move 'box-12' and 'box-13' to the right so they align vertically with 'box-11'.
qwen,af7df7d2-c79d-40b0-8997-55e59f34e659,18,0,0,1,Adjustment,61,Move 'box-11' downwards so it aligns vertically with 'box-9'.
claude_uncapped,afd79e10-49cf-42bf-bcac-7dedb24cdae1,1,1,0,0,Creation,964,"Build an HTML wireframe on a white 1080x1080 canvas using absolutely positioned divs, each with a thin black 1px border and its label text centered inside in a monospace font. Place these boxes at these exact pixel positions (left, top, width, height) with the exact label text shown:
- box-1: left 40, top 58, width 360, height 72
- box-2: left 44, top 214, width 152, height 70
- box-3: left 44, top 303, width 172, height 71
- box-4: left 44, top 394, width 133, height 69
- box-5: left 44, top 640, width 120, height 68
- box-6: left 44, top 729, width 143, height 69
- box-7: left 44, top 820, width 120, height 68
- box-8: left 290, top 214, width 237, height 70
- box-9: left 290, top 302, width 519, height 178
- box-10: left 864, top 214, width 153, height 70
- box-11: left 864, top 302, width 172, height 288
- box-12: left 864, top 761, width 137, height 70
- box-13: left 864, top 851, width 120, height 70
No other elements, no headers or containers."
gemini,660432e0-462e-40f2-8d03-2e4627409429,1,1,0,0,Creation,432,"Create a top bar for box-1. Below it, create a layout with three main columns. The left column should contain two groups of stacked boxes: a top group with box-2, box-3, and box-4, and a bottom group with box-5, box-6, and box-7. The middle column should have box-8 at the top and a larger box-9 below it. The right column should have box-10 at the top, a tall box-11 below it, and at the bottom, box-12 and box-13 stacked together."
qwen,af7df7d2-c79d-40b0-8997-55e59f34e659,20,0,0,1,Adjustment,88,Adjust the size of 'box-9' to match the width of the space between 'box-8' and 'box-10'.
gemini,660432e0-462e-40f2-8d03-2e4627409429,2,0,0,1,Adjustment,496,"Adjust the layout to match the target's spacing and alignment: box-1 should be shorter and not span the full width. The left column (box-2 to box-7) should have a large vertical gap between box-4 and box-5. In the middle column, box-8 and box-9 should be centered horizontally, with box-9 being wider than box-8. In the right column, box-10 and box-11 should be at the top, while box-12 and box-13 should be positioned much further down, aligned with the bottom of the left column's second group."
gemini,660432e0-462e-40f2-8d03-2e4627409429,4,0,0,1,Adjustment,433,"Refine the horizontal alignment: box-1 should be wider, ending roughly where box-8 ends. In the middle column, box-8 and box-9 should be left-aligned with each other. In the right column, box-10 and box-11 should be left-aligned with each other, and box-11 should be significantly wider, similar in width to box-10. Also, ensure the vertical gap between box-4 and box-5 is much larger, so box-5 starts below the bottom edge of box-9."
gemini,660432e0-462e-40f2-8d03-2e4627409429,5,0,0,1,Adjustment,446,"Adjust the horizontal positions: move the middle column (box-8 and box-9) further to the right, away from the left column (box-2 through box-7). Move the right column (box-10 through box-13) even further to the right edge of the page. Make box-1 wider, so its right edge aligns with the right edge of box-8. Ensure box-12 and box-13 are right-aligned with the boxes above them (box-10 and box-11) and that box-13 is slightly narrower than box-12."
gemini,660432e0-462e-40f2-8d03-2e4627409429,3,0,0,1,Adjustment,331,"Adjust the column widths and element sizes: the left column containing box-2 through box-7 should be much narrower. In the middle column, box-9 should be wider than box-8. In the right column, box-11 should be taller and box-10, box-12, and box-13 should be narrower. Ensure box-1 is left-aligned above the left and middle columns."
gemini,660432e0-462e-40f2-8d03-2e4627409429,6,0,0,1,Adjustment,367,"Adjust the alignment and sizing: box-9 should be much wider than box-8, extending further to both the left and right. Box-11 should be narrower than box-9 and box-10. Box-12 and box-13 should be right-aligned with the right edge of box-11. Increase the vertical spacing between box-1 and the boxes below it. Make box-1 much narrower, ending above the middle of box-8."
gemini,660432e0-462e-40f2-8d03-2e4627409429,7,0,0,1,Adjustment,464,"Refine the layout structure: move box-1 to the left. Align box-8 to the left edge of box-9, but make box-9 much wider, extending its right edge towards the right column. In the right column, box-10 and box-11 should be vertically aligned and equal in width. Align box-12 and box-13 to the right edge of box-11, making box-13 slightly narrower than box-12. Ensure the vertical gap between box-4 and box-5 is large enough that box-5 aligns with the bottom of box-11."
gemini,660432e0-462e-40f2-8d03-2e4627409429,9,0,0,1,Adjustment,533,"Adjust the horizontal layout: move box-8 and box-9 significantly further to the right, closer to box-10 and box-11. Make box-9 wider, so its right edge ends roughly halfway across the total page width. In the right column, make box-11 much taller, extending its bottom edge well below the bottom edge of box-9. Ensure box-10 and box-11 are left-aligned and have equal width. Move box-12 and box-13 further down and to the right so they are right-aligned with the right edge of box-11, with box-13 being slightly narrower than box-12."
gemini,660432e0-462e-40f2-8d03-2e4627409429,10,0,0,1,Adjustment,566,"Adjust the horizontal spacing and alignment: move the entire right column (box-10, box-11, box-12, box-13) further to the right. Move the middle column (box-8, box-9) slightly to the left to create a larger gap between it and the right column. In the right column, ensure box-10 and box-11 are left-aligned and equal in width, and make box-11 taller. Align box-12 and box-13 to the right edge of box-11, and move them vertically so box-12 is roughly level with box-6 and box-13 is level with box-7. Finally, ensure box-1's right edge aligns with the center of box-8."
gemini,660432e0-462e-40f2-8d03-2e4627409429,8,0,0,1,Adjustment,491,"Adjust the positioning and sizes: Move the middle column (box-8, box-9) and the right column (box-10, box-11, box-12, box-13) further to the right, creating more space between the left column and box-8. Box-9 should be wider than box-8, extending slightly further to both the left and right of it. Box-10 and box-11 should have the same width. Box-12 and box-13 should be smaller, right-aligned with the right edge of box-11, and positioned lower down, so box-13 is roughly level with box-7."
gemini,660432e0-462e-40f2-8d03-2e4627409429,11,0,0,1,Adjustment,561,"Refine the layout proportions: Move box-8 and box-9 significantly to the left to be closer to the left column. Make box-9 much wider, extending its right edge close to box-11. Align the left edge of box-8 so it starts slightly to the right of the center of box-9. Set the width of box-10 and box-11 to be equal. Position box-12 and box-13 so they are right-aligned with box-11, with box-12 roughly level with box-6 and box-13 level with box-7. Ensure the gap between box-4 and box-5 is large, with box-5 starting below the vertical level of the bottom of box-9."
qwen,5aa8f005-3b99-41e5-b9c2-5575c8488b5e,1,1,0,0,Creation,93,Create a top-level container labeled 'container-1' and place a box labeled 'box-1' inside it.
qwen,5aa8f005-3b99-41e5-b9c2-5575c8488b5e,2,1,0,0,Creation,104,"Add three boxes labeled 'box-2', 'box-3', and 'box-4' vertically aligned to the left side below 'box-1'."
qwen,5aa8f005-3b99-41e5-b9c2-5575c8488b5e,3,1,0,0,Creation,50,Add a box labeled 'box-8' to the right of 'box-2'.
qwen,5aa8f005-3b99-41e5-b9c2-5575c8488b5e,5,1,0,0,Creation,51,Add a box labeled 'box-10' to the right of 'box-8'.
qwen,5aa8f005-3b99-41e5-b9c2-5575c8488b5e,4,1,0,0,Creation,110,"Add a large box labeled 'box-9' to the right of 'box-3', spanning the height of 'box-2', 'box-3', and 'box-4'."
qwen,5aa8f005-3b99-41e5-b9c2-5575c8488b5e,7,1,0,0,Creation,104,"Add three boxes labeled 'box-5', 'box-6', and 'box-7' vertically aligned to the left side below 'box-4'."
qwen,5aa8f005-3b99-41e5-b9c2-5575c8488b5e,8,1,0,0,Creation,96,Add two boxes labeled 'box-12' and 'box-13' vertically aligned to the right side below 'box-11'.
qwen,5aa8f005-3b99-41e5-b9c2-5575c8488b5e,6,1,0,0,Creation,62,"Add a box labeled 'box-11' below 'box-10', aligned vertically."
qwen,5aa8f005-3b99-41e5-b9c2-5575c8488b5e,9,0,0,1,Adjustment,164,"Adjust the alignment of 'box-12' and 'box-13' so they are positioned to the right of 'box-11', similar to how 'box-5', 'box-6', and 'box-7' are aligned to the left."
claude_capped,e1233a1b-4347-4c52-aefc-ce974e02210e,1,1,0,0,Creation,1062,"Build an HTML wireframe, plain boxes with visible bordered outlines and the exact text label centered inside each. Page width ~1080px, padding 30px. Structure top to bottom:

1) A full-width dashed-border container (height ~170px) holding a left group and a right group on one row, vertically centered. Left group: box-1 (~115x55) then box-2 (~220x55), 25px gap, starting at left edge. Right group aligned to the right edge: box-3 (~115x55), box-4 (~115x55), box-5 (~115x55) with 8px gaps.

2) Below it, a row: box-6 on the left (~120px wide, 195px tall). To its right a column starting at x~168: box-7 (~300x62), then below it a row with box-8 (~120x58) and box-9 (~120x58) with 8px gap.

3) Below, two dashed-border containers side by side with a 20px gap: left one ~500px wide, right one ~505px wide, both with 18px inner padding. Left contains stacked boxes: box-10 (height 62), box-11 (height 195), box-12 (height 130). Right contains: box-13 (height 62), box-14 (height 235), box-15 (height 110). Right container sits ~15px lower is not needed; align tops."
claude_capped,e1233a1b-4347-4c52-aefc-ce974e02210e,2,0,0,1,Adjustment,486,"Two small structural fixes: (1) In the top dashed container, remove the inner left padding so box-1's left edge aligns with the left edge of box-6 and box-10's container below (x≈32); keep box-3/4/5 flush to the container's right edge. (2) Make the right dashed container taller than the left one: increase box-14's height to ~235px and box-15's height to ~110px so the right container's bottom edge sits ~35px lower than the left container's bottom edge, while their tops stay aligned."
qwen,5aa8f005-3b99-41e5-b9c2-5575c8488b5e,10,0,0,1,Adjustment,163,"Adjust the alignment of 'box-10' and 'box-11' so they are positioned to the right of 'box-9', similar to how 'box-2', 'box-3', and 'box-4' are aligned to the left."
claude_capped,e1233a1b-4347-4c52-aefc-ce974e02210e,3,0,0,1,Adjustment,711,"Three structural adjustments:

(1) Move the box-7/box-8/box-9 column left so it starts at x≈168 (reduce the horizontal gap between box-6 and that column to ~18px). Keep box-7 ~300px wide (so it ends near x≈468) and box-8/box-9 ~120px each.

(2) Inside both bottom dashed containers, increase the top inner padding to ~55px so box-10 and box-13 start noticeably below the container's top edge; keep the bottom padding small (~18px).

(3) Make box-10 and box-13 narrower than the boxes beneath them: box-10 ≈ 415px wide and box-13 ≈ 378px wide, both left-aligned with box-11 and box-14 respectively, while box-11, box-12, box-14 and box-15 stay full container width.

Keep all existing labels exactly as they are."
claude_capped,43ce984b-ed26-428b-bf7e-341a316ffacf,1,1,0,0,Creation,818,"Build an HTML wireframe, ~1080px wide, plain boxes with 1px solid borders, monospace labels centered, dotted borders for containers. Structure:

1) Top full-width dotted container (height ~170px, padding 20px) holding a row: left group with box-1 (width 115px, height 60px) and box-2 (width 220px, height 60px) side by side with a 25px gap; right group pushed to the right edge with box-3 (width 115px), box-4 (width 115px), box-5 (width 115px), each 60px tall, 10px gaps.

2) Below it, a row starting at left margin 30px: box-6 as a tall box (width 120px, height 190px). To its right (20px gap) a column: box-7 (width 300px, height 65px), then below (10px gap) a row of box-8 (width 120px, height 60px) and box-9 (width 120px, height 60px) with 10px gap.

Only this much for now; label each box exactly box-1 … box-9."
claude_capped,43ce984b-ed26-428b-bf7e-341a316ffacf,2,1,0,0,Creation,752,"Below the box-6 row, add a row of two dotted containers side by side, starting at left margin 30px, with a ~20px gap between them; the row should start ~20px under box-6.

Left dotted container: width ~500px, padding ~18px, containing stacked boxes each full width of the container's inner area: box-10 (height 60px), then box-11 (height 195px), then box-12 (height 145px), with ~8px vertical gaps.

Right dotted container: width ~505px, padding ~18px, containing stacked full-width boxes: box-13 (height 60px), then box-14 (height 235px), then box-15 (height 105px), with ~8px vertical gaps.

Both containers align at the same top; the right one ends slightly lower than the left. Label each box exactly box-10, box-11, box-12, box-13, box-14, box-15."
claude_capped,43ce984b-ed26-428b-bf7e-341a316ffacf,4,0,0,1,Adjustment,809,"Three small structural fixes:

1) Increase the vertical gap between the box-6 row and the bottom row of dotted containers by ~20px, so both bottom containers start ~20px lower (their top edge around y=452 instead of ~432).

2) Make the right dotted container clearly taller than the left one: its bottom edge must finish about 40px BELOW the left container's bottom edge. Do this by increasing box-14 height to ~235px and box-15 height to ~115px and/or adding bottom padding, so the left container's total height is ~505px and the right container's ~545px.

3) Shift the left group in the top dotted container slightly right: add ~30px left padding so box-1 starts about 33px from the page's left edge, matching box-6's left alignment below it.

Keep all labels box-1 … box-15 exactly as they are and visible."
claude_capped,43ce984b-ed26-428b-bf7e-341a316ffacf,3,0,0,1,Adjustment,795,"Adjust vertical paddings/offsets:

1) Give the page ~40px top margin so the top dotted container starts ~40px down. Inside that top container, align the box rows to the BOTTOM (e.g. align-items:flex-end) with ~25px bottom padding, so box-1..box-5 sit near the container's lower edge and the container stays ~160px tall.

2) In both bottom dotted containers, change padding to ~70px top, ~18px left/right, ~28px bottom, so box-10 and box-13 start well below the container's top edge and the containers grow taller (left ending ~505px tall, right ~545px tall).

3) Slightly increase the right container's last box: box-15 height ~115px, so the right container's bottom edge finishes ~40px lower than the left container's bottom edge.

Keep all existing labels box-1 … box-15 unchanged and visible."
claude_capped,43ce984b-ed26-428b-bf7e-341a316ffacf,5,0,0,1,Adjustment,574,"Two fixes:

1) Both bottom dotted containers have far too much bottom space. Reduce their bottom padding to ~30px so each container's bottom border sits just ~30px below its last box. Result: the LEFT container should end around y=955 (total height ~505px) and the RIGHT container around y=993 (total height ~545px), i.e. nothing extends past ~1000px on the page.

2) In the top dotted container, reduce the left group's left padding so box-1's left edge sits ~33px from the page's left edge, aligning with box-6 below.

Keep all labels box-1 … box-15 unchanged and visible."
claude_capped,43ce984b-ed26-428b-bf7e-341a316ffacf,6,0,0,1,Adjustment,735,"Both bottom dotted containers still extend too far down (their bottom borders run off past y=1000). Fix their bottom edges precisely: LEFT container's last box (box-12) should end at about y=935 and the container's dotted bottom border only ~20px below it, at about y=955 (total container height ~505px). RIGHT container: box-15 should end at about y=960 and its dotted bottom border ~33px below, at about y=993 (total height ~545px). Achieve this by reducing each container's bottom padding to ~20-30px, and if needed slightly increasing box-14 (~235px) and box-15 (~115px) heights so the right container's boxes fill down to y=960. Nothing on the page should extend below y=1000. Keep all labels box-1 … box-15 unchanged and visible."
claude_capped,2a19a50f-6c28-4b5c-9509-4581a6970351,2,0,0,1,Adjustment,332,"Two small adjustments: (1) Add ~78px of empty space above box-1 at the top of the page. (2) Reduce container-1's height so that there is only ~30px of empty space between the bottom of box-13 and container-1's bottom dashed border (keep the ~75px space above box-9); roughly height 475px. Keep all boxes, sizes and labels unchanged."
claude_capped,2a19a50f-6c28-4b5c-9509-4581a6970351,1,1,0,0,Creation,1001,"Build a centered vertical wireframe on a white page, max width ~1080px, all elements horizontally centered in a column, each box a rectangle with thin border, rounded corners, monospace label text centered inside.

Order top to bottom, with ~8px vertical gaps:
1. box-1: width 480px, height 70px.
2. box-2: width 340px, height 72px.
3. A row (total width 480px) containing box-3 (width 130px, height 76px) and box-4 (width 340px, height 76px) side by side with a small gap.
4. A row containing box-5, box-6, box-7, each width 120px, height 68px, small gaps, row centered.
5. box-8: width 240px, height 68px.
6. container-1: a dashed-border box, width 430px, height 500px, its label ""container-1"" printed in the top-right corner inside it. Inside container-1, centered vertically stacked with ~8px gaps starting ~70px from its top: box-9 (width 270px), box-10 (width 210px), box-11 (width 250px), box-12 (width 230px), box-13 (width 190px), each height 68px, all horizontally centered in the container."
claude_capped,889f6c80-6ccb-407a-9fef-36b48da4db06,1,1,0,0,Creation,1021,"Build a centered vertical wireframe on a white page, max width ~1080px, all boxes centered horizontally with thin dark borders, slightly rounded corners, monospace labels centered inside each box. Stack top to bottom with ~8px gaps:
1) box-1: width 480px, height 75px.
2) box-2: width 335px, height 75px.
3) A horizontal row (total width 480px, centered): box-3 width 130px height 75px, then 8px gap, box-4 width 340px height 75px.
4) A horizontal row centered: box-5 width 120px, box-6 width 120px, box-7 width 120px, each height 70px, 8px gaps.
5) box-8: width 240px, height 70px.
6) container-1: width 430px, height 500px, dashed thin border, its label 'container-1' printed as text in the top-right corner inside it. Inside container-1, centered vertically-stacked boxes with ~10px gaps, each height 65px: box-9 width 270px, box-10 width 210px, box-11 width 250px, box-12 width 230px, box-13 width 190px, with the first box starting ~70px below the container top.
Print labels exactly: box-1 … box-13 and container-1."
claude_capped,2a19a50f-6c28-4b5c-9509-4581a6970351,3,0,0,1,Adjustment,546,"Three fine adjustments, keeping all labels, widths and heights the same:
(1) Reduce the empty space above box-1 to ~50px so box-1's top starts higher on the page.
(2) Increase the vertical gaps between the stacked top elements (box-1, box-2, the box-3/box-4 row, the box-5/6/7 row, box-8, and container-1) from ~8px to ~14px.
(3) Increase the vertical gaps between box-9, box-10, box-11, box-12 and box-13 inside container-1 from ~8px to ~12px, and increase container-1's height accordingly to ~495px so ~30px of empty space remains below box-13."
claude_capped,889f6c80-6ccb-407a-9fef-36b48da4db06,2,0,0,1,Adjustment,363,"Two small fixes: (1) Inside container-1, increase the vertical gaps between box-9…box-13 to ~15px and reduce container-1's height to ~490px so that box-13's bottom sits only ~30px above the container's bottom edge (no large empty space at the bottom). (2) Add ~78px of empty space above box-1 at the top of the page. Keep all existing labels and widths unchanged."
claude_capped,1e523e43-ce38-43ae-b53e-8295649f24ae,1,1,0,0,Creation,1139,"Build an HTML wireframe page (~1080px wide, light background, all boxes drawn as bordered rectangles with their label text centered inside, monospace font). Structure top to bottom:

1) A dashed-border container spanning full width, label 'container-1' printed at its top-right. Inside it, one row: 'box-1' on the left (about 200px wide, 50px tall), and on the far right three small boxes side by side: 'box-2', 'box-3', 'box-4' (each ~115px wide, 50px tall, small gaps).

2) A row of three equal large boxes with small gaps: 'box-5', 'box-6', 'box-7' — each about 32% wide and 250px tall.

3) A two-column region below. Left column ~230px wide containing stacked: 'box-8' (50px tall), 'box-9' (220px tall), 'box-10' (150px tall). Right column starting at about x=285 and extending to the right edge containing: 'box-11' (only ~380px wide, 50px tall), then 'box-12' (full column width, 95px tall), then 'box-13' (full column width, 125px tall).

4) A dashed-border container spanning full width, label 'container-2' at its top-right, containing two small boxes side by side at the left: 'box-14' and 'box-15' (each ~115px wide, 50px tall)."
claude_capped,43ce984b-ed26-428b-bf7e-341a316ffacf,7,0,0,1,Adjustment,702,"Set the two bottom dotted containers to explicit fixed heights instead of relying on padding: LEFT container height exactly 505px, RIGHT container height exactly 545px (both starting at the same top, y≈452). Keep their inner top padding ~70px and side padding ~18px, but set bottom padding to 0 and let the fixed height create the remaining space, so the LEFT container's dotted bottom border lands at y≈957 (about 22px below box-12's bottom) and the RIGHT container's bottom border at y≈997 (about 35px below box-15's bottom). Also add box-sizing:border-box to both containers so the heights are exact and nothing on the page extends below y≈1000. Keep all labels box-1 … box-15 unchanged and visible."
claude_capped,1e523e43-ce38-43ae-b53e-8295649f24ae,2,0,0,1,Adjustment,854,"Fix the horizontal overflow: set `box-sizing: border-box` on all elements, give the page a fixed content area of 1040px centered with 30px left/right page margins, and make every row/section align to those same left and right edges. Specifically: box-5, box-6, box-7 must each be about 32% of the content width with small gaps so the right edge of box-7 lands exactly on the content's right edge; and box-11, box-12, box-13 must all end at that same right edge (box-12 and box-13 spanning from x≈285 to the right edge, box-11 only ~380px wide). The dashed container-1 and container-2 should also span exactly the content width, and their inner boxes (box-1 left, box-2/3/4 flush right; box-14/box-15 flush left) must stay inside without touching the container border. Nothing should be clipped or extend past the page. Keep all existing labels unchanged."
claude_capped,1e523e43-ce38-43ae-b53e-8295649f24ae,3,0,0,1,Adjustment,838,"Adjust vertical spacing only (keep all labels and horizontal layout as is). Make container-1 taller: about 160px total height, with its 'container-1' label on its own line at the top-right and the row of box-1 / box-2-3-4 vertically centered below the label (roughly 30px padding above and below). Make container-2 about 110px tall, with the 'container-2' label at the top-right and box-14/box-15 below it, and place box-14 flush to the container's left inner edge with only a small ~10px gap before box-15. Increase the gap between container-1 and the box-5/6/7 row to about 25px, and keep ~30px between the box-5/6/7 row and the box-8/box-11 row. Increase the vertical gaps inside the two-column region slightly so that the bottom of box-10 sits just above container-2 (about 25px gap). The whole page should end up roughly 1080px tall."
claude_capped,1e523e43-ce38-43ae-b53e-8295649f24ae,6,0,0,1,Adjustment,706,"Vertical fine-tuning only; keep all labels and horizontal layout.

1) In the left column, reduce heights: box-9 to about 200px tall and box-10 to about 120px tall (box-8 stays 50px). Keep the same ~20px gaps between them.

2) Reduce box-13's height slightly to about 115px (box-12 stays ~95px).

3) Inside container-1, reduce the bottom padding so the box-1 / box-2-3-4 row sits lower: aim for roughly 30px above the row (below the container-1 label) and only ~20px below the row, keeping container-1's total height near 155px.

4) Move container-2 up so its top edge sits about 25px below the bottom of box-10, and make the whole page end at roughly 1080px tall with about 20px of space below container-2."
claude_capped,1e523e43-ce38-43ae-b53e-8295649f24ae,4,0,0,1,Adjustment,777,"Two alignment fixes only; keep all labels and vertical structure.

1) Remove the inner horizontal padding of the dashed containers so their child boxes align to the same left/right edges as the rest of the page: box-1's left edge must line up exactly with box-5's and box-8's left edges, box-4's right edge must line up exactly with box-7's and box-12/box-13's right edges, and box-14's left edge must line up with box-8's left edge. (Keep the vertical padding as is, and keep the container-1 / container-2 labels at the top-right corners.)

2) Trim overall page height by about 25px so the layout ends around 1080px tall: slightly reduce the gap between box-13's bottom / box-10's bottom and container-2, and slightly reduce the top gap inside container-1 above the box-1 row."
claude_capped,1e523e43-ce38-43ae-b53e-8295649f24ae,7,0,0,1,Adjustment,647,"Two horizontal fixes only; keep all labels and vertical layout.

1) Fix the right-edge overflow: nothing should extend past the content area. Make sure box-4's right edge, box-7's right edge, and box-12/box-13's right edges all land on exactly the same x, about 20px inside the page's right side, and that the dashed borders of container-1 and container-2 are fully visible (not clipped) at that same x.

2) Move the right column slightly left: box-11, box-12 and box-13 should all start at x = 285 (measured from the page's left content edge at box-8/box-5), instead of ~315, and still end at the shared right edge. box-11 stays about 380px wide."
claude_capped,1e523e43-ce38-43ae-b53e-8295649f24ae,5,0,0,1,Adjustment,657,"Two small refinements only; keep all labels.

1) Inside container-1, rebalance vertical space: keep the 'container-1' label on its own line at the top-right, then place the box-1 / box-2-3-4 row directly beneath it, and reduce the empty space below that row so the bottom padding is about the same as the space between the label and the row (roughly 20-25px). Container-1's total height stays about 155px, so the row sits lower/more centered than now.

2) Make box-8 narrower than the rest of the left column: about 185px wide (instead of matching box-9/box-10's 230px), still flush with the same left edge. box-9 and box-10 keep their current ~230px width."
claude_capped,1e523e43-ce38-43ae-b53e-8295649f24ae,8,0,0,1,Adjustment,783,"Horizontal fixes only; keep all labels and vertical layout. The layout is still overflowing on the right. Set the page/body to exactly 1080px wide with overflow hidden, and define one content area from x=30 to x=1050 (1020px wide). EVERY section must obey it: container-1 and container-2 dashed borders must start at x=30 and their right dashed border must be fully visible at x=1050; box-5/box-6/box-7 must divide the 1020px with ~20px gaps so box-7's right edge is exactly 1050; box-12 and box-13 must end exactly at 1050; box-4's right edge must also be exactly at 1050 (with box-2, box-3 to its left, ~115px each, ~10px gaps). Nothing may be clipped. Also move the right column left: box-11, box-12 and box-13 all start at x=285, and box-11 stays ~380px wide (ending near x=665)."
claude_capped,1e523e43-ce38-43ae-b53e-8295649f24ae,10,0,0,1,Adjustment,500,"One vertical fix inside container-1 only; keep all labels and everything else unchanged. The box-1 / box-2-3-4 row sits too high. Keep the 'container-1' label on its own line at the top-right, then increase the space between that label and the row to about 45px, and reduce the padding below the row to about 20px, so the row sits noticeably lower (roughly in the lower half of the container). Container-1's total height stays about 155px, and its top edge stays about 25px below the top of the page."
claude_capped,1e523e43-ce38-43ae-b53e-8295649f24ae,9,0,0,1,Adjustment,510,"One horizontal fix only; keep all labels and all vertical layout. The right column is still starting too far right. Shift box-11, box-12 and box-13 so their left edges all sit at x=285 measured from the page's left edge (i.e. 255px to the right of box-8/box-5's left edge at x=30), instead of the current ~315. They must still end at the shared right edge x=1050 for box-12 and box-13, so those boxes get ~30px wider. box-11 keeps its ~380px width, so it now spans roughly x=285 to x=665. Nothing else changes."
claude_capped,1e523e43-ce38-43ae-b53e-8295649f24ae,11,0,0,1,Adjustment,555,"Two small vertical tweaks only; keep all labels and horizontal layout.

1) Inside container-1, push the box-1 / box-2-3-4 row down about 20px more: the space between the 'container-1' label line and the row should be roughly 60px, and the padding below the row only ~20px. Container-1's total height stays ~155px with its top edge ~27px from the page top.

2) Shift container-2 down about 20px so its top edge sits ~45px below the bottom of box-10, keeping its ~110px height, so the page ends around 1080px tall with a small (~20px) gap below container-2."
claude_capped,997fa894-8eea-4e7a-96ed-9c648f859b2f,1,1,0,0,Creation,1086,"Build a full-width wireframe page (~1080px wide) with thin bordered boxes, each printing its exact label text as visible content, stacked vertically with small gaps.

1) Top: a dashed-border container labeled ""container-1"" (label text top-right). Inside, one row: a box ""box-1"" on the left (~220px wide, 50px tall), then pushed to the far right three small boxes ""box-2"", ""box-3"", ""box-4"" side by side (~115px each, 50px tall).

2) Below: a row of three equal boxes ""box-5"", ""box-6"", ""box-7"", each ~32% wide and ~250px tall, labels centered.

3) Below: a two-column area. Left column (~235px wide): ""box-8"" (~50px tall), then ""box-9"" (~220px tall), then ""box-10"" (~130px tall). Right column (starts ~285px from left, extends to right edge): ""box-11"" (only ~385px wide, 50px tall, left-aligned), then ""box-12"" (full column width, ~100px tall), then ""box-13"" (full column width, ~125px tall). Labels centered in each.

4) Bottom: a dashed container labeled ""container-2"" (label top-right) containing two small boxes ""box-14"" and ""box-15"" side by side at the left (~115px each, 50px tall)."
claude_capped,997fa894-8eea-4e7a-96ed-9c648f859b2f,2,0,0,1,Adjustment,620,"Two refinements:

1) In both dashed containers, put the container label on its own line at the top-right, above the inner boxes, so it no longer overlaps them. Give each container ~12px inner padding. This makes container-1 about 155px tall total (label line + the 50px box row) and container-2 about 110px tall (label line + the 50px box row).

2) Add ~28px padding on the left and right edges of the whole page and ~28px at the top and bottom, so all boxes and containers are inset from the page edges rather than nearly touching them; keep the three-column and two-column widths proportional to the new content width."
claude_capped,fece7f86-131a-423a-8e7b-c48fb0a3c264,1,1,0,0,Creation,870,"Build a wireframe on a 1080x1080 canvas using absolute positioning inside a relative container; every box is a plain bordered rectangle with its label text centered inside. Left column (labels box-1 through box-8, each ~75px tall): box-1 at left:20,top:113,width:118; box-2 at left:20,top:207,width:152; box-3 at left:20,top:302,width:152; box-4 at left:20,top:396,width:118; box-5 at left:20,top:510,width:118; box-6 at left:20,top:602,width:152; box-7 at left:20,top:697,width:118; box-8 at left:20,top:791,width:135. Right area: box-9 at left:250,top:110,width:300,height:380. box-10 at left:250,top:553,width:553,height:82. box-11 at left:250,top:710,width:363,height:82. box-12 at left:820,top:701,width:220,height:100. box-13 at left:250,top:873,width:395,height:94. box-14 at left:760,top:871,width:280,height:98. Print the exact labels box-1 ... box-14 as shown."
claude_capped,ebd4d164-51d8-40e6-82c7-db7121a8deb1,1,1,0,0,Creation,933,"Create an HTML page with a 1080x1080 relative-positioned canvas. Add 13 absolutely-positioned bordered rectangles, each printing its exact label text centered inside. Use these positions/sizes (px, from top-left of canvas):
box-1: left 40, top 58, width 360, height 72
box-2: left 44, top 213, width 153, height 72
box-3: left 44, top 303, width 173, height 72
box-4: left 44, top 393, width 133, height 72
box-5: left 44, top 638, width 120, height 72
box-6: left 44, top 728, width 145, height 72
box-7: left 44, top 818, width 120, height 72
box-8: left 289, top 213, width 240, height 72
box-9: left 289, top 302, width 520, height 180
box-10: left 863, top 213, width 155, height 72
box-11: left 863, top 300, width 173, height 290
box-12: left 863, top 760, width 138, height 72
box-13: left 863, top 850, width 120, height 72
Labels must read exactly box-1 through box-13. Use a monospace font, white fill, thin black borders."
claude_capped,556826f4-0e79-4402-95d0-4c3b4b85b94b,1,1,0,0,Creation,643,"Build an HTML wireframe on a white page (about 1080px wide, 1080px tall) using absolutely positioned bordered rectangles, each printing its exact label text centered inside. Use these positions/sizes (left, top, width, height in px):

box-1: 40, 58, 360, 70
box-2: 44, 214, 152, 70
box-3: 44, 303, 172, 70
box-4: 44, 396, 133, 65
box-5: 44, 640, 120, 68
box-6: 44, 730, 145, 68
box-7: 44, 821, 120, 68
box-8: 290, 214, 238, 70
box-9: 290, 300, 519, 182
box-10: 863, 213, 155, 72
box-11: 863, 299, 174, 290
box-12: 863, 762, 138, 68
box-13: 863, 852, 120, 70

All boxes have a 1px solid black border, monospace label text, and no other content."
claude_no_thinking,8f39071d-89a4-48db-96cc-cc3b28dee4d3,1,1,0,0,Creation,1511,"Build an HTML wireframe page, roughly 1080px wide, all boxes drawn as thin solid-bordered rectangles with their label text centered inside in a monospace font. Containers use dotted borders. Structure top to bottom:

1) A full-width dotted container (container spanning nearly the whole page width, about 145px tall, small padding) containing a left group and a right group on the same row: left group has box-1 (about 110px wide, 60px tall) then box-2 (about 220px wide, 60px tall) side by side with a small gap; right group, pushed to the far right of the container, has box-3 (about 110px wide, 60px tall), box-4 (about 115px wide, 60px tall), box-5 (about 115px wide, 60px tall) side by side with small gaps.

2) Below it, a row (not a dotted container, just layout) with box-6 on the left as a tall narrow box (about 120px wide, 195px tall), and to its right a column containing box-7 (about 300px wide, 65px tall) on top, and under it a row of box-8 (about 120px wide, 60px tall) and box-9 (about 120px wide, 60px tall) side by side.

3) Below that, a row of two dotted containers side by side with a gap, each about 500px wide, left one starting at the left margin. The left dotted container holds, stacked vertically: box-10 (full inner width, 60px tall), box-11 (full inner width, 195px tall), box-12 (full inner width, 140px tall). The right dotted container holds, stacked vertically: box-13 (full inner width, 60px tall), box-14 (full inner width, 240px tall), box-15 (full inner width, 110px tall)."
claude_no_thinking,8f39071d-89a4-48db-96cc-cc3b28dee4d3,2,0,0,1,Adjustment,607,"Two structural fixes: (1) In the left dotted container, box-10 should be inset from the container's left edge by about 18px (so it starts slightly right of box-11/box-12's left edge is not needed — instead make box-10 slightly narrower than box-11 and box-12: box-10 about 415px wide, box-11 and box-12 full inner width ~470px). Similarly in the right dotted container, box-13 about 375px wide while box-14 and box-15 stay full inner width. (2) The right dotted container should be slightly taller than the left one — extend it so its bottom edge sits about 40px lower than the left container's bottom edge."
claude_no_thinking,830805a6-e3a6-476f-9010-2455f8fcc18f,2,0,0,1,Adjustment,915,"Fix a few structural details: (a) box-10 should be ~415px wide but sit inside the left container starting at the same left inset as box-11 — keep it, it's fine; instead make the left container's contents inset ~15px and box-13 in the right container ~375px wide starting at the same left inset as box-14 (already OK). (b) Most importantly, the vertical spacing: reduce the gap between box-7 and the box-8/box-9 row so box-7's bottom edge is only ~8px above them, and make box-6 span the full height of that group (top aligned with box-7's top, bottom aligned with the bottom of box-8/box-9 plus a little, ~190px total). (c) Remove the 'container-1', 'container-2', 'container-3' label texts from the corners — instead the containers must still show a dashed border, but print no label text (the target shows no container labels). (d) Reduce the top container's height to ~150px and keep the row vertically centered."
claude_capped,87c0f898-a609-49d4-a9da-12ac76567364,1,1,0,0,Creation,813,"Build an absolutely-positioned wireframe on a 1080x1080 white canvas; every box is a plain bordered rectangle with its label text centered inside, using exactly these labels. Left column of 8 small boxes, left edge x=20: box-1 at y=115, width 120, height 75; box-2 at y=205, width 155, height 75; box-3 at y=300, width 155, height 75; box-4 at y=396, width 120, height 75; box-5 at y=510, width 120, height 75; box-6 at y=601, width 155, height 75; box-7 at y=696, width 120, height 75; box-8 at y=791, width 135, height 75. Right area: box-9 at x=250, y=110, width 300, height 380. box-10 at x=250, y=555, width 555, height 78. box-11 at x=250, y=710, width 363, height 82. box-12 at x=820, y=700, width 220, height 102. box-13 at x=250, y=871, width 395, height 96. box-14 at x=760, y=871, width 280, height 96."
claude_no_thinking,b80c3ad7-ee14-4195-ab47-9832a5707245,1,1,0,0,Creation,1077,"Build a centered vertical wireframe on a white page, all elements horizontally centered in a column about 480px wide, each element a rectangle with a thin border and its label text centered inside in a monospace font.

From top to bottom:
1. box-1: full width (480px), height 70px.
2. box-2: width 340px, height 70px.
3. A row of two boxes side by side, total width 480px, height 75px: box-3 on the left (width 130px) and box-4 on the right (width 340px), with a small gap between them.
4. A row of three boxes side by side, height 68px, centered: box-5 (width 120px), box-6 (width 120px), box-7 (width 120px), small gaps between them.
5. box-8: width 240px, height 70px.
6. container-1: a dashed-border box, width 430px, height about 500px, with its label ""container-1"" printed in the top-right inside it. Inside container-1, stacked vertically and centered, each height 68px with small vertical gaps: box-9 (width 270px), box-10 (width 210px), box-11 (width 250px), box-12 (width 230px), box-13 (width 190px).

Use small vertical gaps (about 8-12px) between the stacked rows."
claude_no_thinking,830805a6-e3a6-476f-9010-2455f8fcc18f,1,1,0,0,Creation,1641,"Build an HTML wireframe page (about 1080px wide, light background, monospace labels, each element outlined with a border and its exact label text centered inside). Structure it as follows, top to bottom:

1) A full-width dashed-border container at the top (roughly 1075px wide, ~150px tall, small margin from page edges). Inside it, on one horizontal row vertically centered: on the left side, a box labeled 'box-1' (~115px wide, 55px tall) followed by a box labeled 'box-2' (~220px wide, 55px tall) with a small gap; then pushed to the right end of the container, three boxes in a row labeled 'box-3' (~115px wide), 'box-4' (~120px wide), 'box-5' (~115px wide), each 55px tall, with small gaps between them.

2) Below that, a section (no outer border) containing a left tall box labeled 'box-6' (~118px wide, ~190px tall) and, to its right, a stacked group: first a box labeled 'box-7' (~300px wide, 62px tall) aligned to the top, then below it a row of two boxes labeled 'box-8' (~120px wide, 60px tall) and 'box-9' (~120px wide, 60px tall) side by side with a small gap. The whole group starts about 30px from the left page edge.

3) Below that, two dashed-border containers side by side, starting about 30px from the left edge:
   - Left container (~500px wide) containing stacked boxes with gaps: 'box-10' (~415px wide, 60px tall), 'box-11' (~475px wide, 200px tall), 'box-12' (~475px wide, 130px tall).
   - Right container (~505px wide) containing stacked boxes: 'box-13' (~375px wide, 60px tall), 'box-14' (~470px wide, 235px tall), 'box-15' (~470px wide, 120px tall).
   The right container extends slightly lower than the left one."
claude_no_thinking,b80c3ad7-ee14-4195-ab47-9832a5707245,2,0,0,1,Adjustment,286,"Reduce container-1's height so it ends about 20px below box-13's bottom edge (roughly 420px tall instead of 500px), and add about 60px of top padding inside container-1 so box-9 starts below the 'container-1' label. Also add about 70px of empty space above box-1 at the top of the page."
claude_no_thinking,84fe5362-504c-4b7c-912b-da5a796060b3,1,1,0,0,Creation,1351,"Build an HTML wireframe page, full width, with thin dashed or solid borders on all boxes and each element printing its exact label text inside it. Structure top to bottom:

1) A dashed-border container labeled 'container-1' (label text sits at its top-right corner). Inside it, a horizontal row: a box labeled 'box-1' on the far left (about 20% wide, ~45px tall), then pushed to the far right three small boxes side by side labeled 'box-2', 'box-3', 'box-4' (each about 100px wide, ~45px tall, small gaps between them).

2) Below, a row of three equal-height large boxes (~250px tall) labeled 'box-5', 'box-6', 'box-7', each roughly 31% wide with gaps, spanning the full width; labels centered.

3) Below that, a two-column area. Left column is about 22% wide and contains, stacked vertically: 'box-8' (~50px tall), 'box-9' (~220px tall), 'box-10' (~130px tall). Right column takes the remaining ~76% width and contains, stacked vertically: 'box-11' (~50px tall but only about half the width of that column, left-aligned), 'box-12' (~95px tall, full column width), 'box-13' (~125px tall, full column width). All labels centered in their boxes.

4) At the bottom, a dashed-border container labeled 'container-2' (label at its top-right). Inside it, on the left, two small boxes side by side labeled 'box-14' and 'box-15' (each ~110px wide, ~45px tall)."
claude_no_thinking,e5b7f9fb-005a-4018-adb5-f65b53b6d692,1,1,0,0,Creation,1268,"Build a centered vertical wireframe on a white page, roughly 1080px tall, with all elements horizontally centered in a column about 480px wide starting near the top (about 75px from the top). Every box is a rectangle with a thin 1px solid black border, slightly rounded corners, and its label printed centered inside in a monospace font. Stack these in order with about 8px vertical gaps:
1. box-1: full width 480px, height 70px.
2. box-2: width 335px, height 70px, centered.
3. A row (centered, no gap issues) containing two boxes side by side with a small 8px gap: box-3 width 130px, height 70px, and box-4 width 340px, height 70px.
4. A row of three boxes side by side with 8px gaps, centered: box-5 width 120px, box-6 width 120px, box-7 width 120px, all height 70px.
5. box-8: width 240px, height 70px, centered.
6. container-1: a box with a thin dotted black border, width 430px, height 500px, centered, with its label 'container-1' printed in the top-right corner inside it. Inside container-1, stack these centered boxes with about 8px vertical gaps, starting about 60px below the top of the container: box-9 width 270px height 70px, box-10 width 210px height 70px, box-11 width 250px height 70px, box-12 width 230px height 70px, box-13 width 195px height 70px."
claude_no_thinking,894244e2-85d5-4de2-a36f-1c36abeb838b,1,1,0,0,Creation,1553,"Build an HTML wireframe page, full width, with plain bordered boxes each printing its exact label text inside, centered. Use a page container with about 30px padding. Structure top to bottom:

1) A dashed-border header container labeled 'container-1' (label printed in its top-right corner, small text). Inside it, a row: on the left a bordered box labeled 'box-1' about 220px wide and 50px tall; pushed to the far right, three bordered boxes labeled 'box-2', 'box-3', 'box-4' side by side, each about 115px, 90px, 115px wide and 50px tall with small gaps.

2) A row of three equal-width bordered boxes labeled 'box-5', 'box-6', 'box-7', each roughly one-third of the width with ~18px gaps, each about 250px tall, label centered vertically.

3) A two-column area below: the left column is about 23% wide, the right column fills the rest, with a gap between them.
   - Left column stacked vertically: 'box-8' (about 55px tall), then 'box-9' (about 225px tall), then 'box-10' (about 140px tall), with small vertical gaps.
   - Right column stacked vertically: 'box-11' (about 55px tall but only about half the column width, aligned left), then 'box-12' (full column width, about 95px tall), then 'box-13' (full column width, about 125px tall), with small vertical gaps.

4) A dashed-border footer container labeled 'container-2' (label printed in its top-right corner). Inside it, on the left, two small bordered boxes labeled 'box-14' and 'box-15' side by side, each about 115px wide and 50px tall.

Keep all labels visible as text inside their elements."
claude_no_thinking,894244e2-85d5-4de2-a36f-1c36abeb838b,2,0,0,1,Adjustment,505,"Two adjustments: (1) In container-1, make box-1 start at the far left edge of the container's inner padding (no extra left offset) and make it about 220px wide, and make box-2, box-3, box-4 each end flush at the container's right inner edge. (2) In the two-column area, reduce the left column width so box-8, box-9, box-10 are about 235px wide (box-8 slightly narrower, about 185px wide), and make box-10 about 140px tall so its bottom sits above container-2 with a small gap. Keep all labels as they are."
claude_no_thinking,0885af6c-77f7-4e70-9730-4039d24d8bd1,1,1,0,0,Creation,945,"Build an HTML wireframe on a white page 1080px wide and about 1080px tall, using absolutely positioned divs with 1px solid black borders, each containing its label text centered in a monospace font. Place these boxes at exactly these positions (left, top, width, height in px), with the exact label text shown:
- box-1: left 40, top 58, width 360, height 71
- box-2: left 44, top 214, width 154, height 70
- box-3: left 44, top 304, width 173, height 70
- box-4: left 44, top 394, width 134, height 70
- box-5: left 44, top 639, width 120, height 70
- box-6: left 44, top 729, width 145, height 70
- box-7: left 44, top 819, width 120, height 70
- box-8: left 290, top 214, width 238, height 70
- box-9: left 290, top 300, width 519, height 180
- box-10: left 864, top 214, width 154, height 70
- box-11: left 864, top 300, width 172, height 288
- box-12: left 864, top 760, width 137, height 71
- box-13: left 864, top 851, width 120, height 70"
claude_no_thinking,ea4ab841-00b8-4f61-aaf4-f94df0091f25,1,1,0,0,Creation,1078,"Build an HTML wireframe on a white page (canvas about 1080x1080px) using absolutely positioned divs, each with a thin 1px solid black border, slightly rounded corners, and its label text centered inside in a monospace font. Create exactly these boxes with these labels and positions (left, top, width, height in px):

Left column (stacked, small boxes):
- box-1 at left 20, top 113, width 120, height 78
- box-2 at left 20, top 205, width 153, height 78
- box-3 at left 20, top 300, width 153, height 78
- box-4 at left 20, top 396, width 120, height 76
- box-5 at left 20, top 510, width 120, height 76
- box-6 at left 20, top 600, width 153, height 78
- box-7 at left 20, top 700, width 120, height 68
- box-8 at left 20, top 792, width 136, height 74

Main area:
- box-9 at left 250, top 110, width 300, height 380
- box-10 at left 250, top 555, width 553, height 80
- box-11 at left 250, top 710, width 363, height 82
- box-12 at left 820, top 700, width 220, height 102
- box-13 at left 250, top 872, width 396, height 94
- box-14 at left 760, top 870, width 280, height 98"
claude_no_thinking,16a8e32d-aa93-409b-94c9-bf8d84b86b54,1,1,0,0,Creation,963,"Create an HTML page with a plain white background using absolutely positioned bordered rectangles (1px solid black), each showing its label text centered in a monospace font. Canvas is 1080x1080px. Place these boxes exactly:
- box-1: left 40px, top 57px, width 360px, height 73px
- box-2: left 44px, top 213px, width 154px, height 71px
- box-3: left 44px, top 303px, width 173px, height 71px
- box-4: left 44px, top 394px, width 133px, height 70px
- box-5: left 43px, top 639px, width 121px, height 70px
- box-6: left 43px, top 729px, width 146px, height 70px
- box-7: left 43px, top 820px, width 122px, height 69px
- box-8: left 289px, top 213px, width 240px, height 71px
- box-9: left 289px, top 303px, width 520px, height 176px
- box-10: left 863px, top 213px, width 155px, height 71px
- box-11: left 863px, top 300px, width 173px, height 288px
- box-12: left 863px, top 761px, width 138px, height 69px
- box-13: left 863px, top 852px, width 120px, height 70px"
claude_no_thinking,7206f47d-86f0-4a4f-9287-2fe96f7146d4,1,1,0,0,Creation,1036,"Build an HTML wireframe on a white 1080x1080 canvas using absolutely positioned divs, each with a thin 1px solid black border, slightly rounded corners, and its label text centered inside in a monospace font (~17px). Place these boxes at exactly these positions (left, top, width, height in px):

Left column (labels box-1 through box-8):
- box-1: left 20, top 113, width 120, height 78
- box-2: left 20, top 204, width 152, height 78
- box-3: left 20, top 299, width 152, height 78
- box-4: left 20, top 395, width 120, height 78
- box-5: left 20, top 509, width 120, height 78
- box-6: left 20, top 600, width 152, height 78
- box-7: left 20, top 696, width 120, height 78
- box-8: left 20, top 790, width 136, height 78

Main area:
- box-9: left 250, top 110, width 300, height 380
- box-10: left 250, top 555, width 553, height 78
- box-11: left 250, top 711, width 363, height 79
- box-12: left 820, top 700, width 220, height 100
- box-13: left 250, top 872, width 396, height 94
- box-14: left 760, top 869, width 279, height 100"
claude_element_cap,827bd75d-fe2c-46ec-a5ef-9ff0e68d2c51,2,1,0,0,Creation,417,"Below the header container, add a section (left-aligned, starting at the same left margin, no dashed border) laid out as a row: first a tall narrow box labeled 'box-6' about 120px wide and 190px tall. To its right, a column: a box labeled 'box-7' about 300px wide and 65px tall on top, and beneath it a row of two boxes each about 60px tall — 'box-8' (120px wide) and 'box-9' (120px wide). Print exactly those labels."
claude_element_cap,827bd75d-fe2c-46ec-a5ef-9ff0e68d2c51,1,1,0,0,Creation,641,"Build a wireframe page (light background, dashed-border containers, solid-border boxes, monospace labels centered in each box). Start with the top header: a full-width dashed-border container spanning the page (with small side margins, about 165px tall) that holds two groups on one row. On the left, side by side: a small box labeled 'box-1' (about 120px wide, 60px tall) and a wider box labeled 'box-2' (about 220px wide, 60px tall). Pushed to the right side of the same container, three boxes side by side, each about 60px tall: 'box-3' (115px wide), 'box-4' (115px wide), 'box-5' (115px wide). Print exactly those labels inside each box."
claude_element_cap,827bd75d-fe2c-46ec-a5ef-9ff0e68d2c51,4,1,0,0,Creation,484,"Now add the RIGHT dashed-border container in that same row, positioned to the right of the left container starting at about x=545 and with the same top edge (y≈450), about 500px wide and about 540px tall. Inside it, stacked with small gaps: 'box-13' (about 375px wide, 65px tall, aligned to the container's inner left padding), then 'box-14' (about 475px wide, 235px tall), then 'box-15' (about 475px wide, 110px tall). Print exactly those labels; the container itself needs no label."
claude_element_cap,827bd75d-fe2c-46ec-a5ef-9ff0e68d2c51,3,1,0,0,Creation,530,"Below the box-6/box-7 section, add a row of two dashed-border containers side by side (top edge around y=450). Right now build only the LEFT container: it starts at the same left page margin, is about 500px wide and about 500px tall, and stacks three solid boxes inside with small gaps: 'box-10' (about 415px wide, 65px tall, aligned to the container's inner left padding), then 'box-11' (about 475px wide, 190px tall), then 'box-12' (about 475px wide, 130px tall). Print exactly those labels; the container itself needs no label."
claude_element_cap,827bd75d-fe2c-46ec-a5ef-9ff0e68d2c51,5,0,0,1,Adjustment,486,"Adjust the two dashed containers in the bottom row: inside each, increase the top padding so the first box (box-10 on the left, box-13 on the right) starts about 70px below the container's top edge, and keep only about 25px of padding below the last box (box-12 / box-15) so there is no large empty gap at the bottom. Keep the box heights and widths as they are; the left container should end up about 505px tall and the right about 545px tall, both still starting at the same top edge."
claude_element_cap,827bd75d-fe2c-46ec-a5ef-9ff0e68d2c51,6,0,0,1,Adjustment,391,"Shift the bottom row of two dashed containers down slightly: add about 30px more vertical gap between the box-6/box-7 section and that row, so both containers' top edges sit at about y=450 while keeping their current widths and heights (left ≈505px tall, right ≈545px tall). Also reduce the empty space at the bottom of the RIGHT container so only about 30px of padding remains below box-15."
claude_element_cap,827bd75d-fe2c-46ec-a5ef-9ff0e68d2c51,7,0,0,1,Adjustment,382,"Shift the section containing box-6, box-7, box-8 and box-9 down by about 30px (add ~30px top margin to that section) while keeping the bottom row of dashed containers at their current top edge of about y=450, so the gap between box-6's bottom and the containers is only about 25px. Also nudge that section's left edge to start at the same left margin as the containers (about x=30)."
claude_element_cap,827bd75d-fe2c-46ec-a5ef-9ff0e68d2c51,8,0,0,1,Adjustment,381,"Two fixes: (1) In the RIGHT dashed container, cut the empty space under 'box-15' so only about 25px of padding remains below it, making that container end about 30px below box-15's bottom edge. (2) In the box-6 section, reduce the horizontal gap between 'box-8' and 'box-9' to about 8px so they nearly touch, and make sure box-8's left edge lines up exactly with box-7's left edge."
claude_element_cap,827bd75d-fe2c-46ec-a5ef-9ff0e68d2c51,9,0,0,1,Adjustment,399,"In the RIGHT dashed container, increase the heights of the lower boxes: make 'box-14' about 235px tall and 'box-15' about 110px tall (keep both about 475px wide and their current left alignment), and let the container grow so it ends about 30px below box-15 — its bottom edge should land around y=993, roughly 35px lower than the left container's bottom. Also widen 'box-13' slightly to about 375px."
claude_element_cap,ad039b64-9080-4d51-b274-1e1b6c6f2dee,1,1,0,0,Creation,699,"Start a new wireframe page about 1080px wide with a light background. At the very top, create a full-width bar with a thin dashed border (no label of its own) that is about 155px tall, with about 30px of inner padding. Inside this bar, lay out small bordered rectangles about 58px tall on a single row, vertically centered: on the left side, first a box roughly 120px wide labeled 'box-1', then about 20px gap, then a wider box roughly 240px wide labeled 'box-2'. On the right side of the same bar, right-aligned, place two boxes side by side with about 8px gaps: one roughly 115px wide labeled 'box-3' and one roughly 115px wide labeled 'box-4'. Each box shows its label text centered in monospace."
claude_element_cap,ad039b64-9080-4d51-b274-1e1b6c6f2dee,2,1,0,1,Creation+Adjustment,885,"Two changes. (1) In the top dashed bar's right-aligned group, add a third box after box-4, roughly 115px wide and the same 58px height, labeled 'box-5', so the right group reads box-3, box-4, box-5 with ~8px gaps and ends about 30px from the right edge of the bar. (2) Directly below the top bar, add a new row region starting at the left with about 30px left margin and about 30px of vertical space above it: on the left place a tall bordered box roughly 118px wide and 190px tall labeled 'box-6'; immediately to its right, with about 20px gap, stack two rows in a column — first a bordered box roughly 300px wide and 62px tall labeled 'box-7', then below it (about 8px gap) a horizontal pair of bordered boxes each about 62px tall: one roughly 118px wide labeled 'box-8' and, after an 8px gap, one roughly 118px wide labeled 'box-9'. All boxes show their label centered in monospace."
claude_element_cap,ad039b64-9080-4d51-b274-1e1b6c6f2dee,3,1,0,0,Creation,613,"Below the box-6/box-7 row, leave about 30px of vertical space, then add a dashed-border container (no label of its own) positioned at the left with a 30px left margin, about 500px wide and about 505px tall, with roughly 15px of inner padding. Inside it, stack three bordered boxes left-aligned with about 10px vertical gaps, starting about 70px down from the container's top edge: first a box roughly 415px wide and 62px tall labeled 'box-10', then a box roughly 473px wide and 193px tall labeled 'box-11', then a box roughly 473px wide and 125px tall labeled 'box-12'. Each shows its label centered in monospace."
claude_element_cap,ad039b64-9080-4d51-b274-1e1b6c6f2dee,4,1,0,0,Creation,662,"To the right of the existing dashed container, add a second dashed-border container (no label of its own) whose top edge lines up with the first container's top; place it starting about 545px from the page's left edge, about 500px wide and about 540px tall, with roughly 15px inner padding. Inside it, stack three bordered boxes left-aligned with about 10px vertical gaps, starting about 70px down from that container's top edge: first a box roughly 375px wide and 62px tall labeled 'box-13', then a box roughly 473px wide and 235px tall labeled 'box-14', then a box roughly 473px wide and 110px tall labeled 'box-15'. Each shows its label centered in monospace."
claude_element_cap,ad039b64-9080-4d51-b274-1e1b6c6f2dee,5,0,0,1,Adjustment,458,"Two small adjustments, no new elements. (1) Give the page about 40px of top margin so the top dashed bar begins roughly 40px below the top of the page rather than flush at y=0. (2) Inside that top bar, move its single row of boxes downward: keep the bar about 160px tall but position the row so the boxes' vertical center sits about 105px below the bar's top edge (i.e. more space above the row than below it). Keep all existing labels unchanged and visible."
claude_element_cap,ceeac5f6-84c9-4c29-9c27-958ca8c320de,2,1,0,0,Creation,391,"Below the box-3/box-4 row, with about a 10px vertical gap, add a centered row about 380px wide containing three bordered rectangles side by side with small gaps: box-5 about 120px wide and 65px tall, box-6 about 120px wide and 65px tall, box-7 about 120px wide and 65px tall. Then below that row, with about a 10px gap, add a centered bordered rectangle box-8 about 240px wide and 65px tall."
claude_element_cap,ceeac5f6-84c9-4c29-9c27-958ca8c320de,1,1,0,0,Creation,612,"Create a white page with a vertically stacked, horizontally centered column of bordered rectangles, each printing its label text centered inside. Start with these four, in order from the top with about 10px vertical gaps, beginning roughly 75px from the top of the page: (1) box-1, a rectangle about 475px wide and 70px tall, centered; (2) box-2, about 335px wide and 70px tall, centered; (3) a row about 475px wide, centered, containing two rectangles side by side with a small gap: box-3 about 130px wide and 75px tall on the left, and box-4 taking the remaining width (about 335px) and 75px tall on the right."
claude_element_cap,ceeac5f6-84c9-4c29-9c27-958ca8c320de,4,1,0,1,Creation+Adjustment,389,"Inside container-1, continue the centered stack below box-10 with about 10px vertical gaps: add box-11, a bordered rectangle about 250px wide and 70px tall; then box-12, about 230px wide and 70px tall; then box-13, about 190px wide and 70px tall. After box-13 there should be roughly 20px of space left before the container's bottom dashed edge, so reduce the container's height if needed."
claude_element_cap,ceeac5f6-84c9-4c29-9c27-958ca8c320de,3,1,0,0,Creation,425,"Below box-8, with about a 10px vertical gap, add a centered container with a dashed border, about 430px wide and 500px tall, printing the label container-1 near its top-right corner inside. Inside this container, stack centered bordered rectangles: first box-9, about 270px wide and 70px tall, positioned about 65px below the container's top edge; then, with about a 10px gap below it, box-10, about 210px wide and 70px tall."
claude_element_cap,83a0d8a8-2c89-4207-b9e0-3b032448992c,3,1,0,1,Creation+Adjustment,301,"Inside container-1, directly below box-11 and continuing the same centered stack with about 8px vertical gaps, add two more boxes: box-12 about 230px wide and 68px tall, and box-13 about 190px wide and 68px tall. Then reduce container-1's height so its dashed bottom edge sits about 20px below box-13."
claude_element_cap,83a0d8a8-2c89-4207-b9e0-3b032448992c,1,1,0,0,Creation,769,"Build a centered vertical wireframe on a white page, max width about 1080px, all elements horizontally centered as a column with small gaps (about 8px) between rows. Each element is a bordered rectangle with its label text centered inside in a monospace font. From top to bottom: (1) box-1, a wide bar about 475px wide and 70px tall, starting about 75px from the top; (2) box-2, about 335px wide and 70px tall; (3) a row of two boxes side by side with a small gap: box-3 about 130px wide and 75px tall, and box-4 about 340px wide and 75px tall — this row is centered as a whole; (4) a row of three boxes side by side with small gaps, each about 60px tall: box-5 about 120px wide, box-6 about 120px wide, box-7 about 115px wide; (5) box-8 about 240px wide and 65px tall."
claude_element_cap,ceeac5f6-84c9-4c29-9c27-958ca8c320de,5,0,0,1,Adjustment,262,"Reduce container-1's height by about 30px so there is only about 20px of space between box-13's bottom edge and the container's bottom dashed edge, and render the container-1 label as plain text near the top-right inside the container without its own border box."
claude_element_cap,83a0d8a8-2c89-4207-b9e0-3b032448992c,2,1,0,0,Creation,410,"Below box-8, add a centered container with a dashed border about 430px wide and 500px tall, with the label text container-1 printed inside it near its top-right corner. Inside this container, stack centered boxes with about 8px vertical gaps, starting about 70px below the top of the container: box-9 about 270px wide and 68px tall, box-10 about 210px wide and 68px tall, box-11 about 250px wide and 68px tall."
claude_element_cap,83a0d8a8-2c89-4207-b9e0-3b032448992c,4,0,0,1,Adjustment,263,"Fix container-1's vertical sizing: remove its fixed height and instead let it size to its contents, with about 20px of space between the bottom of box-13 and container-1's dashed bottom edge (keep the current ~70px gap between the container's top edge and box-9)."
claude_element_cap,17a814eb-ef88-446e-8217-b91998faaa0c,2,1,0,0,Creation,509,"Inside container-1, add one more solid-bordered box after box-3 in the same right-aligned row, about 115px wide and 55px tall, labeled 'box-4'. Then, immediately below container-1 (outside it), add a horizontal row of three solid-bordered boxes with about 20px gaps, each about 250px tall: the first about 330px wide labeled 'box-5', the second about 335px wide labeled 'box-6', and the third about 345px wide labeled 'box-7', with the labels centered inside each box and the row spanning the full page width."
claude_element_cap,17a814eb-ef88-446e-8217-b91998faaa0c,3,1,0,0,Creation,667,"Below the box-5/box-6/box-7 row, with about a 20px vertical gap, add a two-column area spanning the page. LEFT COLUMN: about 230px wide, aligned to the left page edge, containing three stacked solid-bordered boxes with ~10px vertical gaps — first about 50px tall labeled 'box-8', then about 205px tall labeled 'box-9', then about 130px tall labeled 'box-10'. RIGHT COLUMN: starts about 275px from the left page edge and runs to the right page edge; its first element is a solid-bordered box about 385px wide (left-aligned within the column) and 50px tall labeled 'box-11', vertically aligned with box-8. All labels printed as centered visible text inside their boxes."
claude_element_cap,17a814eb-ef88-446e-8217-b91998faaa0c,1,1,0,0,Creation,721,"Create a plain HTML wireframe page about 1080px wide with a white background and content padding of about 10px. As the very first element at the top, add a full-width container with a thin dotted border, about 155px tall, labeled 'container-1' with that label text printed in the top-right corner inside it. Inside container-1, place a horizontal row of solid-bordered boxes vertically centered: at the far left, a box about 220px wide and 55px tall labeled 'box-1'; then pushed to the far right side of the container, two boxes side by side with ~8px gap, each about 55px tall — one about 120px wide labeled 'box-2' and one about 120px wide labeled 'box-3'. All labels must be printed inside their boxes as visible text."
claude_element_cap,17a814eb-ef88-446e-8217-b91998faaa0c,5,1,0,0,Creation,522,"At the very bottom of the page, below the two-column area (leave about a 20px vertical gap after box-10), add a full-width container with a thin dotted border, about 100px tall, labeled 'container-2' with that label text printed in its top-right corner inside it. Inside container-2, near its left edge and vertically centered toward the bottom, place two small solid-bordered boxes side by side with about a 10px gap, each about 115px wide and 50px tall, labeled 'box-14' and 'box-15' with the labels printed inside them."
claude_element_cap,17a814eb-ef88-446e-8217-b91998faaa0c,4,1,0,0,Creation,412,"In the RIGHT COLUMN (the one starting about 275px from the left page edge and running to the right page edge), below box-11 add two more solid-bordered boxes that span the full width of that column, stacked with about 10px vertical gaps: first one about 95px tall labeled 'box-12', then one about 120px tall labeled 'box-13'. Keep box-11 where it is and print the labels as centered visible text inside each box."
claude_element_cap,17a814eb-ef88-446e-8217-b91998faaa0c,6,0,0,1,Adjustment,236,"In the left column, make box-8 narrower than the boxes below it: set box-8 to about 185px wide (still left-aligned at the left page edge), while box-9 and box-10 keep their current ~230px width. Keep the 'box-8' label printed inside it."
claude_element_cap,24ace339-ce40-4a22-b989-44e57a171b0c,1,1,0,0,Creation,632,"Build a full-width wireframe page (about 1080px wide, light background, all boxes drawn as bordered rectangles with their label text centered inside, monospace font). Start with the top section: a dashed-border container labeled container-1 (label text in its top-right corner) spanning the full page width, roughly 150px tall, with inner padding. Inside it, place one row: box-1 on the left (about 220px wide, 55px tall) and, pushed to the far right of the same row, three small boxes side by side with small gaps: box-2, box-3, box-4 (each about 115px wide, 55px tall). Below container-1, leave the rest of the page empty for now."
claude_element_cap,24ace339-ce40-4a22-b989-44e57a171b0c,3,1,0,0,Creation,422,"Below the box-5/box-6/box-7 row, add a two-column region with the same 25px left/right page margins. The left column is about 230px wide and contains three stacked boxes with ~10px gaps: box-8 (about 50px tall), box-9 (about 210px tall), box-10 (about 130px tall), each with its label centered. Leave the right column (the remaining width to the right of this column, starting about 30px to the right of it) empty for now."
claude_element_cap,24ace339-ce40-4a22-b989-44e57a171b0c,2,1,0,1,Creation+Adjustment,318,"Below container-1, add a horizontal row of three equal-width boxes with small gaps between them, spanning the full page width (same left/right margins as box-1's left edge and box-4's right edge, about 25px side margins): box-5, box-6, box-7. Each should be about 330px wide and 250px tall, with their labels centered."
claude_element_cap,24ace339-ce40-4a22-b989-44e57a171b0c,4,1,0,1,Creation+Adjustment,395,"Fill the right column of the two-column region (starting about 30px right of the left column, extending to the right page margin, top-aligned with box-8): stack three boxes with ~10px gaps — box-11 (only about 385px wide, aligned to the left edge of this column, 50px tall), box-12 (full column width, about 95px tall), box-13 (full column width, about 125px tall), each with its label centered."
claude_element_cap,24ace339-ce40-4a22-b989-44e57a171b0c,5,1,0,0,Creation,408,"Below box-10, add a dashed-border container labeled container-2 (label text in its top-right corner, no border around the label) spanning the full page width with the same 25px left/right margins as container-1, about 100px tall with inner padding. Inside it, near its bottom-left, place two small boxes side by side with a small gap: box-14 and box-15 (each about 115px wide and 50px tall), labels centered."
claude_element_cap,24ace339-ce40-4a22-b989-44e57a171b0c,6,0,0,1,Adjustment,230,"Adjust box-8 only: keep it in the same position (top-left of the left column, left-aligned with box-9) but make it narrower — about 185px wide instead of the full 230px column width. Leave box-9 and box-10 at the full 230px width."
claude_element_cap,24ace339-ce40-4a22-b989-44e57a171b0c,7,0,0,1,Adjustment,407,"Two small adjustments: (1) make container-1 and container-2 span almost the entire page width (about 5px left/right margins instead of 25px), keeping their labels in the top-right corner; (2) inside container-2, move box-14 and box-15 further left so box-14's left edge sits only about 25px from the container's left edge, keeping them side by side with a small gap and vertically centered in the container."
claude_element_cap,ebc49cd7-bba3-40d2-bce9-20875e9120ed,1,1,0,0,Creation,465,"Create an HTML page with absolutely positioned boxes (each a bordered rectangle with its label text centered inside) on a canvas about 1080x1080px. First, build the left column of eight small boxes, all starting at left:20px: box-1 at top:113px, width 120px, height 79px; box-2 at top:205px, width 154px, height 76px; box-3 at top:300px, width 154px, height 76px; box-4 at top:396px, width 120px, height 76px. Print the labels exactly as box-1, box-2, box-3, box-4."
claude_element_cap,ebc49cd7-bba3-40d2-bce9-20875e9120ed,4,1,0,0,Creation,237,"Add two more absolutely positioned bordered boxes with centered labels: box-13 at left:250px, top:872px, width 395px, height 94px; box-14 at left:760px, top:870px, width 280px, height 100px. Print the labels exactly as box-13 and box-14."
claude_element_cap,ebc49cd7-bba3-40d2-bce9-20875e9120ed,2,1,0,0,Creation,319,"Add four more absolutely positioned boxes to the left column, all at left:20px: box-5 at top:511px, width 120px, height 74px; box-6 at top:601px, width 154px, height 75px; box-7 at top:697px, width 120px, height 74px; box-8 at top:791px, width 135px, height 76px. Print the labels exactly as box-5, box-6, box-7, box-8."
claude_element_cap,ebc49cd7-bba3-40d2-bce9-20875e9120ed,3,1,0,0,Creation,368,"Add four more absolutely positioned bordered boxes with centered labels: box-9 at left:250px, top:111px, width 300px, height 378px; box-10 at left:250px, top:553px, width 553px, height 82px; box-11 at left:250px, top:710px, width 363px, height 82px; box-12 at left:820px, top:700px, width 220px, height 102px. Print the labels exactly as box-9, box-10, box-11, box-12."
claude_element_cap,505d9548-8ae9-43f3-a74c-64e3d03a2138,1,1,0,0,Creation,455,"Create an HTML page with a plain white canvas about 1080px wide and 1080px tall, using absolutely positioned divs (each with a thin border and its label text centered inside). Start the left column: add four small boxes at left edge x=20 — box-1 at top y=113, width 120, height 78, label 'box-1'; box-2 at y=205, width 155, height 78, label 'box-2'; box-3 at y=300, width 155, height 78, label 'box-3'; box-4 at y=395, width 120, height 78, label 'box-4'."
claude_element_cap,505d9548-8ae9-43f3-a74c-64e3d03a2138,2,1,0,0,Creation,288,"Continue the left column with four more absolutely positioned boxes at x=20: box-5 at y=510, width 120, height 78, label 'box-5'; box-6 at y=600, width 155, height 78, label 'box-6'; box-7 at y=695, width 120, height 78, label 'box-7'; box-8 at y=790, width 135, height 78, label 'box-8'."
claude_element_cap,505d9548-8ae9-43f3-a74c-64e3d03a2138,3,1,0,0,Creation,168,"Add two more absolutely positioned boxes: box-9 at x=250, y=110, width 300, height 380, label 'box-9'; and box-10 at x=250, y=553, width 553, height 83, label 'box-10'."
claude_element_cap,505d9548-8ae9-43f3-a74c-64e3d03a2138,4,1,0,0,Creation,291,"Add four more absolutely positioned boxes: box-11 at x=250, y=710, width 362, height 82, label 'box-11'; box-12 at x=820, y=700, width 220, height 102, label 'box-12'; box-13 at x=250, y=870, width 395, height 97, label 'box-13'; box-14 at x=760, y=870, width 278, height 97, label 'box-14'."
claude_element_cap,753dd57f-6bae-4cf2-bcc2-54347bb7939b,2,1,0,0,Creation,306,"Add four more absolutely positioned bordered rectangles with centered labels: box-5 at left 44px, top 638px, width 120px, height 72px; box-6 at left 44px, top 728px, width 144px, height 72px; box-7 at left 44px, top 818px, width 120px, height 72px; box-8 at left 290px, top 213px, width 238px, height 72px."
claude_element_cap,753dd57f-6bae-4cf2-bcc2-54347bb7939b,1,1,0,0,Creation,423,"Create an HTML wireframe page (about 1080px wide, 1080px tall) using absolutely positioned bordered rectangles, each printing its exact label text centered inside. Place these four elements first: box-1 at left 40px, top 58px, width 360px, height 72px; box-2 at left 44px, top 213px, width 154px, height 72px; box-3 at left 44px, top 303px, width 172px, height 72px; box-4 at left 44px, top 393px, width 133px, height 72px."
claude_element_cap,753dd57f-6bae-4cf2-bcc2-54347bb7939b,3,1,0,0,Creation,326,"Add four more absolutely positioned bordered rectangles with their exact centered labels: box-9 at left 290px, top 303px, width 519px, height 180px; box-10 at left 864px, top 213px, width 154px, height 72px; box-11 at left 864px, top 300px, width 172px, height 288px; box-12 at left 864px, top 760px, width 137px, height 72px."
claude_element_cap,753dd57f-6bae-4cf2-bcc2-54347bb7939b,4,1,1,1,Creation+Removal+Adjustment,325,"Add one more absolutely positioned bordered rectangle with its exact centered label: box-13 at left 864px, top 850px, width 119px, height 72px. Also remove the stray ""```html"" and ""```"" text lines at the top and bottom of the page, and remove the border/outline around the whole page container so only the boxes have borders."
claude_element_cap,753dd57f-6bae-4cf2-bcc2-54347bb7939b,5,0,1,1,Removal+Adjustment,281,"There are still stray literal text lines ""```html"" at the very top of the page and ""```"" at the bottom — delete these text nodes entirely so the page content starts at the top with no offset, and ensure box-1 sits at exactly top 58px (all other boxes keep their given coordinates)."
claude_element_cap,753dd57f-6bae-4cf2-bcc2-54347bb7939b,6,0,0,1,Adjustment,409,"The page still begins with a literal text line ""```html"" and ends with ""```"" — these must not be part of the HTML output at all. Output only the raw HTML document (starting with <!DOCTYPE html>) with no markdown code fences anywhere, so no stray text appears and nothing is pushed down. Verify box-1's top edge renders at exactly 58px from the top of the page; all other boxes keep their existing coordinates."
claude_element_cap,41d5c27f-2ea9-4339-abef-d7515131c6fd,1,1,0,0,Creation,381,"Create an HTML page with a 1080x1080 canvas using absolutely positioned bordered rectangles, each printing its label text centered inside. Add these four: box-1 at left 40px, top 58px, width 360px, height 71px; box-2 at left 44px, top 214px, width 152px, height 70px; box-3 at left 44px, top 304px, width 173px, height 70px; box-4 at left 44px, top 394px, width 134px, height 70px."
claude_element_cap,41d5c27f-2ea9-4339-abef-d7515131c6fd,2,1,0,0,Creation,306,"Add four more absolutely positioned bordered rectangles with centered labels: box-5 at left 44px, top 639px, width 120px, height 70px; box-6 at left 44px, top 729px, width 144px, height 70px; box-7 at left 44px, top 819px, width 120px, height 70px; box-8 at left 289px, top 214px, width 240px, height 70px."
claude_element_cap,41d5c27f-2ea9-4339-abef-d7515131c6fd,3,1,0,0,Creation,314,"Add four more absolutely positioned bordered rectangles with centered labels: box-9 at left 289px, top 300px, width 520px, height 180px; box-10 at left 863px, top 214px, width 155px, height 70px; box-11 at left 863px, top 300px, width 173px, height 288px; box-12 at left 863px, top 761px, width 138px, height 70px."
claude_element_cap,41d5c27f-2ea9-4339-abef-d7515131c6fd,4,1,0,0,Creation,133,"Add one more absolutely positioned bordered rectangle with centered label: box-13 at left 864px, top 852px, width 118px, height 70px."
claude_human_style,07117db8-6584-477a-abb5-16c7b12e2071,1,1,0,0,Creation,1229,"Build a wireframe page, all plain outlined boxes with their label text printed inside, centered.

1) At the very top, a full-width dashed-border container. Inside it, on the left: a small box labeled ""box-1"" then a wider box labeled ""box-2"" side by side. On the right side of the same container, three boxes side by side: ""box-3"", ""box-4"", ""box-5"" (box-3 slightly wider than the other two), ending near the right edge.

2) Below that, a section on the left half of the page only: a tall narrow box labeled ""box-6"" on the far left (about 110px wide, 190px tall). To its right, a wide box labeled ""box-7"" on top (about 300px wide, 70px tall), and directly under box-7 two smaller boxes side by side: ""box-8"" and ""box-9"". The right half of the page here is empty.

3) Below that, two dashed-border containers side by side, each about 45% of the page width, with a gap between them, both reaching near the bottom of the page. The left one contains, stacked vertically with padding: a short box ""box-10"", then a tall box ""box-11"" (about 190px tall), then a medium box ""box-12"" (about 130px tall). The right one contains: a short box ""box-13"", then a tall box ""box-14"" (about 240px tall), then a medium box ""box-15"" (about 110px tall)."
claude_human_style,07117db8-6584-477a-abb5-16c7b12e2071,3,0,0,1,Adjustment,591,"Fix the bottom two dashed containers: they should be wider and closer together — left container from about 30px to 530px across, right container starting right after at about 545px and ending near 1045px, so only a small ~15px gap between them. Also make them taller so they fill the page down near the bottom: the left container's bottom edge around 950px down the page, the right one slightly lower, around 990px. Stretch the boxes inside to match, keeping the same proportions (box-11 tall, box-12 medium; box-14 tall, box-15 medium), with box-10 and box-13 short bars at the top of each."
claude_human_style,07117db8-6584-477a-abb5-16c7b12e2071,4,0,0,1,Adjustment,709,"Two adjustments:

(1) Top dashed container: make it taller — start it about 40px down from the top of the page and make it about 160px tall, with the boxes inside (box-1 through box-5) about 60px tall and vertically centered in it. This will push the box-6/box-7/box-8/box-9 section down a bit, which is correct.

(2) Inside both bottom dashed containers, add a big empty gap at the top (about 70px) before box-10 and box-13, so those short bars sit noticeably below the container's top edge. Then make box-11 and box-14 shorter (box-11 about 185px tall, box-14 about 235px tall) and box-12 and box-15 a bit taller (about 135px and 110px), keeping box-12 and box-15 ending near their containers' bottom edges."
claude_human_style,07117db8-6584-477a-abb5-16c7b12e2071,2,0,0,1,Adjustment,485,"Two fixes: (1) In the box-6/7/8/9 section, make box-8 and box-9 much narrower — about 115px wide each — and put only a small gap (~8px) between them, both left-aligned with box-7's left edge, so together they cover only about the left 2/3 of box-7's width. Also nudge box-7 so its left edge lines up exactly with box-8's left edge. (2) Make the boxes in the top dashed container taller (about 60px tall each) so that top container is noticeably taller, and give box-2 a bit more width."
claude_human_style,07117db8-6584-477a-abb5-16c7b12e2071,5,0,0,1,Adjustment,564,"The bottom two dashed containers need to move up and be shorter. Start both of them about 450px down the page (right under the box-6/box-7 section — kill that big empty gap). Reduce the empty space at the top inside them to about 60px before box-10/box-13, and trim the bottom padding so the container's bottom edge sits only ~10px below box-12 (left container) and box-15 (right container). Left container should end around 955px down, right container around 990px down. Also shift box-3, box-4, box-5 in the top container a bit left so box-3 starts around 665px."
claude_human_style,07117db8-6584-477a-abb5-16c7b12e2071,7,0,0,1,Adjustment,300,"Just fix the widths in the top dashed container: make box-1 about 120px wide and box-2 about 220px wide (still side by side on the left starting around 30px). On the right, make box-3, box-4 and box-5 each about 115-120px wide with ~15px gaps, so box-3 starts around 665px and box-5 ends near 1045px."
claude_human_style,07117db8-6584-477a-abb5-16c7b12e2071,6,0,0,1,Adjustment,323,"Small tweaks to the box-6/7/8/9 section: shift the whole group right by about 15px so box-6's left edge lines up with the left dashed container below it (around 30px). Make box-8 and box-9 shorter — about 55px tall instead of 70 — so they sit closer under box-7, and keep box-7 about 62px tall. Everything else stays as is."
claude_human_style,3f6dff15-0317-42b0-b46e-2d41107b71f5,2,0,0,1,Adjustment,379,"Two small fixes: (1) inside both dashed containers, make box-10 and box-13 a bit narrower than the boxes below them — about 88% of the container's inner width, left-aligned with box-11/box-14 (so box-11, box-12, box-14, box-15 still nearly fill the container width). (2) Add about 40px of empty margin above the top dashed header container so it isn't flush against the page top."
claude_human_style,3f6dff15-0317-42b0-b46e-2d41107b71f5,3,0,0,1,Adjustment,301,"Small fix in the box-6/7/8/9 row: put box-8 and box-9 right next to each other with only about a 10px gap (they currently have a big gap), keeping box-8's left edge lined up with box-7's left edge, and each about 115px wide. Also nudge the whole row so box-7's left edge lines up exactly with box-8's."
claude_human_style,3f6dff15-0317-42b0-b46e-2d41107b71f5,1,1,0,0,Creation,1435,"Build a wireframe page, plain boxes with visible labels, on a white page about 1080px wide.

1) At the very top, a full-width dashed-outline container (no label). Inside it, on the left: a small box labeled ""box-1"" then right next to it a wider box labeled ""box-2"" (about 2.5x wider than box-1), both about 60px tall. On the right side of the same container, three boxes in a row labeled ""box-3"", ""box-4"", ""box-5"", same height, roughly equal width (box-3 a bit wider).

2) Below that container, on the left only (taking about the left 45% of the page): a tall narrow box labeled ""box-6"" (about 120px wide, 190px tall). To its right, stacked: a wide box labeled ""box-7"" (about 300px wide, 65px tall) on top, and under it two side-by-side boxes labeled ""box-8"" and ""box-9"", each about 120px wide and 60px tall. Right half of this row is empty.

3) Below that, two dashed-outline containers side by side (no labels), each about 48% of page width with a gap between them. Left container holds, stacked vertically: a box labeled ""box-10"" (about 65px tall), then a much taller box labeled ""box-11"" (about 190px tall), then a box labeled ""box-12"" (about 120px tall). Right container holds, stacked vertically: ""box-13"" (about 65px tall), ""box-14"" (about 235px tall), ""box-15"" (about 105px tall). All inner boxes nearly fill their container's width. The right container ends slightly lower than the left one.

Center each label inside its box."
claude_human_style,3f6dff15-0317-42b0-b46e-2d41107b71f5,4,0,0,1,Adjustment,463,"Two tweaks: (1) Give both bottom dashed containers about 15px of inner padding on all sides so box-11, box-12, box-14 and box-15 no longer touch the dashed borders (they should sit inset, with box-10 and box-13 still left-aligned with them and a bit narrower). (2) Stretch everything below the header slightly taller: make box-6 about 190px tall starting a bit lower, and let each bottom container grow about 40px taller so the page content ends near 1000px down."
claude_human_style,3f6dff15-0317-42b0-b46e-2d41107b71f5,6,0,0,1,Adjustment,315,"One header fix: make the top dashed container span the full page width, flush with the left and right page edges (from x=0 to x=1080), ignoring the page's 30px margin, while keeping its ~40px gap from the top of the page. Inside it, box-1's left edge should sit at about x=35 and box-5's right edge at about x=1046."
claude_human_style,3f6dff15-0317-42b0-b46e-2d41107b71f5,5,0,0,1,Adjustment,426,"Fix the header area: give the top dashed container much more inner padding (about 45px top and bottom) so it's roughly 160px tall, with box-1 through box-5 about 60px tall inside it. Make box-1 wider (about 118px) and box-2 about 220px. Also set the page's left margin to about 30px so box-1, box-6 and the left bottom container all line up at x=30, and let the right edge of box-5 and the right container sit at about x=1048."
claude_human_style,3f6dff15-0317-42b0-b46e-2d41107b71f5,7,0,0,1,Adjustment,361,"Inside both bottom dashed containers, add more empty space at the top: box-10 and box-13 should start about 70px below the container's top dashed border (keep only ~20px padding at the bottom). Keep the containers' overall top and bottom positions the same as now, so shrink box-11 and box-12 (and box-14, box-15) each by roughly 15-20px in height to make room."
claude_human_style,3f6dff15-0317-42b0-b46e-2d41107b71f5,9,0,0,1,Adjustment,372,"Last tweak on the two bottom containers: make box-10 and box-13 shorter, about 65px tall each (they look ~85 now), and pull the containers' bottoms up — left container should end around y=955 and the right around y=990. Inside the left, box-11 about 190px and box-12 about 145px tall; inside the right, box-14 about 235px and box-15 about 110px. Everything else stays put."
claude_human_style,3f6dff15-0317-42b0-b46e-2d41107b71f5,8,0,0,1,Adjustment,403,"Almost there — just tighten the bottom two containers vertically. The left container should end about 50px higher than it does now (bottom around y=955): keep box-10 where it is and shrink box-11 to about 190px tall and box-12 to about 130px tall. The right container should end about 20px higher (bottom around y=995), with box-14 about 235px and box-15 about 110px tall. Keep everything else the same."
claude_human_style,3f6dff15-0317-42b0-b46e-2d41107b71f5,10,0,0,1,Adjustment,265,"Just one last vertical fix on the left bottom container: make box-12 about 130px tall (it's ~145 now) and pull the container's bottom dashed border up so it ends around y=955, leaving only ~20px below box-12. Right container and everything else stays exactly as is."
claude_human_style,3f6dff15-0317-42b0-b46e-2d41107b71f5,11,0,0,1,Adjustment,305,"One last fix: the right bottom dashed container is too tall — pull its bottom dashed border up about 30px so it ends around y=990, keeping box-13 where it is, box-14 about 235px tall and box-15 about 110px tall with only ~20px of space below box-15. Left container and everything else stays exactly as is."
claude_human_style,8634a062-0a83-4694-9086-cf4171f0b764,2,0,0,1,Adjustment,442,"Two fixes: 1) get rid of the stray literal ""```html"" and ""```"" text showing at the top of the page — output clean HTML only. 2) Add about 70px of empty space above box-1, and make sure the whole wireframe column is centered horizontally on the page (right now it sits a bit right of center). Also make the container-1 label just plain text in the top-right inside the dashed container, with no box or border around it (keep the text visible)."
claude_human_style,8634a062-0a83-4694-9086-cf4171f0b764,1,1,0,0,Creation,1059,"Build a centered wireframe column, about 45% of the page width, all boxes centered horizontally and stacked vertically with small gaps. Each box is a plain outlined rectangle with its label printed centered inside it. From top: box-1 full width of the column, about 70px tall. Below it box-2, slightly narrower (about 85% of column width), same height. Next a row with box-3 on the left (narrow, about 25% of column width) and box-4 next to it filling the rest of the row, both about 70px tall. Next a row of three small boxes side by side, centered: box-5, box-6, box-7, each about 20% of the column width and 65px tall. Below that box-8, about 45% of column width, centered, 65px tall. Then a dashed-border container labeled container-1, with the label text sitting in its top-right corner inside the box. The container spans about 90% of the column width and holds a vertical stack of centered boxes: box-9 (about 60% of container width), box-10 (about 50%), box-11 (about 60%), box-12 (about 55%), box-13 (about 47%), each about 65px tall with small gaps."
claude_human_style,8634a062-0a83-4694-9086-cf4171f0b764,3,0,0,1,Adjustment,467,"Just a couple of small tweaks inside container-1: add more padding at the top so there's a clear empty gap (about 40px) between the container-1 label and box-9, and keep a similar gap at the bottom below box-13. Also nudge the box-5/box-6/box-7 row slightly left so it's centered under box-4 rather than shifted right, and make that trio a bit wider overall so it spans about the same width as box-2's left edge to box-8's right edge area (roughly 60% of the column)."
claude_human_style,8634a062-0a83-4694-9086-cf4171f0b764,4,0,0,1,Adjustment,256,"Small width tweaks: make box-2 narrower — about 70% of box-1's width, still centered (right now it's too wide). Inside container-1, widen box-9 and box-11 a touch so they're about 56% of the column width, keeping them centered. Everything else stays as is."
claude_human_style,8634a062-0a83-4694-9086-cf4171f0b764,5,0,0,1,Adjustment,381,"Make the box-5 / box-6 / box-7 row a bit bigger: each of the three should be equal width, roughly 25% of the column width, so the trio together spans about 80% of the column (left edge of box-5 slightly right of box-2's left edge, right edge of box-7 lining up near box-4's right edge), still centered as a row. Also widen box-8 slightly to about 50% of the column width, centered."
claude_human_style,d1c0bc13-ef88-4585-85ad-3a08c949bc8f,1,1,0,0,Creation,1085,"Build a centered wireframe column, about 45% of page width, everything centered horizontally on the page. Stack these in order, each box a plain rectangle with its label text printed inside, centered:

1. box-1 — full width of the column, medium height rectangle
2. box-2 — slightly narrower than box-1 (about 85% of column width), same height
3. A row: box-3 on the left (narrow, about 25% of column width) and box-4 next to it (about 70% of column width), same height as above
4. A row of three equal small boxes side by side: box-5, box-6, box-7, together spanning about 65% of the column width, centered
5. box-8 — about 45% of column width, centered
6. A dashed-border container labeled container-1 (label printed at its top-right inside), about 75% of column width, centered. Inside it, stacked vertically and centered: box-9 (about 65% of container width), box-10 (about 55%), box-11 (about 62%), box-12 (about 58%), box-13 (about 50%) — all the same height, with small gaps.

Small vertical gaps between all the boxes. Leave whitespace on the left and right of the whole thing."
claude_human_style,d1c0bc13-ef88-4585-85ad-3a08c949bc8f,2,0,0,1,Adjustment,395,"Two tweaks: 1) Make all the boxes shorter — each box (box-1 through box-13) should be roughly 60px tall instead of the current tall rectangles, keeping the same widths and small gaps. 2) Add some empty space at the top of the page (about 70px) before box-1, and widen the dashed container-1 a bit so it's about 85% of the column width (its left/right edges should sit just inside box-1's edges)."
claude_human_style,d1c0bc13-ef88-4585-85ad-3a08c949bc8f,3,0,0,1,Adjustment,418,"A few proportion tweaks: 1) Make every box a bit taller, about 70px each instead of ~55px. 2) Inside container-1, add more padding — leave roughly 55px of empty space between the top edge of the container and box-9 (the container-1 label sits in that space), about 30px below box-13, and slightly bigger gaps between box-9 through box-13. 3) Make box-2 a little narrower, about 70% of the column width, still centered."
claude_human_style,d1c0bc13-ef88-4585-85ad-3a08c949bc8f,4,0,0,1,Adjustment,244,"Just one fix: widen the row of box-5, box-6, box-7 so the three together span about 80% of the column width (each one a bit wider, keeping the small gaps between them, row still centered). They should reach out roughly as wide as box-2's edges."
claude_human_style,d1aab2eb-91a0-4057-b15b-9e8a64ce44a3,2,0,0,1,Adjustment,419,"Fix the top container: make box-2, box-3 and box-4 much bigger — each about 11% of page width and the same height as box-1 — and line them up in a row on the far right at the same vertical level as box-1 (not pushed down). Put the 'container-1' label text on its own line above that row in the top-right so it doesn't overlap box-4, and make the container tall enough to fit both the label line and the row comfortably."
claude_human_style,d1aab2eb-91a0-4057-b15b-9e8a64ce44a3,3,0,0,1,Adjustment,374,"Two tweaks: (1) Make box-10 shorter — about 2/3 the height of box-9 — and keep it right under box-9 with just a small gap. (2) In container-2, shrink box-14 and box-15 to small boxes (about 10% of page width, short height) sitting side by side with a tiny gap on the left, and make container-2 itself shorter so it's just tall enough for its label line plus that little row."
claude_human_style,d1aab2eb-91a0-4057-b15b-9e8a64ce44a3,4,0,0,1,Adjustment,174,Small tweak: make box-8 a bit narrower than box-9/box-10 — about 17% of page width (so its right edge stops short of box-9's right edge) — and keep it left-aligned with them.
claude_human_style,d1aab2eb-91a0-4057-b15b-9e8a64ce44a3,6,0,0,1,Adjustment,278,"Make box-5, box-6 and box-7 shorter — height about 75% of their width (wider than tall), not square. Keep their widths and gaps the same. Everything below shifts up accordingly, and let the left column (box-8, box-9, box-10) keep ending around the same level as box-13's bottom."
claude_human_style,d1aab2eb-91a0-4057-b15b-9e8a64ce44a3,1,1,0,0,Creation,1230,"Build a wireframe page with plain bordered boxes, each showing its label text centered inside. Structure top to bottom:

1) A dashed-border container labeled container-1 spanning the full page width at the top. Its label text 'container-1' sits in its top-right corner. Inside it, on one row: box-1 as a wide-ish rectangle on the far left (about 20% of width), and then on the far right three small boxes side by side: box-2, box-3, box-4.

2) Below the container, a row of three big roughly square boxes filling the width: box-5, box-6, box-7, with small gaps between them.

3) Below that, a two-column area. Left column is narrow (about 22% width) and stacks: box-8 (short wide box), then box-9 (tall square box), then box-10 (tall square box). Right column starts at about 26% from the left and runs to the right edge, stacking: box-11 (short box but only about half the width of that column, left-aligned), then box-12 (full width of the column, medium height), then box-13 (full width, medium height).

4) At the bottom, a dashed-border container labeled container-2 spanning the full page width, with its label 'container-2' in its top-right corner, and inside it two small boxes side by side on the left: box-14 and box-15."
claude_human_style,d1aab2eb-91a0-4057-b15b-9e8a64ce44a3,5,0,0,1,Adjustment,250,"Make the three big boxes box-5, box-6 and box-7 taller so each is roughly square (height about equal to its width), and also make box-9 and box-10 a bit taller so the left column (box-8, box-9, box-10) ends at about the same level as box-13's bottom."
claude_human_style,d1aab2eb-91a0-4057-b15b-9e8a64ce44a3,7,0,0,1,Adjustment,274,"Make the left column taller: box-9 should be a tall box (roughly as tall as it is wide, a bit taller than now) and box-10 about 2/3 of box-9's height, so that box-10's bottom edge ends noticeably BELOW box-13's bottom, sitting just above container-2. Keep box-8 where it is."
claude_human_style,b0373c2d-7699-4acf-bb19-7c34a04971bb,1,1,0,0,Creation,1305,"Build a full-page wireframe with plain bordered boxes, each printing its own label text centered inside. Layout top to bottom:

1) A dashed-border container labeled container-1 spanning the full page width at the top. Its label text sits in its top-right corner. Inside it: a wide box labeled box-1 on the far left (about 20% of the width, short height), and on the far right three small boxes side by side labeled box-2, box-3, box-4.

2) Below the container, a row of three large boxes labeled box-5, box-6, box-7, each about 30% of the page width and roughly 250px tall, evenly spread across the full width.

3) Below that, a two-column area. Left column is narrow (about 21% width) and stacks three boxes: box-8 (short, like a small button), then box-9 (a tall square about 220px), then box-10 (also a square about 140px tall). Right column starts at about 26% from the left and runs to the right edge; it stacks box-11 (short, but only about 40% as wide as the column, left-aligned), then box-12 (full column width, about 100px tall), then box-13 (full column width, about 130px tall).

4) At the bottom, another dashed-border container labeled container-2 spanning the full page width, its label in the top-right corner, containing two small boxes side by side on the left labeled box-14 and box-15."
claude_human_style,b0373c2d-7699-4acf-bb19-7c34a04971bb,2,0,0,1,Adjustment,403,"Beef up the two dashed containers: inside container-1 make box-1 taller (about 50px tall, keep ~20% width) and make box-2, box-3, box-4 each much wider and taller too (about 110px wide, 50px tall each) so container-1 ends up roughly 150px tall with the boxes vertically centered. In container-2, make box-14 and box-15 about 50px tall and ~110px wide, and let container-2 be only about 100px tall total."
claude_human_style,b0373c2d-7699-4acf-bb19-7c34a04971bb,3,0,0,1,Adjustment,318,"Small tweaks in the middle area: make box-8 narrower than box-9/box-10 (about 80% of the left column width, left-aligned), and make box-11 wider — about 50% of the right column width. Also nudge box-2, box-3, box-4 further right so box-4's right edge nearly touches container-1's right border, just inside the padding."
claude_human_style,d1aab2eb-91a0-4057-b15b-9e8a64ce44a3,8,0,0,1,Adjustment,322,"Last small tweak: in the top container, make box-1, box-2, box-3 and box-4 shorter (height about 50px, like a single-line label box) instead of the tall boxes they are now, keeping their widths and positions the same. Same for box-14 and box-15 in container-2 — keep them around 50px tall and about 11% of page width each."
claude_human_style,b0373c2d-7699-4acf-bb19-7c34a04971bb,4,0,0,1,Adjustment,327,"Two small fixes to the big row: make box-5, box-6 and box-7 a bit wider so they nearly fill the row with only a small gap (~20px) between them, and make sure box-5's left edge lines up exactly with box-8/box-9/box-10 and the dashed containers' inner left edge, while box-7's right edge lines up with box-12/box-13's right edge."
claude_human_style,b8257067-ea2b-4458-a556-0fcd470ccc2b,1,1,0,0,Creation,821,"Build a plain wireframe page, about 1080px wide and 1080px tall, with outlined rectangles each containing its label text centered. Left side: a narrow column starting at about 20px from the left edge, stacking eight small boxes vertically with small gaps, labeled box-1, box-2, box-3, box-4, box-5, box-6, box-7, box-8 from top (starting around y=110) to bottom (ending around y=865). Each is about 45px tall and roughly 120-155px wide (they vary slightly). Right of that column: box-9 is a big tall rectangle from x=250 to x=550, y=110 to y=490. Below it box-10 is a wide bar from x=250 to x=800, y=550 to y=635. Next row: box-11 from x=250 to x=615, y=710 to y=793, and box-12 from x=820 to x=1040, y=700 to y=803. Bottom row: box-13 from x=250 to x=645, y=872 to y=967, and box-14 from x=760 to x=1040, y=872 to y=967."
claude_human_style,b8257067-ea2b-4458-a556-0fcd470ccc2b,3,0,0,1,Adjustment,237,"Just tidy the left column widths: box-1, box-4, box-5 and box-7 should end at x=140; box-2, box-3 and box-6 should be a bit wider, ending at x=173; box-8 should end at x=156. Keep all left edges at x=20 and heights/positions as they are."
claude_human_style,b8257067-ea2b-4458-a556-0fcd470ccc2b,2,0,0,1,Adjustment,311,"Fix the left column: make each of box-1 through box-8 about 78px tall (not 45px) with only ~15px gaps between them, keeping their varied widths and left edge at x=20. So box-1 spans y=113-190, box-2 y=205-282, box-3 y=300-377, box-4 y=395-472, box-5 y=510-587, box-6 y=600-677, box-7 y=695-772, box-8 y=790-867."
claude_human_style,401912c7-f9bf-46a4-9272-c9d446f79207,3,0,0,1,Adjustment,637,"Two small fixes. First, everything in the right area is nudged too far right — shift box-9, box-10, box-11, box-12, box-13 and box-14 all about 20px to the left, so box-9/box-10/box-11/box-13 start at 250px from the left edge and box-12 and box-14 end at about 1040px (not touching the page edge). Second, in the left column the boxes aren't all the same width in the target: make box-2, box-3 and box-6 slightly wider (about 155px) than box-1, box-4, box-5 and box-7 (about 120px), with box-8 in between (about 137px), all still starting at 20px from the left. Also add a slightly bigger gap between box-4 and box-5 than the other gaps."
claude_human_style,401912c7-f9bf-46a4-9272-c9d446f79207,2,0,0,1,Adjustment,515,"Everything is sitting too high and the left column is too stretched. Push the whole layout down so the top of box-1 and the top of box-9 both start about 110px from the top of the page. Then tighten the left column: make box-1 through box-8 each about 65px tall with roughly 15px gaps, so box-8's bottom lands around 870px down. Keep box-9 at 300x380 (bottom around 490), put box-10 at about 550px down, the box-11/box-12 row at about 705px down, and the box-13/box-14 row at about 875px down so it ends near 970px."
claude_human_style,401912c7-f9bf-46a4-9272-c9d446f79207,1,1,0,0,Creation,993,"Build a plain wireframe page, about 1080px wide, with bordered rectangles that each show their label text centered inside. Left side: a narrow column starting at the very left edge (about 20px in), stacking eight small boxes vertically from the top with small gaps between them: box-1, box-2, box-3, box-4, box-5, box-6, box-7, box-8. Each is roughly 120-155px wide and about 70px tall, and they run from the top of the page down to about 80% of the page height. Right of that column, starting about a quarter across the page: box-9 is a big tall rectangle, about 300px wide and 380px tall, aligned with the top of box-1. Below it with a gap, box-10 is a wide bar starting at the same left edge as box-9, about 550px wide and 80px tall. Below that, a row: box-11 on the left (about 365px wide, 85px tall) and box-12 on the far right of the page (about 220px wide, 100px tall). Bottom row: box-13 on the left (about 395px wide, 95px tall) and box-14 on the right (about 280px wide, 100px tall)."
claude_human_style,401912c7-f9bf-46a4-9272-c9d446f79207,4,0,0,1,Adjustment,411,"The left column stops too short — box-8's bottom is around 750 but it should reach about 866. Stretch that column: make box-1 through box-8 each about 72px tall with about 23px gaps (keep the slightly larger gap between box-4 and box-5), still starting 113px from the top, so box-8 ends near 866. Also raise box-12 a bit: its top should be at about 700px (same row start as box-11) with a height of about 100px."
claude_human_style,1fd63ca4-6641-4859-8ea2-81339465daf1,1,1,0,0,Creation,1211,"Build a plain wireframe page, white background, boxes are just thin-outlined rectangles with their label text centered inside. Use absolute-ish positioning on a roughly 1080x1080 canvas.

Top left: box-1, a wide short rectangle starting about 40px from the left, 55px from the top, about 360px wide and 75px tall.

Left column (starting about 40px from left, top around 215px), a stack of three small boxes each about 75px tall with small gaps: box-2 (about 155px wide), box-3 (about 175px wide), box-4 (about 135px wide).

Further down the same left column, starting around y=640, another stack of three small boxes about 75px tall: box-5 (about 120px wide), box-6 (about 145px wide), box-7 (about 120px wide).

Middle column starting about x=290, y=215: box-8, about 240px wide and 75px tall. Directly under it with a small gap, box-9, a big rectangle about 520px wide and 185px tall.

Right column starting about x=865, y=215: box-10 about 155px wide and 75px tall, then just under it box-11, a tall rectangle about 175px wide and 285px tall.

Lower right, around y=760: box-12 about 140px wide and 75px tall, and just below it box-13 about 120px wide and 75px tall.

Everything else on the page stays empty."
claude_human_style,6d94a143-f231-475e-a93f-85d16db9c632,1,1,0,0,Creation,1163,"Build a plain wireframe page with outlined boxes, each box printing its label text centered inside. Layout on a roughly 1080px wide canvas:

Top left: a wide short box labeled box-1, starting about 40px from the left, about 360px wide and 70px tall, top margin about 55px.

Then three columns below it.

Left column (starting at x=40, top about 210px): small boxes stacked with small gaps, each about 70px tall: box-2 (about 155px wide), box-3 (about 175px wide), box-4 (about 135px wide). Then a gap of about 170px, then box-5 (about 120px wide), box-6 (about 145px wide), box-7 (about 120px wide), same 70px height and small gaps.

Middle column (starting at x=290, same top of 210px): box-8, about 240px wide and 70px tall. Right under it a big tall box labeled box-9, about 520px wide and 190px tall.

Right column (starting at x=865, same top 210px): box-10 about 155px wide, 70px tall. Right under it a tall vertical box labeled box-11, about 170px wide and 290px tall. Then a gap of about 175px, then box-12 about 135px wide 70px tall, and under it box-13 about 120px wide 70px tall.

No colors or fancy styling, just thin borders and monospace label text."
claude_human_style_no_numbers,f342e282-dcf6-42a5-aeb9-18c7b9d206c3,2,0,0,1,Adjustment,528,"Two fixes. First, shrink box-8 and box-9 a lot: each should be only about a third as wide as box-7, and they sit side by side directly under the left end of box-7, leaving empty space to the right of them. Also make box-7 itself a bit shorter in height, and don't let box-7's row stretch as wide as it does now — it should end well before the middle of the page. Second, in the top dashed header, make all five boxes noticeably taller, and make box-3, box-4 and box-5 each about as wide as box-1 (a bit wider than they are now)."
claude_human_style_no_numbers,f342e282-dcf6-42a5-aeb9-18c7b9d206c3,4,0,0,1,Adjustment,435,"The bottom half is too squat — there's a lot of empty space under the two dashed containers. Grow both containers vertically so they reach down near the bottom of the page: make box-10 and box-13 roughly twice as tall as they are now, and make box-11, box-12, box-14 and box-15 each noticeably taller too, keeping box-11 and box-14 the tallest in their stack. Keep the right container starting and ending a bit lower than the left one."
claude_human_style_no_numbers,f342e282-dcf6-42a5-aeb9-18c7b9d206c3,1,1,0,0,Creation,1070,"Build a plain wireframe page of bordered boxes, each printing its exact label inside. At the top, a full-width dashed container (no label) holding a row: on the left a small box labeled box-1 and next to it a wider box labeled box-2; then far over on the right side of the same container three small boxes side by side labeled box-3, box-4, box-5. Below that container, a tall vertical box labeled box-6 on the left edge; to its right a wide box labeled box-7 sitting at the top, and directly under box-7 two small boxes side by side labeled box-8 and box-9 (together about as wide as box-7). Below all that, two dashed containers side by side, each taking a bit under half the page width. The left dashed container stacks three boxes vertically with a little inset margin: a short wide box labeled box-10, then a much taller box labeled box-11, then a medium box labeled box-12. The right dashed container mirrors it with box-13 short at top, a tall box-14, then a medium box-15. The right container should start slightly lower and end slightly lower than the left one."
claude_human_style_no_numbers,f342e282-dcf6-42a5-aeb9-18c7b9d206c3,3,0,0,1,Adjustment,387,"Fix the box-8 / box-9 row: make both of them much shorter in height, about the same height as box-7 (they're way too tall/square right now), and make each a bit wider so that box-8 and box-9 side by side together span nearly the full width of box-7, with box-8's left edge lined up with box-7's left edge. Also trim box-6 so its bottom sits just a little below the bottom of box-8/box-9."
claude_human_style_no_numbers,f342e282-dcf6-42a5-aeb9-18c7b9d206c3,8,0,0,1,Adjustment,549,"Shrink the box-8 / box-9 row: each of them should be only about a third as wide as box-7 (roughly square-ish but flat), sitting side by side right under the left end of box-7 with box-8 lined up with box-7's left edge, so together they cover only about two thirds of box-7's width and leave clear empty space to the right. Also, inside both dashed containers, pull box-10/box-11/box-12 and box-13/box-14/box-15 in from the right edge so they have the same small inset on the right as they do on the left (right now they run past the container edge)."
claude_human_style_no_numbers,f342e282-dcf6-42a5-aeb9-18c7b9d206c3,6,0,0,1,Adjustment,592,"Two things. First, give the top area more vertical room: make the top dashed header taller so there's clear empty space above and below its five boxes, and make box-6 taller so it stretches further down (its bottom should sit noticeably below the box-8/box-9 row), which pushes the two dashed containers to start lower down the page. Second, inside both dashed containers, tighten the vertical gaps so box-10/box-11/box-12 nearly touch each other, and same for box-13/box-14/box-15, and let each of those boxes sit with an even small inset from both the left and right edges of its container."
claude_human_style_no_numbers,f342e282-dcf6-42a5-aeb9-18c7b9d206c3,5,0,0,1,Adjustment,429,"Couple of tweaks. In the top dashed header, make all five boxes a bit taller and make box-2 wider (roughly double the width of box-1), and nudge box-3/box-4/box-5 group so it starts a bit closer to the middle of the page. In the left dashed container, shorten box-11 so it's only a little taller than box-12 (right now it's way too tall) and make box-12 slightly taller; do the same in the right container with box-14 and box-15."
claude_human_style_no_numbers,f342e282-dcf6-42a5-aeb9-18c7b9d206c3,7,0,0,1,Adjustment,391,"In the top dashed header, shift the box-3 / box-4 / box-5 group further right so box-5's right edge nearly touches the right edge of the dashed header, and make each of those three a bit wider (box-3 slightly wider than box-4 and box-5). Also widen box-2 so it's about twice the width of box-1, and make all five header boxes a little shorter in height (more like flat buttons than squares)."
claude_human_style_no_numbers,f342e282-dcf6-42a5-aeb9-18c7b9d206c3,9,0,0,1,Adjustment,529,"A few sizing tweaks. Widen box-8 and box-9 a little (and close the gap between them) so the pair together spans nearly the whole width of box-7, with box-8 still lined up with box-7's left edge. In the left dashed container, make box-10 roughly half as tall as it is now (a short flat bar) and make box-12 a bit shorter than box-11; do the same on the right side — box-13 about half its current height and box-15 a bit shorter than box-14. Let the freed space just shorten the two containers slightly rather than adding big gaps."
claude_human_style_no_numbers,f342e282-dcf6-42a5-aeb9-18c7b9d206c3,11,0,0,1,Adjustment,360,"Adjust the heights in the two dashed containers: make box-12 clearly shorter than box-11 (roughly two thirds its height) and make box-15 shorter still, about half the height of box-14, and let box-14 be a little taller than box-11 so the right container's tall box dominates. Use the freed space so the right container still ends a bit lower than the left one."
claude_human_style_no_numbers,f342e282-dcf6-42a5-aeb9-18c7b9d206c3,10,0,0,1,Adjustment,351,"Inside both dashed containers the inner boxes are still spilling past the right dashed edge — pull box-10, box-11, box-12 and box-13, box-14, box-15 in so each has the same small inset on the right as on the left, fully inside its dashed container. Also add a small visible gap between the stacked boxes in each container instead of having them touch."
claude_human_style_no_numbers,f342e282-dcf6-42a5-aeb9-18c7b9d206c3,12,0,0,1,Adjustment,400,"Two tweaks. In the top dashed header, make all five boxes taller (roughly a third taller, so they look like chunky buttons rather than thin bars) and make box-1 a bit wider too, with box-2 about twice box-1's width. Second, line up the top edge of the right dashed container with the top edge of the left one (right now it starts lower) while still letting it end a bit lower than the left container."
claude_human_style_no_numbers,f342e282-dcf6-42a5-aeb9-18c7b9d206c3,13,0,0,1,Adjustment,365,"Two small tweaks. Make box-8 and box-9 each a bit narrower so the pair together only covers about the left two thirds of box-7's width, leaving clear empty space under box-7's right end (box-8 still lined up with box-7's left edge). Also make box-10 and box-13 a little taller — closer to half the height of box-12 and box-15 rather than the thin bars they are now."
claude_human_style_no_numbers,f342e282-dcf6-42a5-aeb9-18c7b9d206c3,15,0,0,1,Adjustment,422,"Two small things. In the top header, make box-3, box-4 and box-5 each noticeably wider so the group stretches further left (its left edge should sit a bit past the middle of the page) while box-5's right edge still nearly touches the right dashed edge. Second, in the right container, shorten box-15 so it's only about half the height of box-14, and let the container end just a bit lower than the left one as it does now."
claude_human_style_no_numbers,f342e282-dcf6-42a5-aeb9-18c7b9d206c3,14,0,0,1,Adjustment,366,"Shorten box-6 quite a bit — its bottom should sit just a little below the bottom of the box-8/box-9 row, leaving a clear empty gap between box-6 and the tops of the two dashed containers (don't move the containers up). Also widen box-8 and box-9 a touch each so the pair together covers most of box-7's width, still leaving a small empty bit under box-7's right end."
claude_human_style_no_numbers,f342e282-dcf6-42a5-aeb9-18c7b9d206c3,16,0,0,1,Adjustment,400,"Small alignment cleanup: line up the left edges of box-1, box-6 and the left dashed container so they all start at the same distance from the page's left edge, and give the top dashed header a bit more empty room below its five boxes so there's a clear gap before box-6 starts. Also make box-6 slightly narrower and box-7 a touch wider so box-7's right edge sits a bit further right than it does now."
claude_human_style_no_numbers,217b6178-9dce-4622-96e9-e07164f10607,1,1,0,0,Creation,1246,"Build a simple centered wireframe, all boxes are plain rectangles with their label text printed inside, centered. Stack things vertically down the middle of the page, roughly in the upper-middle column (not full page width — about half the page wide). From the top: box-1, a wide rectangle. Under it box-2, slightly narrower than box-1, same height. Under that a row of two side by side: box-3 on the left, small and about a quarter the row's width, and box-4 to its right taking the rest — together that row is about as wide as box-1. Next a row of three small boxes side by side, all about equal width and a bit shorter than the boxes above: box-5, box-6, box-7, centered as a group and narrower overall than the row above. Then box-8, a single box centered, a bit narrower than the box-5/6/7 row. Below all that, a dashed-outline container labeled container-1 with its label printed in its top-right corner; the container is about as wide as box-1 and quite tall. Inside container-1, stack five centered boxes vertically with small gaps: box-9, box-10, box-11, box-12, box-13. Make their widths slightly uneven — box-9 and box-11 a bit wider, box-10 and box-13 the narrowest, box-12 in between — all clearly narrower than the container itself."
claude_human_style_no_numbers,217b6178-9dce-4622-96e9-e07164f10607,2,0,0,1,Adjustment,419,"Two fixes: first, pull container-1 up so it starts right below box-8 with only a small gap, and trim the empty space inside it — box-9 should start just a little below the container's top edge and box-13 should end just a little above the bottom edge, so the five boxes nearly fill the container's height. Second, make box-5, box-6 and box-7 noticeably taller, closer to square, taller than the other boxes on the page."
claude_human_style_no_numbers,217b6178-9dce-4622-96e9-e07164f10607,3,0,0,1,Adjustment,367,"Undo the tall squares — box-5, box-6 and box-7 should be back to about the same height as box-8 and the other boxes, so they're wider than they are tall, keeping their current widths and spacing. Also make container-1 a little narrower than box-1 (still centered), and print its container-1 label as plain text in the top-right inside corner, no border box around it."
claude_human_style_no_numbers,217b6178-9dce-4622-96e9-e07164f10607,5,0,0,1,Adjustment,374,"Inside container-1, the five boxes are spread way too far apart. Tighten them into a tight stack with only small gaps between them, and make each of them taller so that together they nearly fill the container: box-9 starts just below the container-1 label at the top and box-13 ends just above the container's bottom edge. Keep their uneven widths and centering as they are."
claude_human_style_no_numbers,217b6178-9dce-4622-96e9-e07164f10607,7,0,0,1,Adjustment,477,"Container-1 is too wide and squat. Make it narrower — just a bit wider than box-9 with only a small margin on each side, so it's clearly narrower than box-1 — and make it taller so it ends up taller than it is wide (about as tall as everything above it stacked together). Inside it, make box-9 through box-13 each a little taller and space them with slightly bigger gaps so the stack fills the taller container, keeping the label gap at the top and a small margin under box-13."
claude_human_style_no_numbers,217b6178-9dce-4622-96e9-e07164f10607,6,0,0,1,Adjustment,425,"The five boxes inside container-1 are far too tall. Make box-9 through box-13 each about the same height as box-8 (short, wide rectangles), still stacked with only small gaps and still centered with their uneven widths. Then shrink container-1's height so it hugs that shorter stack — just a gap at the top for the container-1 label above box-9, and a small margin below box-13. Everything above the container stays as it is."
claude_human_style_no_numbers,217b6178-9dce-4622-96e9-e07164f10607,8,0,0,1,Adjustment,465,"Almost there — just fix the inside of container-1: the gaps between box-9, box-10, box-11, box-12 and box-13 are too big. Tighten them into a close stack with only small gaps (about like the gaps between box-1, box-2 and the rows above), keeping each box's current height and uneven widths. Then trim container-1's bottom so it ends just a little below box-13, keeping the same small gap at the top for the container-1 label, and keep the container's current width."
claude_human_style_no_numbers,217b6178-9dce-4622-96e9-e07164f10607,9,0,0,1,Adjustment,344,"Last tweak inside container-1: make box-9 through box-13 each a little shorter (about like box-2's height) and tighten the gaps between them a bit more, then pull container-1's bottom edge up so it still ends just below box-13. Also widen container-1 slightly so there's a bit more margin on each side of box-9, keeping it centered under box-8."
claude_human_style_no_numbers,9416d358-01a7-496c-a219-484e57d8b805,2,0,0,1,Adjustment,405,"Make box-1 much narrower — about a quarter of the page width, like the width of the box-8/box-9 column below it — and keep it on the left inside container-1, leaving a big empty gap between it and box-2/box-3/box-4 on the far right. Also make box-5, box-6 and box-7 noticeably taller so they look close to square, and stretch box-9 and box-10 taller too so box-10's bottom lines up just above container-2."
claude_human_style_no_numbers,9416d358-01a7-496c-a219-484e57d8b805,3,0,0,1,Adjustment,448,"A few tweaks: make box-8 narrower than box-9 — only about three quarters of that column's width — so it doesn't reach as far right as box-9 below it. Make box-5, box-6 and box-7 a bit shorter so they end up slightly wider than they are tall. Also let box-9 and box-10 be about the same height as each other, and shrink box-12 and box-13 a little in height so box-13's bottom sits clearly above box-10's bottom, with a bigger empty gap under box-13."
claude_human_style_no_numbers,9416d358-01a7-496c-a219-484e57d8b805,1,1,0,0,Creation,1412,"Build a plain wireframe page with dashed-outline containers and plain rectangular boxes, each printing its exact label text inside.

At the top, a full-width dashed container labeled container-1. Its label sits in its top right corner. Inside it, a wide-ish rectangle labeled box-1 on the left, and on the far right three small equal boxes side by side labeled box-2, box-3, box-4, all on the same line as box-1.

Below the container, a row of three big roughly square boxes, side by side, spanning the page width: box-5, box-6, box-7. They are much taller than box-1.

Under that row, a left column and a right column. Left column, narrow (about a quarter of the page width): a short box labeled box-8 at the top, then below it a taller near-square box labeled box-9, then below that another box labeled box-10 similar to box-9 but a bit shorter.

Right column starts to the right of the left column and runs to the right edge of the page: first a short bar labeled box-11 that only stretches about halfway across the right column, then below it a full-width taller bar labeled box-12, then below that another full-width bar labeled box-13 about the same size as box-12. Box-13's bottom sits a bit above box-10's bottom.

At the very bottom, a full-width dashed container labeled container-2 with its label in the top right corner. Inside it, on the left, two small boxes side by side labeled box-14 and box-15."
claude_human_style_no_numbers,9416d358-01a7-496c-a219-484e57d8b805,4,0,0,1,Adjustment,261,"Make box-10 noticeably shorter — roughly two thirds the height of box-9 — so there's a clear empty gap between its bottom and container-2. Also widen box-2, box-3 and box-4 a bit each (still equal to one another, still lined up on the far right of container-1)."
claude_human_style_no_numbers,9416d358-01a7-496c-a219-484e57d8b805,5,0,0,1,Adjustment,450,"Small height tweaks: make the short bars a bit taller/chunkier — box-1, box-8, box-11 and the two small boxes box-14 and box-15 should each be roughly half again as tall as they are now. Give container-1 and container-2 a little more vertical padding so their boxes sit centered with breathing room. Also pull box-5, box-6, box-7 in slightly from the left and right page edges so they line up with the dashed containers instead of touching the edges."
claude_human_style_no_numbers,9416d358-01a7-496c-a219-484e57d8b805,7,0,0,1,Adjustment,345,"Last small tweaks: make box-2, box-3 and box-4 a bit wider each so together they reach further left inside container-1 (still equal, still tucked to the far right), and trim box-1 slightly narrower so it matches the width of the box-9 column below it. Also nudge box-11 so its left edge lines up exactly with the left edges of box-12 and box-13."
claude_human_style_no_numbers,9416d358-01a7-496c-a219-484e57d8b805,6,0,0,1,Adjustment,350,"Alignment fix: box-8, box-9 and box-10 currently sit flush against the left page edge — pull them in slightly so their left edges line up with box-5 and with box-1 above (all sharing the same left margin as the dashed containers). Do the same for box-14 and box-15 inside container-2, so they start at that same left margin rather than the very edge."
claude_human_style_no_numbers,9416d358-01a7-496c-a219-484e57d8b805,8,0,0,1,Adjustment,300,Make box-14 and box-15 quite a bit wider — each roughly half the width of box-8 up in the left column — keeping them side by side at the left inside container-2. Also trim the box-9/box-10 column slightly narrower so there's a clearer gap between their right edges and the left edge of box-12/box-13.
claude_human_style_no_numbers,217b6178-9dce-4622-96e9-e07164f10607,4,0,0,1,Adjustment,468,"Make container-1 quite a bit taller — roughly as tall as everything above it stacked together, so it's taller than it is wide. Inside it, leave a clear gap between the container's top edge and box-9 (the container-1 label sits in that gap), and space the five inner boxes further apart so they spread out and fill the taller container, with box-13 ending a little above the bottom edge. Also give box-9 through box-13 a bit more height each, similar to box-1's height."
claude_human_style_no_numbers,9416d358-01a7-496c-a219-484e57d8b805,9,0,0,1,Adjustment,214,"Almost there — just stretch box-12 and box-13 a bit taller (box-13 slightly taller than box-12) so box-13's bottom sits closer to box-10's bottom, leaving only a small gap instead of the big empty space it has now."
claude_human_style_no_numbers,cf4a3387-a113-4963-b3a7-0899f66e75d1,1,1,0,0,Creation,1146,"Build a plain wireframe page with two areas. Down the far left edge, stack eight small boxes vertically with small gaps between them, labeled box-1, box-2, box-3, box-4, box-5, box-6, box-7, box-8 from top to bottom — each is a little wider than tall, all roughly the same size (box-2, box-3 and box-6 a touch wider than the others). To the right of that column, starting at the same height as box-1, put a large tall rectangle labeled box-9, taller than it is wide, about the height of the first four left boxes combined. Below box-9, leaving a gap, a wide short bar labeled box-10 that starts at box-9's left edge but extends further right than box-9. Below that another row: a shorter wide box labeled box-11 aligned to the same left edge, and off to the right side of the page a smaller box labeled box-12. Below that, a last row: a wide box labeled box-13 lined up with box-11's left edge, and to its right a box labeled box-14 roughly the same size as box-13 but a bit narrower, sitting near the right edge under box-12. Keep everything unstyled, just outlined boxes with the labels printed inside, and leave the whole right-top area empty."
claude_human_style_no_numbers,cf4a3387-a113-4963-b3a7-0899f66e75d1,2,0,0,1,Adjustment,754,"Everything is squashed into the top of the page — stretch the whole layout down so it fills most of the page height. Add a top margin so box-1 starts a bit below the top edge, and make each of the left column boxes noticeably taller with bigger gaps between them, so the column of box-1 through box-8 runs from near the top down to about three quarters of the way down the page (put a slightly larger gap between box-4 and box-5 than the other gaps). Make box-9 much taller and a bit wider so its top lines up with box-1 and its bottom sits roughly level with box-4. Then box-10 below it with a gap, box-11/box-12 row below that, and box-13/box-14 as the bottom row ending roughly level with box-8. Make box-10, box-11, box-13 and box-14 taller bars too."
claude_human_style_no_numbers,cf4a3387-a113-4963-b3a7-0899f66e75d1,3,0,0,1,Adjustment,475,"A few width fixes. Make box-9 noticeably wider (still taller than wide, but roughly half again as wide as it is now). Make box-10 wider too so it clearly sticks out past box-9's right edge, reaching about the middle-right of the page. Widen box-11 so it's a bit wider than box-9, and widen box-13 so it's slightly wider than box-11. Also make the left column boxes (box-1 through box-8) a good bit wider, roughly double their current width, keeping their heights as they are."
claude_human_style_no_numbers,cf4a3387-a113-4963-b3a7-0899f66e75d1,4,0,0,1,Adjustment,490,"Widths on the right side still need work. Stretch box-10 further right so it reaches well past the middle of the page, roughly three quarters across. Widen box-11 so it's a bit wider than box-9, and widen box-13 more so it's noticeably wider than box-11. Then pull box-12 and box-14 leftward away from the right edge — box-14 should sit with only a small gap after box-13's right edge, and box-12 should start a little to the left of where box-14 starts, both a bit wider than they are now."
claude_human_style_no_numbers,cf4a3387-a113-4963-b3a7-0899f66e75d1,5,0,0,1,Adjustment,431,"Slide box-12 and box-14 over to the right so their right edges both end up almost at the right edge of the page, lined up with each other. That means a bigger gap between box-13 and box-14 than now, and box-12's left edge should sit a little to the right of box-14's left edge. Also nudge box-9, box-10, box-11 and box-13 slightly right so their shared left edge is a bit further from the left column, and make box-9 a touch wider."
claude_human_style_no_numbers,cf4a3387-a113-4963-b3a7-0899f66e75d1,6,0,0,1,Adjustment,446,"Small tidy-up on the left column: make box-1 through box-8 a bit shorter with tighter gaps between them (keep the slightly bigger gap between box-4 and box-5), and vary their widths a little so box-2, box-3 and box-6 stick out a touch further right than box-1, box-4, box-5 and box-7, and box-8 is indented slightly from the left edge compared to the rest. Also line up the top of box-9 exactly with the top of box-1 rather than sitting above it."
claude_human_style_no_numbers,cf4a3387-a113-4963-b3a7-0899f66e75d1,7,0,0,1,Adjustment,510,"The left column is too short — spread box-1 through box-8 further down so the bottom of box-8 sits roughly level with the top of box-13 in the right area (make each box a bit taller and the gaps slightly bigger, keeping the extra gap between box-4 and box-5). Also on the right: widen box-11 a little so it's slightly wider than box-9, and trim box-13 so it's only a touch wider than box-11 rather than much wider. Finally stretch box-14 a bit further right so its right edge lines up with box-12's right edge."
claude_human_style_no_numbers,cf4a3387-a113-4963-b3a7-0899f66e75d1,9,0,0,1,Adjustment,479,"There's too much empty space left at the bottom of the page — stretch the right-hand stack down a little: give slightly bigger gaps between box-9 and box-10, between box-10 and the box-11/box-12 row, and between that row and the box-13/box-14 row, so the bottom row finishes with only a small margin below it, similar to the gap above box-1. Also nudge box-9, box-10, box-11 and box-13 a touch further right so their shared left edge sits a bit further away from the left column."
claude_human_style_no_numbers,cf4a3387-a113-4963-b3a7-0899f66e75d1,8,0,0,1,Adjustment,415,"Almost there. Push the whole layout down a bit so there's more empty space above box-1 and box-9 (they should start noticeably below the top edge, like the gap you have at the bottom of the page). Also make the left column boxes box-1 through box-8 slightly shorter and a little narrower so they read as small tags next to the big right-hand blocks, keeping box-8 indented and the extra gap between box-4 and box-5."
claude_human_style_no_numbers,cf4a3387-a113-4963-b3a7-0899f66e75d1,11,0,0,1,Adjustment,454,"The left column needs the gaps closed up: make box-1 through box-8 each noticeably taller (roughly like small squares-ish, a bit wider than tall) and shrink the gaps between them down to just thin slivers, so they read as a tightly stacked column rather than widely spaced tags — keep the slightly bigger gap between box-4 and box-5, keep box-8 indented, and keep the column running from level with box-9's top down to about level with the top of box-13."
claude_human_style_no_numbers,cf4a3387-a113-4963-b3a7-0899f66e75d1,10,0,0,1,Adjustment,517,"Two things. First, all the right-side bars are too tall — make box-10, box-11, box-12, box-13 and box-14 noticeably shorter, more like slim bars roughly half their current height (keep their widths and left edges as they are), and keep the gaps between the rows so the bottom row still ends near the bottom with a small margin. Second, the left column stops too high — spread box-1 through box-8 further down so box-8's bottom lands roughly level with the top of box-13, keeping the extra gap between box-4 and box-5."
claude_human_style_no_numbers,cf4a3387-a113-4963-b3a7-0899f66e75d1,12,0,0,1,Adjustment,521,"Two tweaks. First, there's still dead space at the bottom of the page — pull the whole right-hand stack up/tighten it so the box-13/box-14 row finishes with only a small margin below it, matching the gap above box-9. Second, the left column still stops too high: spread box-1 through box-8 further down (taller boxes, keep the slivers of gaps and the slightly bigger gap between box-4 and box-5) so box-4's bottom lands roughly level with the bottom of box-9 and box-8's bottom lands roughly level with the top of box-13."
claude_human_style_no_numbers,cf4a3387-a113-4963-b3a7-0899f66e75d1,14,0,0,1,Adjustment,503,"Bottom rows need fixing: make box-13 and box-14 shorter so they're the same height as box-11 and box-12 (all four the same chunky bar height), and add more breathing room between the rows — a bigger gap between box-10 and the box-11/box-12 row, and a noticeably bigger gap between that row and the box-13/box-14 row, so the bottom row still finishes with a small margin below it. Also pull the left column up slightly so box-8's bottom sits level with the top of box-13, and make box-9 a touch narrower."
claude_human_style_no_numbers,cf4a3387-a113-4963-b3a7-0899f66e75d1,13,0,0,1,Adjustment,551,"Right side needs height changes: make box-9 shorter so its bottom sits a bit higher (roughly level with the bottom of box-4 in the left column), and then make box-10, box-11, box-12, box-13 and box-14 all noticeably taller — about double their current height, chunky bars rather than thin ones — keeping their widths and left edges the same and keeping the gaps between rows so the bottom row still ends with just a small margin below it. Also pull the left column up a little so box-8's bottom lands level with the top of box-13 rather than below it."
claude_human_style_no_numbers,feffde06-889b-483f-b39c-a326c3a847ef,2,0,0,1,Adjustment,417,"Make all the small boxes chunkier: box-2 through box-7, plus box-10, box-12 and box-13, should each be about twice as tall as they are now (roughly half as tall as they are wide) and a touch narrower. Keep the small gaps between them in each stack, and give box-13 a slightly narrower width than box-12. Also stretch box-9 a bit wider to the right and a little taller so its bottom lines up with the bottom of box-11."
claude_human_style_no_numbers,feffde06-889b-483f-b39c-a326c3a847ef,1,1,0,0,Creation,1238,"Build a plain wireframe page with outlined rectangles, each printing its label text centered inside. At the top left, a wide short rectangle labeled box-1 (about a third of the page wide). Leave a gap below it, then three columns of content.

Left column, starting under box-1 near the left edge: a small stack of three short rectangles labeled box-2, box-3, box-4, one under the other with small gaps; box-3 is slightly wider than box-2, box-4 slightly narrower. Further down the left column, after a big empty gap, another stack of three similar small rectangles labeled box-5, box-6, box-7 with box-6 a bit wider than the others.

Middle column, starting at the same height as box-2: a short rectangle labeled box-8 roughly twice as wide as box-2, and directly beneath it a much larger rectangle labeled box-9 that is wide (about a bit less than half the page) and about three times as tall as box-8.

Right column near the right edge, starting at the same height as box-2: a short rectangle labeled box-10, and directly under it a tall narrow rectangle labeled box-11 that runs down to about the bottom of box-9. Then, lower down, roughly level with box-6 and box-7 on the left, two small rectangles stacked labeled box-12 and box-13."
claude_human_style_no_numbers,feffde06-889b-483f-b39c-a326c3a847ef,4,0,0,1,Adjustment,619,"Three tweaks: (1) Make box-9 noticeably taller again — about three times the height of box-8 — so its bottom sits a fair bit above the bottom of box-11 but well below box-4. (2) Shift the middle column (box-8 and box-9) leftward so box-8's left edge sits closer to the left column, roughly a third of the way between box-2 and the middle of the page; keep box-9 lined up with box-8's left edge and let box-9 extend right until it's near, but not touching, box-10/box-11. (3) Tighten the vertical gaps within the two left stacks so box-2, box-3, box-4 sit almost stacked against each other, same for box-5, box-6, box-7."
claude_human_style_no_numbers,feffde06-889b-483f-b39c-a326c3a847ef,3,0,0,1,Adjustment,446,"Shrink box-9 vertically a lot — it should be a wide, fairly flat rectangle, only about two and a half times as tall as box-8, keeping its current width. Because of that, box-11 should now stay tall and reach noticeably lower than the bottom of box-9. Also make box-8 narrower, only about half the width of box-9, still lined up with box-9's left edge. Finally slide box-12 and box-13 down a bit so they sit level with box-6 and box-7 on the left."
claude_human_style_no_numbers,feffde06-889b-483f-b39c-a326c3a847ef,5,0,0,1,Adjustment,363,Make box-9 quite a bit taller — grow it downward so its bottom ends up only a little above the bottom of box-11 (keep box-8 and box-9's top and width as they are). Also line up box-13's left edge with box-12's left edge so the extra width difference shows on the right side. Finally nudge the box-5/6/7 stack and the box-12/13 pair a little further down the page.
claude_human_style_no_numbers,feffde06-889b-483f-b39c-a326c3a847ef,6,0,0,1,Adjustment,322,"Two things: make box-11 extend further down the page so it ends noticeably lower than the bottom of box-9 (a clear gap between them), and trim box-9's height a little so it's more of a flat wide rectangle again. Also nudge box-12 and box-13 down a touch so box-13's bottom sits about level with box-7's bottom on the left."
claude_human_style_no_numbers,feffde06-889b-483f-b39c-a326c3a847ef,8,0,0,1,Adjustment,470,"box-12 has collapsed into a thin sliver next to box-13 — fix it: box-12 should be a proper small rectangle (same size as box-10) sitting directly above box-13 with a small gap, both left-aligned with each other on the right side of the page, and box-13 a touch narrower than box-12. Also move the box-5/box-6/box-7 stack down so box-5 starts a bit past the halfway point of the page, and push box-12/box-13 down with them so box-13's bottom lines up with box-7's bottom."
claude_human_style_no_numbers,feffde06-889b-483f-b39c-a326c3a847ef,7,0,0,1,Adjustment,322,"Shorten box-11 from the bottom so it only reaches a little below box-9's bottom — right now it hangs way too far down the page. Also move the box-5/box-6/box-7 stack up a bit so box-5 sits a little above the halfway point of the page, and move box-12/box-13 up slightly too so box-13's bottom lines up with box-7's bottom."
claude_human_style_no_numbers,feffde06-889b-483f-b39c-a326c3a847ef,9,0,0,1,Adjustment,422,"box-12 is still just a thin sliver squeezed to the right of box-13 — rebuild that pair as a proper vertical stack: box-12 is a small rectangle the same size as box-10, sitting directly above box-13 with only a small gap, and box-13 sits under it slightly narrower, both left edges lined up with each other and with box-10/box-11 above. Move the pair up slightly so box-13's bottom lines up with box-7's bottom on the left."
claude_human_style_no_numbers,feffde06-889b-483f-b39c-a326c3a847ef,10,0,0,1,Adjustment,346,"Almost there — two small fixes: nudge the whole box-5/box-6/box-7 stack and the box-12/box-13 pair a bit further down the page (they should sit in the lower third, with box-13's bottom staying level with box-7's bottom), and trim box-9 a little narrower on its right side so there's a clearly wider gap between box-9 and the box-10/box-11 column."
claude_human_style_no_numbers,feffde06-889b-483f-b39c-a326c3a847ef,12,0,0,1,Adjustment,261,"Just a couple of small proportion tweaks: make box-9 a bit flatter and wider — shave a little off its height and let it stretch slightly further right — and make box-11 a touch wider (a bit wider than box-10 above it), keeping its top and bottom where they are."
claude_human_style_no_numbers,feffde06-889b-483f-b39c-a326c3a847ef,11,0,0,1,Adjustment,257,"Two last small tweaks: slide box-12 and box-13 down a touch so box-12 sits level with box-6 and box-13's bottom ends up just a little lower than box-7's bottom, and stretch box-11 down a bit more so it clearly ends lower than box-9's bottom with a good gap."
claude_human_style_no_numbers,feffde06-889b-483f-b39c-a326c3a847ef,13,0,0,1,Adjustment,310,"Move the box-5/box-6/box-7 stack up a bit so box-5's top sits a little above the vertical midpoint between box-4's bottom and the bottom of the page, and nudge box-12/box-13 up slightly as well so box-12 stays level with box-6. Also make box-3 a bit narrower so the box-2/3/4 stack looks more uniform in width."
