session_id,rater_id,reference_id,a_msg,b_msg,choice,is_gold,response_ms
a2d6a4bc-a9b1-4105-abbb-bd171dc85029,69ef19f9aa095d902763dd4c,3d208f14-067a-419e-ab6a-5d0badf2ba12,da0fb0ab-9953-4fe6-9612-d6b74c6057b5,90d0f719-cdca-4fd5-8062-9589e56b49ab,tie,false,5338
be23564a-3f13-4938-a3b3-018ff112bcbc,5e7b6486b704ac034e3f01c8,c9517cc7-2d84-4b68-8493-75b61e23f9ea,f70e07d0-fd78-49da-9ab5-b6dcc69c9404,0e1cfb71-8713-49e4-beaf-a80448453cc3,b,false,2656
be23564a-3f13-4938-a3b3-018ff112bcbc,5e7b6486b704ac034e3f01c8,3d208f14-067a-419e-ab6a-5d0badf2ba12,b27390be-fc00-4a47-ae1d-d1fb612e88c0,ab11fcf5-aa12-440f-a35d-1eaa3819942c,b,false,1868
f520f1d3-a1be-47a7-a69d-41f66e84bec8,6a09e5df6dd9e64c5b16cf69,3d208f14-067a-419e-ab6a-5d0badf2ba12,b27390be-fc00-4a47-ae1d-d1fb612e88c0,ab11fcf5-aa12-440f-a35d-1eaa3819942c,b,false,1372
be23564a-3f13-4938-a3b3-018ff112bcbc,5e7b6486b704ac034e3f01c8,3d208f14-067a-419e-ab6a-5d0badf2ba12,8c6fbc55-fe56-488b-beb5-3d4601567f3d,90d0f719-cdca-4fd5-8062-9589e56b49ab,b,false,1635
5451cd94-3615-4e7b-8dd8-33de6471e36b,5d8e154af2858200171fdb95,d7a2d7fc-b8a8-4209-bced-f6ddc07a4887,13857f86-818f-4b0a-8576-c919692850b9,a1fe6696-bd99-4df4-b84e-651da4740344,b,false,1572
2988bbd6-ff45-46ed-8d39-b6b63212ad8e,6a02ed5bd6acf52c07ab46fa,c9517cc7-2d84-4b68-8493-75b61e23f9ea,b1204c78-7dcf-436f-b0df-dbb97ff49934,34984376-bc70-491d-8576-75e5a2e8d961,b,false,1910
a7e7d4c3-3d6b-4fc8-8439-58c6e0666f05,5b213220809d160001a2c36d,3d208f14-067a-419e-ab6a-5d0badf2ba12,da0fb0ab-9953-4fe6-9612-d6b74c6057b5,ab11fcf5-aa12-440f-a35d-1eaa3819942c,b,false,3204
5451cd94-3615-4e7b-8dd8-33de6471e36b,5d8e154af2858200171fdb95,58f6757d-6c99-4e7e-ba80-f16c93699661,3fbfeb3a-eb29-49fe-a3ff-130cdf8f2755,4d078bfd-aa33-4d1d-ae28-8031ae9fb660,tie,false,2624
f520f1d3-a1be-47a7-a69d-41f66e84bec8,6a09e5df6dd9e64c5b16cf69,c61427b9-dc32-418f-bb16-4d4ea009349d,186fc06b-c574-4e89-81a3-381523976432,1c8de671-74f0-4d8f-b66d-bc1330361cfc,b,false,1041
a7e7d4c3-3d6b-4fc8-8439-58c6e0666f05,5b213220809d160001a2c36d,3d208f14-067a-419e-ab6a-5d0badf2ba12,da0fb0ab-9953-4fe6-9612-d6b74c6057b5,90d0f719-cdca-4fd5-8062-9589e56b49ab,b,false,4969
be23564a-3f13-4938-a3b3-018ff112bcbc,5e7b6486b704ac034e3f01c8,58f6757d-6c99-4e7e-ba80-f16c93699661,3fbfeb3a-eb29-49fe-a3ff-130cdf8f2755,b247a7f9-a366-4add-9aa1-0a791aab02e9,b,false,1794
30e162e5-8104-4f27-86e1-b2a5d2b03398,697ceaa6ba4604b428e4e69d,c9517cc7-2d84-4b68-8493-75b61e23f9ea,770427d9-c38c-44ae-9832-f5d57f83384f,34984376-bc70-491d-8576-75e5a2e8d961,tie,false,12355
a2d6a4bc-a9b1-4105-abbb-bd171dc85029,69ef19f9aa095d902763dd4c,c61427b9-dc32-418f-bb16-4d4ea009349d,5054bf78-6e74-4fcb-8bb2-f1fd492e448e,a1f7c97c-c8c0-41a3-866f-5bdf26b34060,tie,false,2322
2988bbd6-ff45-46ed-8d39-b6b63212ad8e,6a02ed5bd6acf52c07ab46fa,d7a2d7fc-b8a8-4209-bced-f6ddc07a4887,13857f86-818f-4b0a-8576-c919692850b9,12517374-67af-4411-b199-c8477894bebe,a,false,3374
2988bbd6-ff45-46ed-8d39-b6b63212ad8e,6a02ed5bd6acf52c07ab46fa,58f6757d-6c99-4e7e-ba80-f16c93699661,63457528-beb7-4e65-881e-d64af3de70fb,ff8874d4-c2e4-4de4-82b5-4de2d424d24c,b,false,2929
2988bbd6-ff45-46ed-8d39-b6b63212ad8e,6a02ed5bd6acf52c07ab46fa,3d208f14-067a-419e-ab6a-5d0badf2ba12,90d0f719-cdca-4fd5-8062-9589e56b49ab,ab11fcf5-aa12-440f-a35d-1eaa3819942c,b,false,943
96dce4e9-ba10-4c70-b598-5f6e53964e96,56b78f11e77ebe000cbefe79,58f6757d-6c99-4e7e-ba80-f16c93699661,4d078bfd-aa33-4d1d-ae28-8031ae9fb660,c24cde72-4104-48fb-bb83-e957919b061c,a,true,4308
f520f1d3-a1be-47a7-a69d-41f66e84bec8,6a09e5df6dd9e64c5b16cf69,c9517cc7-2d84-4b68-8493-75b61e23f9ea,f70e07d0-fd78-49da-9ab5-b6dcc69c9404,34984376-bc70-491d-8576-75e5a2e8d961,b,false,4207
8a9d49bb-ca5f-48e1-9b47-19bbb2248c60,66a641b50cc3558ad9b5448e,3d208f14-067a-419e-ab6a-5d0badf2ba12,da0fb0ab-9953-4fe6-9612-d6b74c6057b5,90d0f719-cdca-4fd5-8062-9589e56b49ab,b,false,50845
866bb4d6-ab1c-45a4-bc3f-e49ad9304fdc,67f81095730db61c061dd43b,3d208f14-067a-419e-ab6a-5d0badf2ba12,b27390be-fc00-4a47-ae1d-d1fb612e88c0,8c6fbc55-fe56-488b-beb5-3d4601567f3d,b,false,34795
be23564a-3f13-4938-a3b3-018ff112bcbc,5e7b6486b704ac034e3f01c8,58f6757d-6c99-4e7e-ba80-f16c93699661,ff8874d4-c2e4-4de4-82b5-4de2d424d24c,4d078bfd-aa33-4d1d-ae28-8031ae9fb660,a,false,1191
f520f1d3-a1be-47a7-a69d-41f66e84bec8,6a09e5df6dd9e64c5b16cf69,d7a2d7fc-b8a8-4209-bced-f6ddc07a4887,13857f86-818f-4b0a-8576-c919692850b9,064c9ade-7927-48fd-adfe-da9612c93fb2,a,false,13343
2988bbd6-ff45-46ed-8d39-b6b63212ad8e,6a02ed5bd6acf52c07ab46fa,d7a2d7fc-b8a8-4209-bced-f6ddc07a4887,0102fdec-31f4-4b1b-95fc-f94bad46b0dd,12517374-67af-4411-b199-c8477894bebe,tie,false,1475
be23564a-3f13-4938-a3b3-018ff112bcbc,5e7b6486b704ac034e3f01c8,58f6757d-6c99-4e7e-ba80-f16c93699661,ff8874d4-c2e4-4de4-82b5-4de2d424d24c,b247a7f9-a366-4add-9aa1-0a791aab02e9,a,false,3496
96dce4e9-ba10-4c70-b598-5f6e53964e96,56b78f11e77ebe000cbefe79,58f6757d-6c99-4e7e-ba80-f16c93699661,4d078bfd-aa33-4d1d-ae28-8031ae9fb660,b247a7f9-a366-4add-9aa1-0a791aab02e9,b,false,2138
be23564a-3f13-4938-a3b3-018ff112bcbc,5e7b6486b704ac034e3f01c8,3d208f14-067a-419e-ab6a-5d0badf2ba12,8c6fbc55-fe56-488b-beb5-3d4601567f3d,da0fb0ab-9953-4fe6-9612-d6b74c6057b5,tie,false,7656
96dce4e9-ba10-4c70-b598-5f6e53964e96,56b78f11e77ebe000cbefe79,d7a2d7fc-b8a8-4209-bced-f6ddc07a4887,0102fdec-31f4-4b1b-95fc-f94bad46b0dd,13857f86-818f-4b0a-8576-c919692850b9,b,false,1485
2988bbd6-ff45-46ed-8d39-b6b63212ad8e,6a02ed5bd6acf52c07ab46fa,c61427b9-dc32-418f-bb16-4d4ea009349d,186fc06b-c574-4e89-81a3-381523976432,5054bf78-6e74-4fcb-8bb2-f1fd492e448e,b,false,933
5451cd94-3615-4e7b-8dd8-33de6471e36b,5d8e154af2858200171fdb95,58f6757d-6c99-4e7e-ba80-f16c93699661,ff8874d4-c2e4-4de4-82b5-4de2d424d24c,b247a7f9-a366-4add-9aa1-0a791aab02e9,b,false,4062
a2d6a4bc-a9b1-4105-abbb-bd171dc85029,69ef19f9aa095d902763dd4c,3d208f14-067a-419e-ab6a-5d0badf2ba12,ab11fcf5-aa12-440f-a35d-1eaa3819942c,fe79ec6c-8646-43cb-bfcb-a91a6bf5afa0,a,true,2050
30e162e5-8104-4f27-86e1-b2a5d2b03398,697ceaa6ba4604b428e4e69d,58f6757d-6c99-4e7e-ba80-f16c93699661,3fbfeb3a-eb29-49fe-a3ff-130cdf8f2755,4d078bfd-aa33-4d1d-ae28-8031ae9fb660,b,false,7517
a2d6a4bc-a9b1-4105-abbb-bd171dc85029,69ef19f9aa095d902763dd4c,c61427b9-dc32-418f-bb16-4d4ea009349d,186fc06b-c574-4e89-81a3-381523976432,1c8de671-74f0-4d8f-b66d-bc1330361cfc,tie,false,2025
866bb4d6-ab1c-45a4-bc3f-e49ad9304fdc,67f81095730db61c061dd43b,c9517cc7-2d84-4b68-8493-75b61e23f9ea,f70e07d0-fd78-49da-9ab5-b6dcc69c9404,770427d9-c38c-44ae-9832-f5d57f83384f,b,false,8542
be23564a-3f13-4938-a3b3-018ff112bcbc,5e7b6486b704ac034e3f01c8,c9517cc7-2d84-4b68-8493-75b61e23f9ea,0e1cfb71-8713-49e4-beaf-a80448453cc3,34984376-bc70-491d-8576-75e5a2e8d961,b,false,4430
f520f1d3-a1be-47a7-a69d-41f66e84bec8,6a09e5df6dd9e64c5b16cf69,3d208f14-067a-419e-ab6a-5d0badf2ba12,8c6fbc55-fe56-488b-beb5-3d4601567f3d,da0fb0ab-9953-4fe6-9612-d6b74c6057b5,a,false,7016
a7e7d4c3-3d6b-4fc8-8439-58c6e0666f05,5b213220809d160001a2c36d,3d208f14-067a-419e-ab6a-5d0badf2ba12,b27390be-fc00-4a47-ae1d-d1fb612e88c0,da0fb0ab-9953-4fe6-9612-d6b74c6057b5,tie,false,1603
866bb4d6-ab1c-45a4-bc3f-e49ad9304fdc,67f81095730db61c061dd43b,c61427b9-dc32-418f-bb16-4d4ea009349d,186fc06b-c574-4e89-81a3-381523976432,1c8de671-74f0-4d8f-b66d-bc1330361cfc,tie,false,8257
628d36e5-c481-4a4b-9287-eeb6e129605d,5f5bcd84009333376363c9aa,d7a2d7fc-b8a8-4209-bced-f6ddc07a4887,13857f86-818f-4b0a-8576-c919692850b9,12517374-67af-4411-b199-c8477894bebe,a,false,1420
628d36e5-c481-4a4b-9287-eeb6e129605d,5f5bcd84009333376363c9aa,c61427b9-dc32-418f-bb16-4d4ea009349d,186fc06b-c574-4e89-81a3-381523976432,4ec65713-c307-4711-8b9e-ed4ddbfb1f85,b,false,2595
a2d6a4bc-a9b1-4105-abbb-bd171dc85029,69ef19f9aa095d902763dd4c,c9517cc7-2d84-4b68-8493-75b61e23f9ea,f70e07d0-fd78-49da-9ab5-b6dcc69c9404,770427d9-c38c-44ae-9832-f5d57f83384f,b,false,7769
2988bbd6-ff45-46ed-8d39-b6b63212ad8e,6a02ed5bd6acf52c07ab46fa,c9517cc7-2d84-4b68-8493-75b61e23f9ea,f70e07d0-fd78-49da-9ab5-b6dcc69c9404,0e1cfb71-8713-49e4-beaf-a80448453cc3,b,false,2067
30e162e5-8104-4f27-86e1-b2a5d2b03398,697ceaa6ba4604b428e4e69d,3d208f14-067a-419e-ab6a-5d0badf2ba12,b27390be-fc00-4a47-ae1d-d1fb612e88c0,8c6fbc55-fe56-488b-beb5-3d4601567f3d,b,false,1222
96dce4e9-ba10-4c70-b598-5f6e53964e96,56b78f11e77ebe000cbefe79,3d208f14-067a-419e-ab6a-5d0badf2ba12,8c6fbc55-fe56-488b-beb5-3d4601567f3d,da0fb0ab-9953-4fe6-9612-d6b74c6057b5,b,false,60894
628d36e5-c481-4a4b-9287-eeb6e129605d,5f5bcd84009333376363c9aa,58f6757d-6c99-4e7e-ba80-f16c93699661,63457528-beb7-4e65-881e-d64af3de70fb,b247a7f9-a366-4add-9aa1-0a791aab02e9,b,false,3766
be23564a-3f13-4938-a3b3-018ff112bcbc,5e7b6486b704ac034e3f01c8,58f6757d-6c99-4e7e-ba80-f16c93699661,63457528-beb7-4e65-881e-d64af3de70fb,b247a7f9-a366-4add-9aa1-0a791aab02e9,b,false,1475
2988bbd6-ff45-46ed-8d39-b6b63212ad8e,6a02ed5bd6acf52c07ab46fa,3d208f14-067a-419e-ab6a-5d0badf2ba12,da0fb0ab-9953-4fe6-9612-d6b74c6057b5,ab11fcf5-aa12-440f-a35d-1eaa3819942c,b,false,989
30e162e5-8104-4f27-86e1-b2a5d2b03398,697ceaa6ba4604b428e4e69d,c9517cc7-2d84-4b68-8493-75b61e23f9ea,b1204c78-7dcf-436f-b0df-dbb97ff49934,34984376-bc70-491d-8576-75e5a2e8d961,b,false,3083
96dce4e9-ba10-4c70-b598-5f6e53964e96,56b78f11e77ebe000cbefe79,c61427b9-dc32-418f-bb16-4d4ea009349d,186fc06b-c574-4e89-81a3-381523976432,a1f7c97c-c8c0-41a3-866f-5bdf26b34060,b,false,1943
be23564a-3f13-4938-a3b3-018ff112bcbc,5e7b6486b704ac034e3f01c8,3d208f14-067a-419e-ab6a-5d0badf2ba12,8c6fbc55-fe56-488b-beb5-3d4601567f3d,ab11fcf5-aa12-440f-a35d-1eaa3819942c,b,false,1430
30e162e5-8104-4f27-86e1-b2a5d2b03398,697ceaa6ba4604b428e4e69d,d7a2d7fc-b8a8-4209-bced-f6ddc07a4887,13857f86-818f-4b0a-8576-c919692850b9,a1fe6696-bd99-4df4-b84e-651da4740344,b,false,8257
30e162e5-8104-4f27-86e1-b2a5d2b03398,697ceaa6ba4604b428e4e69d,58f6757d-6c99-4e7e-ba80-f16c93699661,63457528-beb7-4e65-881e-d64af3de70fb,b247a7f9-a366-4add-9aa1-0a791aab02e9,b,false,1730
2988bbd6-ff45-46ed-8d39-b6b63212ad8e,6a02ed5bd6acf52c07ab46fa,d7a2d7fc-b8a8-4209-bced-f6ddc07a4887,0102fdec-31f4-4b1b-95fc-f94bad46b0dd,993adc7d-5ff2-4d7b-9966-72935023de4b,a,true,1413
30e162e5-8104-4f27-86e1-b2a5d2b03398,697ceaa6ba4604b428e4e69d,3d208f14-067a-419e-ab6a-5d0badf2ba12,90d0f719-cdca-4fd5-8062-9589e56b49ab,ab11fcf5-aa12-440f-a35d-1eaa3819942c,b,false,2361
96dce4e9-ba10-4c70-b598-5f6e53964e96,56b78f11e77ebe000cbefe79,c61427b9-dc32-418f-bb16-4d4ea009349d,186fc06b-c574-4e89-81a3-381523976432,1c8de671-74f0-4d8f-b66d-bc1330361cfc,b,false,1579
30e162e5-8104-4f27-86e1-b2a5d2b03398,697ceaa6ba4604b428e4e69d,d7a2d7fc-b8a8-4209-bced-f6ddc07a4887,0102fdec-31f4-4b1b-95fc-f94bad46b0dd,993adc7d-5ff2-4d7b-9966-72935023de4b,a,true,1419
be23564a-3f13-4938-a3b3-018ff112bcbc,5e7b6486b704ac034e3f01c8,d7a2d7fc-b8a8-4209-bced-f6ddc07a4887,0102fdec-31f4-4b1b-95fc-f94bad46b0dd,12517374-67af-4411-b199-c8477894bebe,tie,false,3762
090b965a-fdfe-43a0-a101-dc7f4c66470c,699070e1e1874936e60ec84c,3d208f14-067a-419e-ab6a-5d0badf2ba12,b27390be-fc00-4a47-ae1d-d1fb612e88c0,da0fb0ab-9953-4fe6-9612-d6b74c6057b5,b,false,1148
628d36e5-c481-4a4b-9287-eeb6e129605d,5f5bcd84009333376363c9aa,c61427b9-dc32-418f-bb16-4d4ea009349d,4ec65713-c307-4711-8b9e-ed4ddbfb1f85,a1f7c97c-c8c0-41a3-866f-5bdf26b34060,a,false,2180
5451cd94-3615-4e7b-8dd8-33de6471e36b,5d8e154af2858200171fdb95,58f6757d-6c99-4e7e-ba80-f16c93699661,63457528-beb7-4e65-881e-d64af3de70fb,4d078bfd-aa33-4d1d-ae28-8031ae9fb660,b,false,1755
2988bbd6-ff45-46ed-8d39-b6b63212ad8e,6a02ed5bd6acf52c07ab46fa,c9517cc7-2d84-4b68-8493-75b61e23f9ea,0e1cfb71-8713-49e4-beaf-a80448453cc3,770427d9-c38c-44ae-9832-f5d57f83384f,b,false,4026
090b965a-fdfe-43a0-a101-dc7f4c66470c,699070e1e1874936e60ec84c,d7a2d7fc-b8a8-4209-bced-f6ddc07a4887,064c9ade-7927-48fd-adfe-da9612c93fb2,12517374-67af-4411-b199-c8477894bebe,a,false,5613
5451cd94-3615-4e7b-8dd8-33de6471e36b,5d8e154af2858200171fdb95,d7a2d7fc-b8a8-4209-bced-f6ddc07a4887,13857f86-818f-4b0a-8576-c919692850b9,064c9ade-7927-48fd-adfe-da9612c93fb2,a,false,1794
30e162e5-8104-4f27-86e1-b2a5d2b03398,697ceaa6ba4604b428e4e69d,c9517cc7-2d84-4b68-8493-75b61e23f9ea,b1204c78-7dcf-436f-b0df-dbb97ff49934,b54395bc-87bd-4275-9b53-81f2299c8371,a,true,2091
a2d6a4bc-a9b1-4105-abbb-bd171dc85029,69ef19f9aa095d902763dd4c,3d208f14-067a-419e-ab6a-5d0badf2ba12,8c6fbc55-fe56-488b-beb5-3d4601567f3d,ab11fcf5-aa12-440f-a35d-1eaa3819942c,b,false,6337
be23564a-3f13-4938-a3b3-018ff112bcbc,5e7b6486b704ac034e3f01c8,d7a2d7fc-b8a8-4209-bced-f6ddc07a4887,0102fdec-31f4-4b1b-95fc-f94bad46b0dd,13857f86-818f-4b0a-8576-c919692850b9,b,false,5676
5451cd94-3615-4e7b-8dd8-33de6471e36b,5d8e154af2858200171fdb95,c61427b9-dc32-418f-bb16-4d4ea009349d,4ec65713-c307-4711-8b9e-ed4ddbfb1f85,1c8de671-74f0-4d8f-b66d-bc1330361cfc,tie,false,2095
628d36e5-c481-4a4b-9287-eeb6e129605d,5f5bcd84009333376363c9aa,d7a2d7fc-b8a8-4209-bced-f6ddc07a4887,0102fdec-31f4-4b1b-95fc-f94bad46b0dd,064c9ade-7927-48fd-adfe-da9612c93fb2,tie,false,2304
be23564a-3f13-4938-a3b3-018ff112bcbc,5e7b6486b704ac034e3f01c8,c61427b9-dc32-418f-bb16-4d4ea009349d,4ec65713-c307-4711-8b9e-ed4ddbfb1f85,1c8de671-74f0-4d8f-b66d-bc1330361cfc,b,false,3969
a2d6a4bc-a9b1-4105-abbb-bd171dc85029,69ef19f9aa095d902763dd4c,c9517cc7-2d84-4b68-8493-75b61e23f9ea,770427d9-c38c-44ae-9832-f5d57f83384f,34984376-bc70-491d-8576-75e5a2e8d961,b,false,7305
30e162e5-8104-4f27-86e1-b2a5d2b03398,697ceaa6ba4604b428e4e69d,3d208f14-067a-419e-ab6a-5d0badf2ba12,b27390be-fc00-4a47-ae1d-d1fb612e88c0,ab11fcf5-aa12-440f-a35d-1eaa3819942c,b,false,1855
30e162e5-8104-4f27-86e1-b2a5d2b03398,697ceaa6ba4604b428e4e69d,c9517cc7-2d84-4b68-8493-75b61e23f9ea,f70e07d0-fd78-49da-9ab5-b6dcc69c9404,770427d9-c38c-44ae-9832-f5d57f83384f,b,false,2352
628d36e5-c481-4a4b-9287-eeb6e129605d,5f5bcd84009333376363c9aa,d7a2d7fc-b8a8-4209-bced-f6ddc07a4887,a1fe6696-bd99-4df4-b84e-651da4740344,12517374-67af-4411-b199-c8477894bebe,a,false,2803
96dce4e9-ba10-4c70-b598-5f6e53964e96,56b78f11e77ebe000cbefe79,c61427b9-dc32-418f-bb16-4d4ea009349d,186fc06b-c574-4e89-81a3-381523976432,4ec65713-c307-4711-8b9e-ed4ddbfb1f85,b,false,1678
be23564a-3f13-4938-a3b3-018ff112bcbc,5e7b6486b704ac034e3f01c8,3d208f14-067a-419e-ab6a-5d0badf2ba12,b27390be-fc00-4a47-ae1d-d1fb612e88c0,da0fb0ab-9953-4fe6-9612-d6b74c6057b5,b,false,1515
be23564a-3f13-4938-a3b3-018ff112bcbc,5e7b6486b704ac034e3f01c8,58f6757d-6c99-4e7e-ba80-f16c93699661,3fbfeb3a-eb29-49fe-a3ff-130cdf8f2755,4d078bfd-aa33-4d1d-ae28-8031ae9fb660,b,false,2627
2988bbd6-ff45-46ed-8d39-b6b63212ad8e,6a02ed5bd6acf52c07ab46fa,3d208f14-067a-419e-ab6a-5d0badf2ba12,b27390be-fc00-4a47-ae1d-d1fb612e88c0,da0fb0ab-9953-4fe6-9612-d6b74c6057b5,b,false,9381
8a9d49bb-ca5f-48e1-9b47-19bbb2248c60,66a641b50cc3558ad9b5448e,58f6757d-6c99-4e7e-ba80-f16c93699661,63457528-beb7-4e65-881e-d64af3de70fb,3fbfeb3a-eb29-49fe-a3ff-130cdf8f2755,b,false,8749
be23564a-3f13-4938-a3b3-018ff112bcbc,5e7b6486b704ac034e3f01c8,58f6757d-6c99-4e7e-ba80-f16c93699661,4d078bfd-aa33-4d1d-ae28-8031ae9fb660,b247a7f9-a366-4add-9aa1-0a791aab02e9,b,false,3307
96dce4e9-ba10-4c70-b598-5f6e53964e96,56b78f11e77ebe000cbefe79,58f6757d-6c99-4e7e-ba80-f16c93699661,ff8874d4-c2e4-4de4-82b5-4de2d424d24c,4d078bfd-aa33-4d1d-ae28-8031ae9fb660,a,false,2001
628d36e5-c481-4a4b-9287-eeb6e129605d,5f5bcd84009333376363c9aa,c9517cc7-2d84-4b68-8493-75b61e23f9ea,0e1cfb71-8713-49e4-beaf-a80448453cc3,34984376-bc70-491d-8576-75e5a2e8d961,a,false,22523
f520f1d3-a1be-47a7-a69d-41f66e84bec8,6a09e5df6dd9e64c5b16cf69,3d208f14-067a-419e-ab6a-5d0badf2ba12,90d0f719-cdca-4fd5-8062-9589e56b49ab,ab11fcf5-aa12-440f-a35d-1eaa3819942c,b,false,11960
be23564a-3f13-4938-a3b3-018ff112bcbc,5e7b6486b704ac034e3f01c8,3d208f14-067a-419e-ab6a-5d0badf2ba12,da0fb0ab-9953-4fe6-9612-d6b74c6057b5,ab11fcf5-aa12-440f-a35d-1eaa3819942c,b,false,1291
f520f1d3-a1be-47a7-a69d-41f66e84bec8,6a09e5df6dd9e64c5b16cf69,d7a2d7fc-b8a8-4209-bced-f6ddc07a4887,064c9ade-7927-48fd-adfe-da9612c93fb2,a1fe6696-bd99-4df4-b84e-651da4740344,b,false,3965
f520f1d3-a1be-47a7-a69d-41f66e84bec8,6a09e5df6dd9e64c5b16cf69,58f6757d-6c99-4e7e-ba80-f16c93699661,63457528-beb7-4e65-881e-d64af3de70fb,4d078bfd-aa33-4d1d-ae28-8031ae9fb660,b,false,2084
a7e7d4c3-3d6b-4fc8-8439-58c6e0666f05,5b213220809d160001a2c36d,c61427b9-dc32-418f-bb16-4d4ea009349d,4ec65713-c307-4711-8b9e-ed4ddbfb1f85,5054bf78-6e74-4fcb-8bb2-f1fd492e448e,tie,false,2627
0eb32de6-8eda-488b-85d2-3623054d48d8,6a1d8cd6839c0ac04d7bc4cd,c9517cc7-2d84-4b68-8493-75b61e23f9ea,f70e07d0-fd78-49da-9ab5-b6dcc69c9404,0e1cfb71-8713-49e4-beaf-a80448453cc3,b,false,7979
628d36e5-c481-4a4b-9287-eeb6e129605d,5f5bcd84009333376363c9aa,c9517cc7-2d84-4b68-8493-75b61e23f9ea,0e1cfb71-8713-49e4-beaf-a80448453cc3,770427d9-c38c-44ae-9832-f5d57f83384f,b,false,3064
30e162e5-8104-4f27-86e1-b2a5d2b03398,697ceaa6ba4604b428e4e69d,3d208f14-067a-419e-ab6a-5d0badf2ba12,b27390be-fc00-4a47-ae1d-d1fb612e88c0,da0fb0ab-9953-4fe6-9612-d6b74c6057b5,b,false,1778
a2d6a4bc-a9b1-4105-abbb-bd171dc85029,69ef19f9aa095d902763dd4c,58f6757d-6c99-4e7e-ba80-f16c93699661,ff8874d4-c2e4-4de4-82b5-4de2d424d24c,4d078bfd-aa33-4d1d-ae28-8031ae9fb660,tie,false,4376
a7e7d4c3-3d6b-4fc8-8439-58c6e0666f05,5b213220809d160001a2c36d,c61427b9-dc32-418f-bb16-4d4ea009349d,a1f7c97c-c8c0-41a3-866f-5bdf26b34060,1c8de671-74f0-4d8f-b66d-bc1330361cfc,tie,false,2173
be23564a-3f13-4938-a3b3-018ff112bcbc,5e7b6486b704ac034e3f01c8,58f6757d-6c99-4e7e-ba80-f16c93699661,63457528-beb7-4e65-881e-d64af3de70fb,4d078bfd-aa33-4d1d-ae28-8031ae9fb660,b,false,3913
628d36e5-c481-4a4b-9287-eeb6e129605d,5f5bcd84009333376363c9aa,3d208f14-067a-419e-ab6a-5d0badf2ba12,ab11fcf5-aa12-440f-a35d-1eaa3819942c,fe79ec6c-8646-43cb-bfcb-a91a6bf5afa0,a,true,1428
5451cd94-3615-4e7b-8dd8-33de6471e36b,5d8e154af2858200171fdb95,58f6757d-6c99-4e7e-ba80-f16c93699661,63457528-beb7-4e65-881e-d64af3de70fb,b247a7f9-a366-4add-9aa1-0a791aab02e9,b,false,9895
a7e7d4c3-3d6b-4fc8-8439-58c6e0666f05,5b213220809d160001a2c36d,d7a2d7fc-b8a8-4209-bced-f6ddc07a4887,13857f86-818f-4b0a-8576-c919692850b9,064c9ade-7927-48fd-adfe-da9612c93fb2,a,false,4104
be23564a-3f13-4938-a3b3-018ff112bcbc,5e7b6486b704ac034e3f01c8,c9517cc7-2d84-4b68-8493-75b61e23f9ea,b1204c78-7dcf-436f-b0df-dbb97ff49934,0e1cfb71-8713-49e4-beaf-a80448453cc3,b,false,1584
628d36e5-c481-4a4b-9287-eeb6e129605d,5f5bcd84009333376363c9aa,58f6757d-6c99-4e7e-ba80-f16c93699661,ff8874d4-c2e4-4de4-82b5-4de2d424d24c,b247a7f9-a366-4add-9aa1-0a791aab02e9,a,false,5387
628d36e5-c481-4a4b-9287-eeb6e129605d,5f5bcd84009333376363c9aa,d7a2d7fc-b8a8-4209-bced-f6ddc07a4887,064c9ade-7927-48fd-adfe-da9612c93fb2,12517374-67af-4411-b199-c8477894bebe,tie,false,3825
2988bbd6-ff45-46ed-8d39-b6b63212ad8e,6a02ed5bd6acf52c07ab46fa,c61427b9-dc32-418f-bb16-4d4ea009349d,5054bf78-6e74-4fcb-8bb2-f1fd492e448e,a1f7c97c-c8c0-41a3-866f-5bdf26b34060,tie,false,1606
be23564a-3f13-4938-a3b3-018ff112bcbc,5e7b6486b704ac034e3f01c8,c9517cc7-2d84-4b68-8493-75b61e23f9ea,b1204c78-7dcf-436f-b0df-dbb97ff49934,f70e07d0-fd78-49da-9ab5-b6dcc69c9404,tie,false,9886
30e162e5-8104-4f27-86e1-b2a5d2b03398,697ceaa6ba4604b428e4e69d,58f6757d-6c99-4e7e-ba80-f16c93699661,63457528-beb7-4e65-881e-d64af3de70fb,ff8874d4-c2e4-4de4-82b5-4de2d424d24c,b,false,2134
be23564a-3f13-4938-a3b3-018ff112bcbc,5e7b6486b704ac034e3f01c8,3d208f14-067a-419e-ab6a-5d0badf2ba12,ab11fcf5-aa12-440f-a35d-1eaa3819942c,fe79ec6c-8646-43cb-bfcb-a91a6bf5afa0,a,true,1904
96dce4e9-ba10-4c70-b598-5f6e53964e96,56b78f11e77ebe000cbefe79,c61427b9-dc32-418f-bb16-4d4ea009349d,4ec65713-c307-4711-8b9e-ed4ddbfb1f85,1c8de671-74f0-4d8f-b66d-bc1330361cfc,a,false,2023
be23564a-3f13-4938-a3b3-018ff112bcbc,5e7b6486b704ac034e3f01c8,d7a2d7fc-b8a8-4209-bced-f6ddc07a4887,0102fdec-31f4-4b1b-95fc-f94bad46b0dd,a1fe6696-bd99-4df4-b84e-651da4740344,b,false,2333
96dce4e9-ba10-4c70-b598-5f6e53964e96,56b78f11e77ebe000cbefe79,3d208f14-067a-419e-ab6a-5d0badf2ba12,ab11fcf5-aa12-440f-a35d-1eaa3819942c,fe79ec6c-8646-43cb-bfcb-a91a6bf5afa0,tie,true,39
96dce4e9-ba10-4c70-b598-5f6e53964e96,56b78f11e77ebe000cbefe79,3d208f14-067a-419e-ab6a-5d0badf2ba12,b27390be-fc00-4a47-ae1d-d1fb612e88c0,da0fb0ab-9953-4fe6-9612-d6b74c6057b5,b,false,2658
96dce4e9-ba10-4c70-b598-5f6e53964e96,56b78f11e77ebe000cbefe79,58f6757d-6c99-4e7e-ba80-f16c93699661,63457528-beb7-4e65-881e-d64af3de70fb,4d078bfd-aa33-4d1d-ae28-8031ae9fb660,b,false,1920
30e162e5-8104-4f27-86e1-b2a5d2b03398,697ceaa6ba4604b428e4e69d,3d208f14-067a-419e-ab6a-5d0badf2ba12,b27390be-fc00-4a47-ae1d-d1fb612e88c0,90d0f719-cdca-4fd5-8062-9589e56b49ab,b,false,1646
30e162e5-8104-4f27-86e1-b2a5d2b03398,697ceaa6ba4604b428e4e69d,3d208f14-067a-419e-ab6a-5d0badf2ba12,8c6fbc55-fe56-488b-beb5-3d4601567f3d,ab11fcf5-aa12-440f-a35d-1eaa3819942c,b,false,1754
30e162e5-8104-4f27-86e1-b2a5d2b03398,697ceaa6ba4604b428e4e69d,58f6757d-6c99-4e7e-ba80-f16c93699661,63457528-beb7-4e65-881e-d64af3de70fb,4d078bfd-aa33-4d1d-ae28-8031ae9fb660,b,false,3492
f520f1d3-a1be-47a7-a69d-41f66e84bec8,6a09e5df6dd9e64c5b16cf69,3d208f14-067a-419e-ab6a-5d0badf2ba12,b27390be-fc00-4a47-ae1d-d1fb612e88c0,da0fb0ab-9953-4fe6-9612-d6b74c6057b5,b,false,1555
be23564a-3f13-4938-a3b3-018ff112bcbc,5e7b6486b704ac034e3f01c8,c61427b9-dc32-418f-bb16-4d4ea009349d,5054bf78-6e74-4fcb-8bb2-f1fd492e448e,1c8de671-74f0-4d8f-b66d-bc1330361cfc,a,false,984
a7e7d4c3-3d6b-4fc8-8439-58c6e0666f05,5b213220809d160001a2c36d,d7a2d7fc-b8a8-4209-bced-f6ddc07a4887,0102fdec-31f4-4b1b-95fc-f94bad46b0dd,12517374-67af-4411-b199-c8477894bebe,tie,false,2583
628d36e5-c481-4a4b-9287-eeb6e129605d,5f5bcd84009333376363c9aa,c61427b9-dc32-418f-bb16-4d4ea009349d,4ec65713-c307-4711-8b9e-ed4ddbfb1f85,22f5cca3-0fbd-4e82-8ad8-d7dee4cae6a2,a,true,1562
090b965a-fdfe-43a0-a101-dc7f4c66470c,699070e1e1874936e60ec84c,c61427b9-dc32-418f-bb16-4d4ea009349d,186fc06b-c574-4e89-81a3-381523976432,5054bf78-6e74-4fcb-8bb2-f1fd492e448e,b,false,1207
628d36e5-c481-4a4b-9287-eeb6e129605d,5f5bcd84009333376363c9aa,c9517cc7-2d84-4b68-8493-75b61e23f9ea,f70e07d0-fd78-49da-9ab5-b6dcc69c9404,34984376-bc70-491d-8576-75e5a2e8d961,b,false,2878
30e162e5-8104-4f27-86e1-b2a5d2b03398,697ceaa6ba4604b428e4e69d,c61427b9-dc32-418f-bb16-4d4ea009349d,186fc06b-c574-4e89-81a3-381523976432,4ec65713-c307-4711-8b9e-ed4ddbfb1f85,b,false,1790
628d36e5-c481-4a4b-9287-eeb6e129605d,5f5bcd84009333376363c9aa,c9517cc7-2d84-4b68-8493-75b61e23f9ea,b1204c78-7dcf-436f-b0df-dbb97ff49934,f70e07d0-fd78-49da-9ab5-b6dcc69c9404,b,false,5186
090b965a-fdfe-43a0-a101-dc7f4c66470c,699070e1e1874936e60ec84c,c9517cc7-2d84-4b68-8493-75b61e23f9ea,b1204c78-7dcf-436f-b0df-dbb97ff49934,f70e07d0-fd78-49da-9ab5-b6dcc69c9404,tie,false,9164
090b965a-fdfe-43a0-a101-dc7f4c66470c,699070e1e1874936e60ec84c,58f6757d-6c99-4e7e-ba80-f16c93699661,63457528-beb7-4e65-881e-d64af3de70fb,b247a7f9-a366-4add-9aa1-0a791aab02e9,b,false,3293
be23564a-3f13-4938-a3b3-018ff112bcbc,5e7b6486b704ac034e3f01c8,c61427b9-dc32-418f-bb16-4d4ea009349d,5054bf78-6e74-4fcb-8bb2-f1fd492e448e,a1f7c97c-c8c0-41a3-866f-5bdf26b34060,a,false,1909
2988bbd6-ff45-46ed-8d39-b6b63212ad8e,6a02ed5bd6acf52c07ab46fa,d7a2d7fc-b8a8-4209-bced-f6ddc07a4887,0102fdec-31f4-4b1b-95fc-f94bad46b0dd,064c9ade-7927-48fd-adfe-da9612c93fb2,a,false,18610
30e162e5-8104-4f27-86e1-b2a5d2b03398,697ceaa6ba4604b428e4e69d,c9517cc7-2d84-4b68-8493-75b61e23f9ea,0e1cfb71-8713-49e4-beaf-a80448453cc3,34984376-bc70-491d-8576-75e5a2e8d961,b,false,7331
30e162e5-8104-4f27-86e1-b2a5d2b03398,697ceaa6ba4604b428e4e69d,d7a2d7fc-b8a8-4209-bced-f6ddc07a4887,a1fe6696-bd99-4df4-b84e-651da4740344,12517374-67af-4411-b199-c8477894bebe,a,false,1686
f520f1d3-a1be-47a7-a69d-41f66e84bec8,6a09e5df6dd9e64c5b16cf69,c9517cc7-2d84-4b68-8493-75b61e23f9ea,f70e07d0-fd78-49da-9ab5-b6dcc69c9404,0e1cfb71-8713-49e4-beaf-a80448453cc3,b,false,26168
2988bbd6-ff45-46ed-8d39-b6b63212ad8e,6a02ed5bd6acf52c07ab46fa,c61427b9-dc32-418f-bb16-4d4ea009349d,4ec65713-c307-4711-8b9e-ed4ddbfb1f85,22f5cca3-0fbd-4e82-8ad8-d7dee4cae6a2,tie,true,1599
2988bbd6-ff45-46ed-8d39-b6b63212ad8e,6a02ed5bd6acf52c07ab46fa,58f6757d-6c99-4e7e-ba80-f16c93699661,63457528-beb7-4e65-881e-d64af3de70fb,b247a7f9-a366-4add-9aa1-0a791aab02e9,b,false,1143
30e162e5-8104-4f27-86e1-b2a5d2b03398,697ceaa6ba4604b428e4e69d,58f6757d-6c99-4e7e-ba80-f16c93699661,63457528-beb7-4e65-881e-d64af3de70fb,3fbfeb3a-eb29-49fe-a3ff-130cdf8f2755,b,false,1589
96dce4e9-ba10-4c70-b598-5f6e53964e96,56b78f11e77ebe000cbefe79,d7a2d7fc-b8a8-4209-bced-f6ddc07a4887,0102fdec-31f4-4b1b-95fc-f94bad46b0dd,12517374-67af-4411-b199-c8477894bebe,tie,false,4006
2988bbd6-ff45-46ed-8d39-b6b63212ad8e,6a02ed5bd6acf52c07ab46fa,c9517cc7-2d84-4b68-8493-75b61e23f9ea,f70e07d0-fd78-49da-9ab5-b6dcc69c9404,770427d9-c38c-44ae-9832-f5d57f83384f,b,false,1264
2988bbd6-ff45-46ed-8d39-b6b63212ad8e,6a02ed5bd6acf52c07ab46fa,d7a2d7fc-b8a8-4209-bced-f6ddc07a4887,0102fdec-31f4-4b1b-95fc-f94bad46b0dd,13857f86-818f-4b0a-8576-c919692850b9,b,false,2366
30e162e5-8104-4f27-86e1-b2a5d2b03398,697ceaa6ba4604b428e4e69d,58f6757d-6c99-4e7e-ba80-f16c93699661,3fbfeb3a-eb29-49fe-a3ff-130cdf8f2755,b247a7f9-a366-4add-9aa1-0a791aab02e9,b,false,1557
96dce4e9-ba10-4c70-b598-5f6e53964e96,56b78f11e77ebe000cbefe79,3d208f14-067a-419e-ab6a-5d0badf2ba12,da0fb0ab-9953-4fe6-9612-d6b74c6057b5,ab11fcf5-aa12-440f-a35d-1eaa3819942c,b,false,2174
628d36e5-c481-4a4b-9287-eeb6e129605d,5f5bcd84009333376363c9aa,58f6757d-6c99-4e7e-ba80-f16c93699661,3fbfeb3a-eb29-49fe-a3ff-130cdf8f2755,b247a7f9-a366-4add-9aa1-0a791aab02e9,b,false,2451
96dce4e9-ba10-4c70-b598-5f6e53964e96,56b78f11e77ebe000cbefe79,c9517cc7-2d84-4b68-8493-75b61e23f9ea,b1204c78-7dcf-436f-b0df-dbb97ff49934,770427d9-c38c-44ae-9832-f5d57f83384f,b,false,2399
96dce4e9-ba10-4c70-b598-5f6e53964e96,56b78f11e77ebe000cbefe79,c61427b9-dc32-418f-bb16-4d4ea009349d,a1f7c97c-c8c0-41a3-866f-5bdf26b34060,1c8de671-74f0-4d8f-b66d-bc1330361cfc,b,false,1862
be23564a-3f13-4938-a3b3-018ff112bcbc,5e7b6486b704ac034e3f01c8,58f6757d-6c99-4e7e-ba80-f16c93699661,63457528-beb7-4e65-881e-d64af3de70fb,ff8874d4-c2e4-4de4-82b5-4de2d424d24c,b,false,1322
be23564a-3f13-4938-a3b3-018ff112bcbc,5e7b6486b704ac034e3f01c8,d7a2d7fc-b8a8-4209-bced-f6ddc07a4887,13857f86-818f-4b0a-8576-c919692850b9,12517374-67af-4411-b199-c8477894bebe,a,false,1419
8a9d49bb-ca5f-48e1-9b47-19bbb2248c60,66a641b50cc3558ad9b5448e,58f6757d-6c99-4e7e-ba80-f16c93699661,63457528-beb7-4e65-881e-d64af3de70fb,b247a7f9-a366-4add-9aa1-0a791aab02e9,b,false,8103
8a9d49bb-ca5f-48e1-9b47-19bbb2248c60,66a641b50cc3558ad9b5448e,d7a2d7fc-b8a8-4209-bced-f6ddc07a4887,064c9ade-7927-48fd-adfe-da9612c93fb2,a1fe6696-bd99-4df4-b84e-651da4740344,b,false,8464
8a9d49bb-ca5f-48e1-9b47-19bbb2248c60,66a641b50cc3558ad9b5448e,c61427b9-dc32-418f-bb16-4d4ea009349d,4ec65713-c307-4711-8b9e-ed4ddbfb1f85,22f5cca3-0fbd-4e82-8ad8-d7dee4cae6a2,a,true,21079
f520f1d3-a1be-47a7-a69d-41f66e84bec8,6a09e5df6dd9e64c5b16cf69,3d208f14-067a-419e-ab6a-5d0badf2ba12,8c6fbc55-fe56-488b-beb5-3d4601567f3d,ab11fcf5-aa12-440f-a35d-1eaa3819942c,b,false,4192
be23564a-3f13-4938-a3b3-018ff112bcbc,5e7b6486b704ac034e3f01c8,d7a2d7fc-b8a8-4209-bced-f6ddc07a4887,064c9ade-7927-48fd-adfe-da9612c93fb2,a1fe6696-bd99-4df4-b84e-651da4740344,b,false,1184
96dce4e9-ba10-4c70-b598-5f6e53964e96,56b78f11e77ebe000cbefe79,d7a2d7fc-b8a8-4209-bced-f6ddc07a4887,13857f86-818f-4b0a-8576-c919692850b9,a1fe6696-bd99-4df4-b84e-651da4740344,b,false,7557
f520f1d3-a1be-47a7-a69d-41f66e84bec8,6a09e5df6dd9e64c5b16cf69,d7a2d7fc-b8a8-4209-bced-f6ddc07a4887,0102fdec-31f4-4b1b-95fc-f94bad46b0dd,12517374-67af-4411-b199-c8477894bebe,b,false,16034
8a9d49bb-ca5f-48e1-9b47-19bbb2248c60,66a641b50cc3558ad9b5448e,c61427b9-dc32-418f-bb16-4d4ea009349d,186fc06b-c574-4e89-81a3-381523976432,5054bf78-6e74-4fcb-8bb2-f1fd492e448e,b,false,9428
96dce4e9-ba10-4c70-b598-5f6e53964e96,56b78f11e77ebe000cbefe79,c61427b9-dc32-418f-bb16-4d4ea009349d,5054bf78-6e74-4fcb-8bb2-f1fd492e448e,1c8de671-74f0-4d8f-b66d-bc1330361cfc,a,false,1779
30e162e5-8104-4f27-86e1-b2a5d2b03398,697ceaa6ba4604b428e4e69d,d7a2d7fc-b8a8-4209-bced-f6ddc07a4887,13857f86-818f-4b0a-8576-c919692850b9,064c9ade-7927-48fd-adfe-da9612c93fb2,b,false,14666
30e162e5-8104-4f27-86e1-b2a5d2b03398,697ceaa6ba4604b428e4e69d,58f6757d-6c99-4e7e-ba80-f16c93699661,ff8874d4-c2e4-4de4-82b5-4de2d424d24c,4d078bfd-aa33-4d1d-ae28-8031ae9fb660,a,false,6968
f520f1d3-a1be-47a7-a69d-41f66e84bec8,6a09e5df6dd9e64c5b16cf69,c61427b9-dc32-418f-bb16-4d4ea009349d,186fc06b-c574-4e89-81a3-381523976432,5054bf78-6e74-4fcb-8bb2-f1fd492e448e,b,false,1032
96dce4e9-ba10-4c70-b598-5f6e53964e96,56b78f11e77ebe000cbefe79,c61427b9-dc32-418f-bb16-4d4ea009349d,4ec65713-c307-4711-8b9e-ed4ddbfb1f85,5054bf78-6e74-4fcb-8bb2-f1fd492e448e,b,false,10738
96dce4e9-ba10-4c70-b598-5f6e53964e96,56b78f11e77ebe000cbefe79,d7a2d7fc-b8a8-4209-bced-f6ddc07a4887,0102fdec-31f4-4b1b-95fc-f94bad46b0dd,993adc7d-5ff2-4d7b-9966-72935023de4b,a,true,2124
30e162e5-8104-4f27-86e1-b2a5d2b03398,697ceaa6ba4604b428e4e69d,c61427b9-dc32-418f-bb16-4d4ea009349d,5054bf78-6e74-4fcb-8bb2-f1fd492e448e,a1f7c97c-c8c0-41a3-866f-5bdf26b34060,a,false,7867
96dce4e9-ba10-4c70-b598-5f6e53964e96,56b78f11e77ebe000cbefe79,d7a2d7fc-b8a8-4209-bced-f6ddc07a4887,13857f86-818f-4b0a-8576-c919692850b9,12517374-67af-4411-b199-c8477894bebe,a,false,1053
96dce4e9-ba10-4c70-b598-5f6e53964e96,56b78f11e77ebe000cbefe79,c61427b9-dc32-418f-bb16-4d4ea009349d,4ec65713-c307-4711-8b9e-ed4ddbfb1f85,22f5cca3-0fbd-4e82-8ad8-d7dee4cae6a2,a,true,1560
96dce4e9-ba10-4c70-b598-5f6e53964e96,56b78f11e77ebe000cbefe79,58f6757d-6c99-4e7e-ba80-f16c93699661,3fbfeb3a-eb29-49fe-a3ff-130cdf8f2755,4d078bfd-aa33-4d1d-ae28-8031ae9fb660,b,false,2109
866bb4d6-ab1c-45a4-bc3f-e49ad9304fdc,67f81095730db61c061dd43b,58f6757d-6c99-4e7e-ba80-f16c93699661,ff8874d4-c2e4-4de4-82b5-4de2d424d24c,b247a7f9-a366-4add-9aa1-0a791aab02e9,a,false,25131
30e162e5-8104-4f27-86e1-b2a5d2b03398,697ceaa6ba4604b428e4e69d,d7a2d7fc-b8a8-4209-bced-f6ddc07a4887,0102fdec-31f4-4b1b-95fc-f94bad46b0dd,13857f86-818f-4b0a-8576-c919692850b9,b,false,3584
be23564a-3f13-4938-a3b3-018ff112bcbc,5e7b6486b704ac034e3f01c8,c61427b9-dc32-418f-bb16-4d4ea009349d,a1f7c97c-c8c0-41a3-866f-5bdf26b34060,1c8de671-74f0-4d8f-b66d-bc1330361cfc,b,false,5147
96dce4e9-ba10-4c70-b598-5f6e53964e96,56b78f11e77ebe000cbefe79,c9517cc7-2d84-4b68-8493-75b61e23f9ea,b1204c78-7dcf-436f-b0df-dbb97ff49934,b54395bc-87bd-4275-9b53-81f2299c8371,a,true,1482
96dce4e9-ba10-4c70-b598-5f6e53964e96,56b78f11e77ebe000cbefe79,58f6757d-6c99-4e7e-ba80-f16c93699661,3fbfeb3a-eb29-49fe-a3ff-130cdf8f2755,b247a7f9-a366-4add-9aa1-0a791aab02e9,b,false,2757
96dce4e9-ba10-4c70-b598-5f6e53964e96,56b78f11e77ebe000cbefe79,c9517cc7-2d84-4b68-8493-75b61e23f9ea,f70e07d0-fd78-49da-9ab5-b6dcc69c9404,34984376-bc70-491d-8576-75e5a2e8d961,b,false,1370
96dce4e9-ba10-4c70-b598-5f6e53964e96,56b78f11e77ebe000cbefe79,3d208f14-067a-419e-ab6a-5d0badf2ba12,8c6fbc55-fe56-488b-beb5-3d4601567f3d,ab11fcf5-aa12-440f-a35d-1eaa3819942c,b,false,2013
866bb4d6-ab1c-45a4-bc3f-e49ad9304fdc,67f81095730db61c061dd43b,3d208f14-067a-419e-ab6a-5d0badf2ba12,da0fb0ab-9953-4fe6-9612-d6b74c6057b5,90d0f719-cdca-4fd5-8062-9589e56b49ab,b,false,7762
be23564a-3f13-4938-a3b3-018ff112bcbc,5e7b6486b704ac034e3f01c8,3d208f14-067a-419e-ab6a-5d0badf2ba12,b27390be-fc00-4a47-ae1d-d1fb612e88c0,90d0f719-cdca-4fd5-8062-9589e56b49ab,b,false,845
be23564a-3f13-4938-a3b3-018ff112bcbc,5e7b6486b704ac034e3f01c8,c9517cc7-2d84-4b68-8493-75b61e23f9ea,f70e07d0-fd78-49da-9ab5-b6dcc69c9404,770427d9-c38c-44ae-9832-f5d57f83384f,b,false,1656
30e162e5-8104-4f27-86e1-b2a5d2b03398,697ceaa6ba4604b428e4e69d,3d208f14-067a-419e-ab6a-5d0badf2ba12,da0fb0ab-9953-4fe6-9612-d6b74c6057b5,90d0f719-cdca-4fd5-8062-9589e56b49ab,a,false,8325
be23564a-3f13-4938-a3b3-018ff112bcbc,5e7b6486b704ac034e3f01c8,d7a2d7fc-b8a8-4209-bced-f6ddc07a4887,0102fdec-31f4-4b1b-95fc-f94bad46b0dd,064c9ade-7927-48fd-adfe-da9612c93fb2,tie,false,8260
96dce4e9-ba10-4c70-b598-5f6e53964e96,56b78f11e77ebe000cbefe79,c61427b9-dc32-418f-bb16-4d4ea009349d,4ec65713-c307-4711-8b9e-ed4ddbfb1f85,a1f7c97c-c8c0-41a3-866f-5bdf26b34060,a,false,1724
dee73435-c370-41e1-868e-c3a5bdf84b7e,65e47142265c50fcd9e87278,58f6757d-6c99-4e7e-ba80-f16c93699661,63457528-beb7-4e65-881e-d64af3de70fb,ff8874d4-c2e4-4de4-82b5-4de2d424d24c,b,false,3941
dee73435-c370-41e1-868e-c3a5bdf84b7e,65e47142265c50fcd9e87278,c9517cc7-2d84-4b68-8493-75b61e23f9ea,b1204c78-7dcf-436f-b0df-dbb97ff49934,b54395bc-87bd-4275-9b53-81f2299c8371,a,true,4463
96dce4e9-ba10-4c70-b598-5f6e53964e96,56b78f11e77ebe000cbefe79,58f6757d-6c99-4e7e-ba80-f16c93699661,63457528-beb7-4e65-881e-d64af3de70fb,b247a7f9-a366-4add-9aa1-0a791aab02e9,b,false,3134
866bb4d6-ab1c-45a4-bc3f-e49ad9304fdc,67f81095730db61c061dd43b,c9517cc7-2d84-4b68-8493-75b61e23f9ea,0e1cfb71-8713-49e4-beaf-a80448453cc3,770427d9-c38c-44ae-9832-f5d57f83384f,b,false,19273
dee73435-c370-41e1-868e-c3a5bdf84b7e,65e47142265c50fcd9e87278,d7a2d7fc-b8a8-4209-bced-f6ddc07a4887,13857f86-818f-4b0a-8576-c919692850b9,12517374-67af-4411-b199-c8477894bebe,a,false,6564
866bb4d6-ab1c-45a4-bc3f-e49ad9304fdc,67f81095730db61c061dd43b,3d208f14-067a-419e-ab6a-5d0badf2ba12,b27390be-fc00-4a47-ae1d-d1fb612e88c0,ab11fcf5-aa12-440f-a35d-1eaa3819942c,b,false,10201
8a9d49bb-ca5f-48e1-9b47-19bbb2248c60,66a641b50cc3558ad9b5448e,d7a2d7fc-b8a8-4209-bced-f6ddc07a4887,0102fdec-31f4-4b1b-95fc-f94bad46b0dd,064c9ade-7927-48fd-adfe-da9612c93fb2,b,false,11047
96dce4e9-ba10-4c70-b598-5f6e53964e96,56b78f11e77ebe000cbefe79,c9517cc7-2d84-4b68-8493-75b61e23f9ea,b1204c78-7dcf-436f-b0df-dbb97ff49934,34984376-bc70-491d-8576-75e5a2e8d961,b,false,1154
866bb4d6-ab1c-45a4-bc3f-e49ad9304fdc,67f81095730db61c061dd43b,d7a2d7fc-b8a8-4209-bced-f6ddc07a4887,13857f86-818f-4b0a-8576-c919692850b9,064c9ade-7927-48fd-adfe-da9612c93fb2,a,false,3681
8a9d49bb-ca5f-48e1-9b47-19bbb2248c60,66a641b50cc3558ad9b5448e,3d208f14-067a-419e-ab6a-5d0badf2ba12,da0fb0ab-9953-4fe6-9612-d6b74c6057b5,ab11fcf5-aa12-440f-a35d-1eaa3819942c,b,false,14750
866bb4d6-ab1c-45a4-bc3f-e49ad9304fdc,67f81095730db61c061dd43b,c61427b9-dc32-418f-bb16-4d4ea009349d,4ec65713-c307-4711-8b9e-ed4ddbfb1f85,1c8de671-74f0-4d8f-b66d-bc1330361cfc,b,false,14683
30e162e5-8104-4f27-86e1-b2a5d2b03398,697ceaa6ba4604b428e4e69d,c9517cc7-2d84-4b68-8493-75b61e23f9ea,f70e07d0-fd78-49da-9ab5-b6dcc69c9404,0e1cfb71-8713-49e4-beaf-a80448453cc3,b,false,4462
dee73435-c370-41e1-868e-c3a5bdf84b7e,65e47142265c50fcd9e87278,c61427b9-dc32-418f-bb16-4d4ea009349d,186fc06b-c574-4e89-81a3-381523976432,5054bf78-6e74-4fcb-8bb2-f1fd492e448e,b,false,2154
30e162e5-8104-4f27-86e1-b2a5d2b03398,697ceaa6ba4604b428e4e69d,d7a2d7fc-b8a8-4209-bced-f6ddc07a4887,0102fdec-31f4-4b1b-95fc-f94bad46b0dd,a1fe6696-bd99-4df4-b84e-651da4740344,b,false,1105
866bb4d6-ab1c-45a4-bc3f-e49ad9304fdc,67f81095730db61c061dd43b,3d208f14-067a-419e-ab6a-5d0badf2ba12,90d0f719-cdca-4fd5-8062-9589e56b49ab,ab11fcf5-aa12-440f-a35d-1eaa3819942c,tie,false,2789
dee73435-c370-41e1-868e-c3a5bdf84b7e,65e47142265c50fcd9e87278,58f6757d-6c99-4e7e-ba80-f16c93699661,63457528-beb7-4e65-881e-d64af3de70fb,3fbfeb3a-eb29-49fe-a3ff-130cdf8f2755,b,false,2396
dee73435-c370-41e1-868e-c3a5bdf84b7e,65e47142265c50fcd9e87278,d7a2d7fc-b8a8-4209-bced-f6ddc07a4887,0102fdec-31f4-4b1b-95fc-f94bad46b0dd,12517374-67af-4411-b199-c8477894bebe,a,false,10340
dee73435-c370-41e1-868e-c3a5bdf84b7e,65e47142265c50fcd9e87278,d7a2d7fc-b8a8-4209-bced-f6ddc07a4887,0102fdec-31f4-4b1b-95fc-f94bad46b0dd,993adc7d-5ff2-4d7b-9966-72935023de4b,a,true,1253
dee73435-c370-41e1-868e-c3a5bdf84b7e,65e47142265c50fcd9e87278,58f6757d-6c99-4e7e-ba80-f16c93699661,3fbfeb3a-eb29-49fe-a3ff-130cdf8f2755,b247a7f9-a366-4add-9aa1-0a791aab02e9,b,false,5016
8a9d49bb-ca5f-48e1-9b47-19bbb2248c60,66a641b50cc3558ad9b5448e,58f6757d-6c99-4e7e-ba80-f16c93699661,ff8874d4-c2e4-4de4-82b5-4de2d424d24c,b247a7f9-a366-4add-9aa1-0a791aab02e9,a,false,8373
dee73435-c370-41e1-868e-c3a5bdf84b7e,65e47142265c50fcd9e87278,58f6757d-6c99-4e7e-ba80-f16c93699661,4d078bfd-aa33-4d1d-ae28-8031ae9fb660,c24cde72-4104-48fb-bb83-e957919b061c,a,true,2100
dee73435-c370-41e1-868e-c3a5bdf84b7e,65e47142265c50fcd9e87278,c61427b9-dc32-418f-bb16-4d4ea009349d,5054bf78-6e74-4fcb-8bb2-f1fd492e448e,1c8de671-74f0-4d8f-b66d-bc1330361cfc,a,false,1689
dee73435-c370-41e1-868e-c3a5bdf84b7e,65e47142265c50fcd9e87278,3d208f14-067a-419e-ab6a-5d0badf2ba12,b27390be-fc00-4a47-ae1d-d1fb612e88c0,8c6fbc55-fe56-488b-beb5-3d4601567f3d,b,false,1431
dee73435-c370-41e1-868e-c3a5bdf84b7e,65e47142265c50fcd9e87278,c61427b9-dc32-418f-bb16-4d4ea009349d,186fc06b-c574-4e89-81a3-381523976432,4ec65713-c307-4711-8b9e-ed4ddbfb1f85,b,false,2081
dee73435-c370-41e1-868e-c3a5bdf84b7e,65e47142265c50fcd9e87278,d7a2d7fc-b8a8-4209-bced-f6ddc07a4887,0102fdec-31f4-4b1b-95fc-f94bad46b0dd,a1fe6696-bd99-4df4-b84e-651da4740344,a,false,2201
866bb4d6-ab1c-45a4-bc3f-e49ad9304fdc,67f81095730db61c061dd43b,d7a2d7fc-b8a8-4209-bced-f6ddc07a4887,064c9ade-7927-48fd-adfe-da9612c93fb2,12517374-67af-4411-b199-c8477894bebe,a,false,6080
866bb4d6-ab1c-45a4-bc3f-e49ad9304fdc,67f81095730db61c061dd43b,d7a2d7fc-b8a8-4209-bced-f6ddc07a4887,0102fdec-31f4-4b1b-95fc-f94bad46b0dd,13857f86-818f-4b0a-8576-c919692850b9,b,false,3825
dee73435-c370-41e1-868e-c3a5bdf84b7e,65e47142265c50fcd9e87278,c9517cc7-2d84-4b68-8493-75b61e23f9ea,b1204c78-7dcf-436f-b0df-dbb97ff49934,34984376-bc70-491d-8576-75e5a2e8d961,b,false,2564
dee73435-c370-41e1-868e-c3a5bdf84b7e,65e47142265c50fcd9e87278,3d208f14-067a-419e-ab6a-5d0badf2ba12,ab11fcf5-aa12-440f-a35d-1eaa3819942c,fe79ec6c-8646-43cb-bfcb-a91a6bf5afa0,a,true,2138
dee73435-c370-41e1-868e-c3a5bdf84b7e,65e47142265c50fcd9e87278,3d208f14-067a-419e-ab6a-5d0badf2ba12,da0fb0ab-9953-4fe6-9612-d6b74c6057b5,90d0f719-cdca-4fd5-8062-9589e56b49ab,a,false,5926
866bb4d6-ab1c-45a4-bc3f-e49ad9304fdc,67f81095730db61c061dd43b,c9517cc7-2d84-4b68-8493-75b61e23f9ea,b1204c78-7dcf-436f-b0df-dbb97ff49934,f70e07d0-fd78-49da-9ab5-b6dcc69c9404,tie,false,2143
866bb4d6-ab1c-45a4-bc3f-e49ad9304fdc,67f81095730db61c061dd43b,c9517cc7-2d84-4b68-8493-75b61e23f9ea,f70e07d0-fd78-49da-9ab5-b6dcc69c9404,34984376-bc70-491d-8576-75e5a2e8d961,b,false,1734
866bb4d6-ab1c-45a4-bc3f-e49ad9304fdc,67f81095730db61c061dd43b,58f6757d-6c99-4e7e-ba80-f16c93699661,3fbfeb3a-eb29-49fe-a3ff-130cdf8f2755,b247a7f9-a366-4add-9aa1-0a791aab02e9,b,false,2831
866bb4d6-ab1c-45a4-bc3f-e49ad9304fdc,67f81095730db61c061dd43b,58f6757d-6c99-4e7e-ba80-f16c93699661,63457528-beb7-4e65-881e-d64af3de70fb,b247a7f9-a366-4add-9aa1-0a791aab02e9,b,false,2819
866bb4d6-ab1c-45a4-bc3f-e49ad9304fdc,67f81095730db61c061dd43b,c61427b9-dc32-418f-bb16-4d4ea009349d,4ec65713-c307-4711-8b9e-ed4ddbfb1f85,22f5cca3-0fbd-4e82-8ad8-d7dee4cae6a2,a,true,4032
dee73435-c370-41e1-868e-c3a5bdf84b7e,65e47142265c50fcd9e87278,c9517cc7-2d84-4b68-8493-75b61e23f9ea,0e1cfb71-8713-49e4-beaf-a80448453cc3,34984376-bc70-491d-8576-75e5a2e8d961,a,false,17435
30e162e5-8104-4f27-86e1-b2a5d2b03398,697ceaa6ba4604b428e4e69d,58f6757d-6c99-4e7e-ba80-f16c93699661,3fbfeb3a-eb29-49fe-a3ff-130cdf8f2755,ff8874d4-c2e4-4de4-82b5-4de2d424d24c,b,false,2365
30e162e5-8104-4f27-86e1-b2a5d2b03398,697ceaa6ba4604b428e4e69d,c61427b9-dc32-418f-bb16-4d4ea009349d,4ec65713-c307-4711-8b9e-ed4ddbfb1f85,1c8de671-74f0-4d8f-b66d-bc1330361cfc,a,false,2032
dee73435-c370-41e1-868e-c3a5bdf84b7e,65e47142265c50fcd9e87278,c9517cc7-2d84-4b68-8493-75b61e23f9ea,b1204c78-7dcf-436f-b0df-dbb97ff49934,770427d9-c38c-44ae-9832-f5d57f83384f,b,false,1795
30e162e5-8104-4f27-86e1-b2a5d2b03398,697ceaa6ba4604b428e4e69d,d7a2d7fc-b8a8-4209-bced-f6ddc07a4887,064c9ade-7927-48fd-adfe-da9612c93fb2,12517374-67af-4411-b199-c8477894bebe,a,false,1888
8a9d49bb-ca5f-48e1-9b47-19bbb2248c60,66a641b50cc3558ad9b5448e,58f6757d-6c99-4e7e-ba80-f16c93699661,63457528-beb7-4e65-881e-d64af3de70fb,ff8874d4-c2e4-4de4-82b5-4de2d424d24c,b,false,5773
dee73435-c370-41e1-868e-c3a5bdf84b7e,65e47142265c50fcd9e87278,c61427b9-dc32-418f-bb16-4d4ea009349d,4ec65713-c307-4711-8b9e-ed4ddbfb1f85,1c8de671-74f0-4d8f-b66d-bc1330361cfc,b,false,8285
866bb4d6-ab1c-45a4-bc3f-e49ad9304fdc,67f81095730db61c061dd43b,58f6757d-6c99-4e7e-ba80-f16c93699661,63457528-beb7-4e65-881e-d64af3de70fb,ff8874d4-c2e4-4de4-82b5-4de2d424d24c,b,false,3322
8a9d49bb-ca5f-48e1-9b47-19bbb2248c60,66a641b50cc3558ad9b5448e,c9517cc7-2d84-4b68-8493-75b61e23f9ea,0e1cfb71-8713-49e4-beaf-a80448453cc3,34984376-bc70-491d-8576-75e5a2e8d961,b,false,6593
866bb4d6-ab1c-45a4-bc3f-e49ad9304fdc,67f81095730db61c061dd43b,c61427b9-dc32-418f-bb16-4d4ea009349d,186fc06b-c574-4e89-81a3-381523976432,4ec65713-c307-4711-8b9e-ed4ddbfb1f85,tie,false,4599
866bb4d6-ab1c-45a4-bc3f-e49ad9304fdc,67f81095730db61c061dd43b,58f6757d-6c99-4e7e-ba80-f16c93699661,3fbfeb3a-eb29-49fe-a3ff-130cdf8f2755,ff8874d4-c2e4-4de4-82b5-4de2d424d24c,b,false,4345
866bb4d6-ab1c-45a4-bc3f-e49ad9304fdc,67f81095730db61c061dd43b,58f6757d-6c99-4e7e-ba80-f16c93699661,4d078bfd-aa33-4d1d-ae28-8031ae9fb660,b247a7f9-a366-4add-9aa1-0a791aab02e9,b,false,6751
dee73435-c370-41e1-868e-c3a5bdf84b7e,65e47142265c50fcd9e87278,c9517cc7-2d84-4b68-8493-75b61e23f9ea,f70e07d0-fd78-49da-9ab5-b6dcc69c9404,34984376-bc70-491d-8576-75e5a2e8d961,b,false,3082
8a9d49bb-ca5f-48e1-9b47-19bbb2248c60,66a641b50cc3558ad9b5448e,c9517cc7-2d84-4b68-8493-75b61e23f9ea,f70e07d0-fd78-49da-9ab5-b6dcc69c9404,34984376-bc70-491d-8576-75e5a2e8d961,b,false,7122
8a9d49bb-ca5f-48e1-9b47-19bbb2248c60,66a641b50cc3558ad9b5448e,c61427b9-dc32-418f-bb16-4d4ea009349d,186fc06b-c574-4e89-81a3-381523976432,4ec65713-c307-4711-8b9e-ed4ddbfb1f85,b,false,7796
8a9d49bb-ca5f-48e1-9b47-19bbb2248c60,66a641b50cc3558ad9b5448e,58f6757d-6c99-4e7e-ba80-f16c93699661,4d078bfd-aa33-4d1d-ae28-8031ae9fb660,b247a7f9-a366-4add-9aa1-0a791aab02e9,b,false,8349
dee73435-c370-41e1-868e-c3a5bdf84b7e,65e47142265c50fcd9e87278,d7a2d7fc-b8a8-4209-bced-f6ddc07a4887,13857f86-818f-4b0a-8576-c919692850b9,064c9ade-7927-48fd-adfe-da9612c93fb2,b,false,3086
866bb4d6-ab1c-45a4-bc3f-e49ad9304fdc,67f81095730db61c061dd43b,3d208f14-067a-419e-ab6a-5d0badf2ba12,b27390be-fc00-4a47-ae1d-d1fb612e88c0,da0fb0ab-9953-4fe6-9612-d6b74c6057b5,tie,false,2462
866bb4d6-ab1c-45a4-bc3f-e49ad9304fdc,67f81095730db61c061dd43b,c61427b9-dc32-418f-bb16-4d4ea009349d,5054bf78-6e74-4fcb-8bb2-f1fd492e448e,1c8de671-74f0-4d8f-b66d-bc1330361cfc,b,false,2975
dee73435-c370-41e1-868e-c3a5bdf84b7e,65e47142265c50fcd9e87278,c61427b9-dc32-418f-bb16-4d4ea009349d,4ec65713-c307-4711-8b9e-ed4ddbfb1f85,5054bf78-6e74-4fcb-8bb2-f1fd492e448e,b,false,3054
866bb4d6-ab1c-45a4-bc3f-e49ad9304fdc,67f81095730db61c061dd43b,c9517cc7-2d84-4b68-8493-75b61e23f9ea,0e1cfb71-8713-49e4-beaf-a80448453cc3,34984376-bc70-491d-8576-75e5a2e8d961,b,false,1758
dee73435-c370-41e1-868e-c3a5bdf84b7e,65e47142265c50fcd9e87278,58f6757d-6c99-4e7e-ba80-f16c93699661,3fbfeb3a-eb29-49fe-a3ff-130cdf8f2755,4d078bfd-aa33-4d1d-ae28-8031ae9fb660,b,false,18922
866bb4d6-ab1c-45a4-bc3f-e49ad9304fdc,67f81095730db61c061dd43b,c9517cc7-2d84-4b68-8493-75b61e23f9ea,b1204c78-7dcf-436f-b0df-dbb97ff49934,0e1cfb71-8713-49e4-beaf-a80448453cc3,b,false,2821
dee73435-c370-41e1-868e-c3a5bdf84b7e,65e47142265c50fcd9e87278,c61427b9-dc32-418f-bb16-4d4ea009349d,5054bf78-6e74-4fcb-8bb2-f1fd492e448e,a1f7c97c-c8c0-41a3-866f-5bdf26b34060,a,false,5778
866bb4d6-ab1c-45a4-bc3f-e49ad9304fdc,67f81095730db61c061dd43b,d7a2d7fc-b8a8-4209-bced-f6ddc07a4887,13857f86-818f-4b0a-8576-c919692850b9,12517374-67af-4411-b199-c8477894bebe,a,false,2746
30e162e5-8104-4f27-86e1-b2a5d2b03398,697ceaa6ba4604b428e4e69d,3d208f14-067a-419e-ab6a-5d0badf2ba12,8c6fbc55-fe56-488b-beb5-3d4601567f3d,90d0f719-cdca-4fd5-8062-9589e56b49ab,b,false,9611
dee73435-c370-41e1-868e-c3a5bdf84b7e,65e47142265c50fcd9e87278,c9517cc7-2d84-4b68-8493-75b61e23f9ea,b1204c78-7dcf-436f-b0df-dbb97ff49934,f70e07d0-fd78-49da-9ab5-b6dcc69c9404,b,false,2047
dee73435-c370-41e1-868e-c3a5bdf84b7e,65e47142265c50fcd9e87278,58f6757d-6c99-4e7e-ba80-f16c93699661,ff8874d4-c2e4-4de4-82b5-4de2d424d24c,b247a7f9-a366-4add-9aa1-0a791aab02e9,a,false,4224
dee73435-c370-41e1-868e-c3a5bdf84b7e,65e47142265c50fcd9e87278,c9517cc7-2d84-4b68-8493-75b61e23f9ea,770427d9-c38c-44ae-9832-f5d57f83384f,34984376-bc70-491d-8576-75e5a2e8d961,b,false,5669
30e162e5-8104-4f27-86e1-b2a5d2b03398,697ceaa6ba4604b428e4e69d,c61427b9-dc32-418f-bb16-4d4ea009349d,186fc06b-c574-4e89-81a3-381523976432,5054bf78-6e74-4fcb-8bb2-f1fd492e448e,b,false,1227
30e162e5-8104-4f27-86e1-b2a5d2b03398,697ceaa6ba4604b428e4e69d,58f6757d-6c99-4e7e-ba80-f16c93699661,4d078bfd-aa33-4d1d-ae28-8031ae9fb660,c24cde72-4104-48fb-bb83-e957919b061c,a,true,1048
dee73435-c370-41e1-868e-c3a5bdf84b7e,65e47142265c50fcd9e87278,3d208f14-067a-419e-ab6a-5d0badf2ba12,8c6fbc55-fe56-488b-beb5-3d4601567f3d,ab11fcf5-aa12-440f-a35d-1eaa3819942c,b,false,2383
dee73435-c370-41e1-868e-c3a5bdf84b7e,65e47142265c50fcd9e87278,3d208f14-067a-419e-ab6a-5d0badf2ba12,b27390be-fc00-4a47-ae1d-d1fb612e88c0,da0fb0ab-9953-4fe6-9612-d6b74c6057b5,b,false,2216
8a9d49bb-ca5f-48e1-9b47-19bbb2248c60,66a641b50cc3558ad9b5448e,58f6757d-6c99-4e7e-ba80-f16c93699661,ff8874d4-c2e4-4de4-82b5-4de2d424d24c,4d078bfd-aa33-4d1d-ae28-8031ae9fb660,b,false,9390
866bb4d6-ab1c-45a4-bc3f-e49ad9304fdc,67f81095730db61c061dd43b,c61427b9-dc32-418f-bb16-4d4ea009349d,4ec65713-c307-4711-8b9e-ed4ddbfb1f85,a1f7c97c-c8c0-41a3-866f-5bdf26b34060,a,false,4129
dee73435-c370-41e1-868e-c3a5bdf84b7e,65e47142265c50fcd9e87278,58f6757d-6c99-4e7e-ba80-f16c93699661,63457528-beb7-4e65-881e-d64af3de70fb,4d078bfd-aa33-4d1d-ae28-8031ae9fb660,b,false,1638
dee73435-c370-41e1-868e-c3a5bdf84b7e,65e47142265c50fcd9e87278,c9517cc7-2d84-4b68-8493-75b61e23f9ea,f70e07d0-fd78-49da-9ab5-b6dcc69c9404,770427d9-c38c-44ae-9832-f5d57f83384f,b,false,2450
8a9d49bb-ca5f-48e1-9b47-19bbb2248c60,66a641b50cc3558ad9b5448e,3d208f14-067a-419e-ab6a-5d0badf2ba12,b27390be-fc00-4a47-ae1d-d1fb612e88c0,90d0f719-cdca-4fd5-8062-9589e56b49ab,b,false,5005
866bb4d6-ab1c-45a4-bc3f-e49ad9304fdc,67f81095730db61c061dd43b,3d208f14-067a-419e-ab6a-5d0badf2ba12,b27390be-fc00-4a47-ae1d-d1fb612e88c0,90d0f719-cdca-4fd5-8062-9589e56b49ab,tie,false,5600
dee73435-c370-41e1-868e-c3a5bdf84b7e,65e47142265c50fcd9e87278,d7a2d7fc-b8a8-4209-bced-f6ddc07a4887,064c9ade-7927-48fd-adfe-da9612c93fb2,a1fe6696-bd99-4df4-b84e-651da4740344,a,false,2231
dee73435-c370-41e1-868e-c3a5bdf84b7e,65e47142265c50fcd9e87278,3d208f14-067a-419e-ab6a-5d0badf2ba12,da0fb0ab-9953-4fe6-9612-d6b74c6057b5,ab11fcf5-aa12-440f-a35d-1eaa3819942c,b,false,2309
866bb4d6-ab1c-45a4-bc3f-e49ad9304fdc,67f81095730db61c061dd43b,d7a2d7fc-b8a8-4209-bced-f6ddc07a4887,0102fdec-31f4-4b1b-95fc-f94bad46b0dd,a1fe6696-bd99-4df4-b84e-651da4740344,b,false,3118
dee73435-c370-41e1-868e-c3a5bdf84b7e,65e47142265c50fcd9e87278,d7a2d7fc-b8a8-4209-bced-f6ddc07a4887,13857f86-818f-4b0a-8576-c919692850b9,064c9ade-7927-48fd-adfe-da9612c93fb2,b,false,2864
dee73435-c370-41e1-868e-c3a5bdf84b7e,65e47142265c50fcd9e87278,3d208f14-067a-419e-ab6a-5d0badf2ba12,b27390be-fc00-4a47-ae1d-d1fb612e88c0,90d0f719-cdca-4fd5-8062-9589e56b49ab,b,false,2190
866bb4d6-ab1c-45a4-bc3f-e49ad9304fdc,67f81095730db61c061dd43b,c61427b9-dc32-418f-bb16-4d4ea009349d,5054bf78-6e74-4fcb-8bb2-f1fd492e448e,a1f7c97c-c8c0-41a3-866f-5bdf26b34060,tie,false,2521
866bb4d6-ab1c-45a4-bc3f-e49ad9304fdc,67f81095730db61c061dd43b,c61427b9-dc32-418f-bb16-4d4ea009349d,4ec65713-c307-4711-8b9e-ed4ddbfb1f85,5054bf78-6e74-4fcb-8bb2-f1fd492e448e,tie,false,1928
866bb4d6-ab1c-45a4-bc3f-e49ad9304fdc,67f81095730db61c061dd43b,c9517cc7-2d84-4b68-8493-75b61e23f9ea,b1204c78-7dcf-436f-b0df-dbb97ff49934,b54395bc-87bd-4275-9b53-81f2299c8371,tie,true,3576
866bb4d6-ab1c-45a4-bc3f-e49ad9304fdc,67f81095730db61c061dd43b,58f6757d-6c99-4e7e-ba80-f16c93699661,ff8874d4-c2e4-4de4-82b5-4de2d424d24c,4d078bfd-aa33-4d1d-ae28-8031ae9fb660,a,false,2901
dee73435-c370-41e1-868e-c3a5bdf84b7e,65e47142265c50fcd9e87278,3d208f14-067a-419e-ab6a-5d0badf2ba12,b27390be-fc00-4a47-ae1d-d1fb612e88c0,ab11fcf5-aa12-440f-a35d-1eaa3819942c,b,false,1734
866bb4d6-ab1c-45a4-bc3f-e49ad9304fdc,67f81095730db61c061dd43b,3d208f14-067a-419e-ab6a-5d0badf2ba12,8c6fbc55-fe56-488b-beb5-3d4601567f3d,90d0f719-cdca-4fd5-8062-9589e56b49ab,tie,false,3912
866bb4d6-ab1c-45a4-bc3f-e49ad9304fdc,67f81095730db61c061dd43b,58f6757d-6c99-4e7e-ba80-f16c93699661,3fbfeb3a-eb29-49fe-a3ff-130cdf8f2755,4d078bfd-aa33-4d1d-ae28-8031ae9fb660,tie,false,4568
8a9d49bb-ca5f-48e1-9b47-19bbb2248c60,66a641b50cc3558ad9b5448e,c9517cc7-2d84-4b68-8493-75b61e23f9ea,f70e07d0-fd78-49da-9ab5-b6dcc69c9404,770427d9-c38c-44ae-9832-f5d57f83384f,b,false,10579
dee73435-c370-41e1-868e-c3a5bdf84b7e,65e47142265c50fcd9e87278,58f6757d-6c99-4e7e-ba80-f16c93699661,63457528-beb7-4e65-881e-d64af3de70fb,b247a7f9-a366-4add-9aa1-0a791aab02e9,b,false,2262
8a9d49bb-ca5f-48e1-9b47-19bbb2248c60,66a641b50cc3558ad9b5448e,3d208f14-067a-419e-ab6a-5d0badf2ba12,ab11fcf5-aa12-440f-a35d-1eaa3819942c,fe79ec6c-8646-43cb-bfcb-a91a6bf5afa0,a,true,2473
30e162e5-8104-4f27-86e1-b2a5d2b03398,697ceaa6ba4604b428e4e69d,58f6757d-6c99-4e7e-ba80-f16c93699661,ff8874d4-c2e4-4de4-82b5-4de2d424d24c,b247a7f9-a366-4add-9aa1-0a791aab02e9,a,false,1885
8a9d49bb-ca5f-48e1-9b47-19bbb2248c60,66a641b50cc3558ad9b5448e,c9517cc7-2d84-4b68-8493-75b61e23f9ea,b1204c78-7dcf-436f-b0df-dbb97ff49934,34984376-bc70-491d-8576-75e5a2e8d961,b,false,11755
30e162e5-8104-4f27-86e1-b2a5d2b03398,697ceaa6ba4604b428e4e69d,c9517cc7-2d84-4b68-8493-75b61e23f9ea,0e1cfb71-8713-49e4-beaf-a80448453cc3,770427d9-c38c-44ae-9832-f5d57f83384f,a,false,1532
8a9d49bb-ca5f-48e1-9b47-19bbb2248c60,66a641b50cc3558ad9b5448e,58f6757d-6c99-4e7e-ba80-f16c93699661,4d078bfd-aa33-4d1d-ae28-8031ae9fb660,c24cde72-4104-48fb-bb83-e957919b061c,a,true,6102
8a9d49bb-ca5f-48e1-9b47-19bbb2248c60,66a641b50cc3558ad9b5448e,d7a2d7fc-b8a8-4209-bced-f6ddc07a4887,13857f86-818f-4b0a-8576-c919692850b9,064c9ade-7927-48fd-adfe-da9612c93fb2,a,false,6678
866bb4d6-ab1c-45a4-bc3f-e49ad9304fdc,67f81095730db61c061dd43b,58f6757d-6c99-4e7e-ba80-f16c93699661,63457528-beb7-4e65-881e-d64af3de70fb,3fbfeb3a-eb29-49fe-a3ff-130cdf8f2755,tie,false,3502
dee73435-c370-41e1-868e-c3a5bdf84b7e,65e47142265c50fcd9e87278,c61427b9-dc32-418f-bb16-4d4ea009349d,186fc06b-c574-4e89-81a3-381523976432,a1f7c97c-c8c0-41a3-866f-5bdf26b34060,b,false,7141
8a9d49bb-ca5f-48e1-9b47-19bbb2248c60,66a641b50cc3558ad9b5448e,3d208f14-067a-419e-ab6a-5d0badf2ba12,b27390be-fc00-4a47-ae1d-d1fb612e88c0,da0fb0ab-9953-4fe6-9612-d6b74c6057b5,b,false,4183
866bb4d6-ab1c-45a4-bc3f-e49ad9304fdc,67f81095730db61c061dd43b,58f6757d-6c99-4e7e-ba80-f16c93699661,63457528-beb7-4e65-881e-d64af3de70fb,4d078bfd-aa33-4d1d-ae28-8031ae9fb660,tie,false,2789
8a9d49bb-ca5f-48e1-9b47-19bbb2248c60,66a641b50cc3558ad9b5448e,c9517cc7-2d84-4b68-8493-75b61e23f9ea,b1204c78-7dcf-436f-b0df-dbb97ff49934,770427d9-c38c-44ae-9832-f5d57f83384f,b,false,7929
8a9d49bb-ca5f-48e1-9b47-19bbb2248c60,66a641b50cc3558ad9b5448e,58f6757d-6c99-4e7e-ba80-f16c93699661,3fbfeb3a-eb29-49fe-a3ff-130cdf8f2755,ff8874d4-c2e4-4de4-82b5-4de2d424d24c,b,false,8504
dee73435-c370-41e1-868e-c3a5bdf84b7e,65e47142265c50fcd9e87278,c9517cc7-2d84-4b68-8493-75b61e23f9ea,b1204c78-7dcf-436f-b0df-dbb97ff49934,0e1cfb71-8713-49e4-beaf-a80448453cc3,b,false,3873
866bb4d6-ab1c-45a4-bc3f-e49ad9304fdc,67f81095730db61c061dd43b,d7a2d7fc-b8a8-4209-bced-f6ddc07a4887,0102fdec-31f4-4b1b-95fc-f94bad46b0dd,12517374-67af-4411-b199-c8477894bebe,tie,false,9764
dee73435-c370-41e1-868e-c3a5bdf84b7e,65e47142265c50fcd9e87278,c61427b9-dc32-418f-bb16-4d4ea009349d,4ec65713-c307-4711-8b9e-ed4ddbfb1f85,a1f7c97c-c8c0-41a3-866f-5bdf26b34060,a,false,2208
dee73435-c370-41e1-868e-c3a5bdf84b7e,65e47142265c50fcd9e87278,d7a2d7fc-b8a8-4209-bced-f6ddc07a4887,0102fdec-31f4-4b1b-95fc-f94bad46b0dd,13857f86-818f-4b0a-8576-c919692850b9,b,false,4054
866bb4d6-ab1c-45a4-bc3f-e49ad9304fdc,67f81095730db61c061dd43b,c9517cc7-2d84-4b68-8493-75b61e23f9ea,b1204c78-7dcf-436f-b0df-dbb97ff49934,34984376-bc70-491d-8576-75e5a2e8d961,b,false,3036
866bb4d6-ab1c-45a4-bc3f-e49ad9304fdc,67f81095730db61c061dd43b,c61427b9-dc32-418f-bb16-4d4ea009349d,186fc06b-c574-4e89-81a3-381523976432,a1f7c97c-c8c0-41a3-866f-5bdf26b34060,tie,false,2398
866bb4d6-ab1c-45a4-bc3f-e49ad9304fdc,67f81095730db61c061dd43b,c9517cc7-2d84-4b68-8493-75b61e23f9ea,b1204c78-7dcf-436f-b0df-dbb97ff49934,770427d9-c38c-44ae-9832-f5d57f83384f,b,false,2840
866bb4d6-ab1c-45a4-bc3f-e49ad9304fdc,67f81095730db61c061dd43b,3d208f14-067a-419e-ab6a-5d0badf2ba12,8c6fbc55-fe56-488b-beb5-3d4601567f3d,ab11fcf5-aa12-440f-a35d-1eaa3819942c,tie,false,12085
dee73435-c370-41e1-868e-c3a5bdf84b7e,65e47142265c50fcd9e87278,58f6757d-6c99-4e7e-ba80-f16c93699661,ff8874d4-c2e4-4de4-82b5-4de2d424d24c,4d078bfd-aa33-4d1d-ae28-8031ae9fb660,a,false,2618
dee73435-c370-41e1-868e-c3a5bdf84b7e,65e47142265c50fcd9e87278,3d208f14-067a-419e-ab6a-5d0badf2ba12,8c6fbc55-fe56-488b-beb5-3d4601567f3d,da0fb0ab-9953-4fe6-9612-d6b74c6057b5,b,false,2599
dee73435-c370-41e1-868e-c3a5bdf84b7e,65e47142265c50fcd9e87278,d7a2d7fc-b8a8-4209-bced-f6ddc07a4887,13857f86-818f-4b0a-8576-c919692850b9,a1fe6696-bd99-4df4-b84e-651da4740344,b,false,3377
866bb4d6-ab1c-45a4-bc3f-e49ad9304fdc,67f81095730db61c061dd43b,3d208f14-067a-419e-ab6a-5d0badf2ba12,da0fb0ab-9953-4fe6-9612-d6b74c6057b5,ab11fcf5-aa12-440f-a35d-1eaa3819942c,b,false,3347
30e162e5-8104-4f27-86e1-b2a5d2b03398,697ceaa6ba4604b428e4e69d,c61427b9-dc32-418f-bb16-4d4ea009349d,4ec65713-c307-4711-8b9e-ed4ddbfb1f85,5054bf78-6e74-4fcb-8bb2-f1fd492e448e,a,false,14463
30e162e5-8104-4f27-86e1-b2a5d2b03398,697ceaa6ba4604b428e4e69d,3d208f14-067a-419e-ab6a-5d0badf2ba12,8c6fbc55-fe56-488b-beb5-3d4601567f3d,da0fb0ab-9953-4fe6-9612-d6b74c6057b5,b,false,3049
dee73435-c370-41e1-868e-c3a5bdf84b7e,65e47142265c50fcd9e87278,c61427b9-dc32-418f-bb16-4d4ea009349d,4ec65713-c307-4711-8b9e-ed4ddbfb1f85,22f5cca3-0fbd-4e82-8ad8-d7dee4cae6a2,a,true,3153
866bb4d6-ab1c-45a4-bc3f-e49ad9304fdc,67f81095730db61c061dd43b,d7a2d7fc-b8a8-4209-bced-f6ddc07a4887,0102fdec-31f4-4b1b-95fc-f94bad46b0dd,064c9ade-7927-48fd-adfe-da9612c93fb2,b,false,9521
dee73435-c370-41e1-868e-c3a5bdf84b7e,65e47142265c50fcd9e87278,58f6757d-6c99-4e7e-ba80-f16c93699661,3fbfeb3a-eb29-49fe-a3ff-130cdf8f2755,ff8874d4-c2e4-4de4-82b5-4de2d424d24c,b,false,3180
866bb4d6-ab1c-45a4-bc3f-e49ad9304fdc,67f81095730db61c061dd43b,3d208f14-067a-419e-ab6a-5d0badf2ba12,8c6fbc55-fe56-488b-beb5-3d4601567f3d,da0fb0ab-9953-4fe6-9612-d6b74c6057b5,tie,false,11729
866bb4d6-ab1c-45a4-bc3f-e49ad9304fdc,67f81095730db61c061dd43b,d7a2d7fc-b8a8-4209-bced-f6ddc07a4887,0102fdec-31f4-4b1b-95fc-f94bad46b0dd,993adc7d-5ff2-4d7b-9966-72935023de4b,a,true,5001
866bb4d6-ab1c-45a4-bc3f-e49ad9304fdc,67f81095730db61c061dd43b,d7a2d7fc-b8a8-4209-bced-f6ddc07a4887,064c9ade-7927-48fd-adfe-da9612c93fb2,a1fe6696-bd99-4df4-b84e-651da4740344,b,false,3043
8a9d49bb-ca5f-48e1-9b47-19bbb2248c60,66a641b50cc3558ad9b5448e,d7a2d7fc-b8a8-4209-bced-f6ddc07a4887,a1fe6696-bd99-4df4-b84e-651da4740344,12517374-67af-4411-b199-c8477894bebe,a,false,4605
866bb4d6-ab1c-45a4-bc3f-e49ad9304fdc,67f81095730db61c061dd43b,58f6757d-6c99-4e7e-ba80-f16c93699661,4d078bfd-aa33-4d1d-ae28-8031ae9fb660,c24cde72-4104-48fb-bb83-e957919b061c,a,true,4876
dee73435-c370-41e1-868e-c3a5bdf84b7e,65e47142265c50fcd9e87278,c9517cc7-2d84-4b68-8493-75b61e23f9ea,0e1cfb71-8713-49e4-beaf-a80448453cc3,770427d9-c38c-44ae-9832-f5d57f83384f,b,false,1938
dee73435-c370-41e1-868e-c3a5bdf84b7e,65e47142265c50fcd9e87278,d7a2d7fc-b8a8-4209-bced-f6ddc07a4887,064c9ade-7927-48fd-adfe-da9612c93fb2,12517374-67af-4411-b199-c8477894bebe,a,false,8303
dee73435-c370-41e1-868e-c3a5bdf84b7e,65e47142265c50fcd9e87278,c61427b9-dc32-418f-bb16-4d4ea009349d,a1f7c97c-c8c0-41a3-866f-5bdf26b34060,1c8de671-74f0-4d8f-b66d-bc1330361cfc,b,false,2572
866bb4d6-ab1c-45a4-bc3f-e49ad9304fdc,67f81095730db61c061dd43b,c61427b9-dc32-418f-bb16-4d4ea009349d,a1f7c97c-c8c0-41a3-866f-5bdf26b34060,1c8de671-74f0-4d8f-b66d-bc1330361cfc,b,false,14088
dee73435-c370-41e1-868e-c3a5bdf84b7e,65e47142265c50fcd9e87278,d7a2d7fc-b8a8-4209-bced-f6ddc07a4887,0102fdec-31f4-4b1b-95fc-f94bad46b0dd,064c9ade-7927-48fd-adfe-da9612c93fb2,b,false,2684
dee73435-c370-41e1-868e-c3a5bdf84b7e,65e47142265c50fcd9e87278,58f6757d-6c99-4e7e-ba80-f16c93699661,4d078bfd-aa33-4d1d-ae28-8031ae9fb660,b247a7f9-a366-4add-9aa1-0a791aab02e9,b,false,3462
866bb4d6-ab1c-45a4-bc3f-e49ad9304fdc,67f81095730db61c061dd43b,d7a2d7fc-b8a8-4209-bced-f6ddc07a4887,13857f86-818f-4b0a-8576-c919692850b9,a1fe6696-bd99-4df4-b84e-651da4740344,b,false,3012
dee73435-c370-41e1-868e-c3a5bdf84b7e,65e47142265c50fcd9e87278,3d208f14-067a-419e-ab6a-5d0badf2ba12,90d0f719-cdca-4fd5-8062-9589e56b49ab,ab11fcf5-aa12-440f-a35d-1eaa3819942c,b,false,3908
dee73435-c370-41e1-868e-c3a5bdf84b7e,65e47142265c50fcd9e87278,3d208f14-067a-419e-ab6a-5d0badf2ba12,8c6fbc55-fe56-488b-beb5-3d4601567f3d,90d0f719-cdca-4fd5-8062-9589e56b49ab,b,false,4619
866bb4d6-ab1c-45a4-bc3f-e49ad9304fdc,67f81095730db61c061dd43b,c61427b9-dc32-418f-bb16-4d4ea009349d,186fc06b-c574-4e89-81a3-381523976432,5054bf78-6e74-4fcb-8bb2-f1fd492e448e,tie,false,2729
dee73435-c370-41e1-868e-c3a5bdf84b7e,65e47142265c50fcd9e87278,c9517cc7-2d84-4b68-8493-75b61e23f9ea,f70e07d0-fd78-49da-9ab5-b6dcc69c9404,0e1cfb71-8713-49e4-beaf-a80448453cc3,a,false,4909
866bb4d6-ab1c-45a4-bc3f-e49ad9304fdc,67f81095730db61c061dd43b,c9517cc7-2d84-4b68-8493-75b61e23f9ea,f70e07d0-fd78-49da-9ab5-b6dcc69c9404,0e1cfb71-8713-49e4-beaf-a80448453cc3,b,false,3159
dee73435-c370-41e1-868e-c3a5bdf84b7e,65e47142265c50fcd9e87278,d7a2d7fc-b8a8-4209-bced-f6ddc07a4887,a1fe6696-bd99-4df4-b84e-651da4740344,12517374-67af-4411-b199-c8477894bebe,a,false,2006
866bb4d6-ab1c-45a4-bc3f-e49ad9304fdc,67f81095730db61c061dd43b,d7a2d7fc-b8a8-4209-bced-f6ddc07a4887,a1fe6696-bd99-4df4-b84e-651da4740344,12517374-67af-4411-b199-c8477894bebe,a,false,2207
866bb4d6-ab1c-45a4-bc3f-e49ad9304fdc,67f81095730db61c061dd43b,3d208f14-067a-419e-ab6a-5d0badf2ba12,ab11fcf5-aa12-440f-a35d-1eaa3819942c,fe79ec6c-8646-43cb-bfcb-a91a6bf5afa0,tie,true,3048
866bb4d6-ab1c-45a4-bc3f-e49ad9304fdc,67f81095730db61c061dd43b,c9517cc7-2d84-4b68-8493-75b61e23f9ea,770427d9-c38c-44ae-9832-f5d57f83384f,34984376-bc70-491d-8576-75e5a2e8d961,b,false,19408
f520f1d3-a1be-47a7-a69d-41f66e84bec8,6a09e5df6dd9e64c5b16cf69,c61427b9-dc32-418f-bb16-4d4ea009349d,5054bf78-6e74-4fcb-8bb2-f1fd492e448e,a1f7c97c-c8c0-41a3-866f-5bdf26b34060,a,false,1494
f520f1d3-a1be-47a7-a69d-41f66e84bec8,6a09e5df6dd9e64c5b16cf69,d7a2d7fc-b8a8-4209-bced-f6ddc07a4887,0102fdec-31f4-4b1b-95fc-f94bad46b0dd,993adc7d-5ff2-4d7b-9966-72935023de4b,a,true,288
f520f1d3-a1be-47a7-a69d-41f66e84bec8,6a09e5df6dd9e64c5b16cf69,c61427b9-dc32-418f-bb16-4d4ea009349d,186fc06b-c574-4e89-81a3-381523976432,a1f7c97c-c8c0-41a3-866f-5bdf26b34060,b,false,1990
f520f1d3-a1be-47a7-a69d-41f66e84bec8,6a09e5df6dd9e64c5b16cf69,c61427b9-dc32-418f-bb16-4d4ea009349d,186fc06b-c574-4e89-81a3-381523976432,4ec65713-c307-4711-8b9e-ed4ddbfb1f85,b,false,1423
f520f1d3-a1be-47a7-a69d-41f66e84bec8,6a09e5df6dd9e64c5b16cf69,c61427b9-dc32-418f-bb16-4d4ea009349d,4ec65713-c307-4711-8b9e-ed4ddbfb1f85,a1f7c97c-c8c0-41a3-866f-5bdf26b34060,a,false,1905
f520f1d3-a1be-47a7-a69d-41f66e84bec8,6a09e5df6dd9e64c5b16cf69,d7a2d7fc-b8a8-4209-bced-f6ddc07a4887,064c9ade-7927-48fd-adfe-da9612c93fb2,12517374-67af-4411-b199-c8477894bebe,b,false,8460
0eb32de6-8eda-488b-85d2-3623054d48d8,6a1d8cd6839c0ac04d7bc4cd,d7a2d7fc-b8a8-4209-bced-f6ddc07a4887,0102fdec-31f4-4b1b-95fc-f94bad46b0dd,a1fe6696-bd99-4df4-b84e-651da4740344,b,false,2075
f520f1d3-a1be-47a7-a69d-41f66e84bec8,6a09e5df6dd9e64c5b16cf69,58f6757d-6c99-4e7e-ba80-f16c93699661,4d078bfd-aa33-4d1d-ae28-8031ae9fb660,b247a7f9-a366-4add-9aa1-0a791aab02e9,b,false,8310
9c82d3c6-ec1d-4f92-a77c-53823f0377ee,6699580d4529e69a0ee0b361,d7a2d7fc-b8a8-4209-bced-f6ddc07a4887,064c9ade-7927-48fd-adfe-da9612c93fb2,a1fe6696-bd99-4df4-b84e-651da4740344,b,false,11810
96dce4e9-ba10-4c70-b598-5f6e53964e96,56b78f11e77ebe000cbefe79,c9517cc7-2d84-4b68-8493-75b61e23f9ea,0e1cfb71-8713-49e4-beaf-a80448453cc3,770427d9-c38c-44ae-9832-f5d57f83384f,b,false,24811
0eb32de6-8eda-488b-85d2-3623054d48d8,6a1d8cd6839c0ac04d7bc4cd,c9517cc7-2d84-4b68-8493-75b61e23f9ea,0e1cfb71-8713-49e4-beaf-a80448453cc3,770427d9-c38c-44ae-9832-f5d57f83384f,tie,false,5988
ce10f7a7-cdd1-4fc7-bbe9-b4ef7ae95e8a,6972610c74d08456b2aa6ae2,3d208f14-067a-419e-ab6a-5d0badf2ba12,da0fb0ab-9953-4fe6-9612-d6b74c6057b5,ab11fcf5-aa12-440f-a35d-1eaa3819942c,b,false,10941
9c82d3c6-ec1d-4f92-a77c-53823f0377ee,6699580d4529e69a0ee0b361,58f6757d-6c99-4e7e-ba80-f16c93699661,4d078bfd-aa33-4d1d-ae28-8031ae9fb660,c24cde72-4104-48fb-bb83-e957919b061c,a,true,3833
0eb32de6-8eda-488b-85d2-3623054d48d8,6a1d8cd6839c0ac04d7bc4cd,d7a2d7fc-b8a8-4209-bced-f6ddc07a4887,13857f86-818f-4b0a-8576-c919692850b9,064c9ade-7927-48fd-adfe-da9612c93fb2,a,false,2763
ce10f7a7-cdd1-4fc7-bbe9-b4ef7ae95e8a,6972610c74d08456b2aa6ae2,c61427b9-dc32-418f-bb16-4d4ea009349d,5054bf78-6e74-4fcb-8bb2-f1fd492e448e,a1f7c97c-c8c0-41a3-866f-5bdf26b34060,a,false,6447
628d36e5-c481-4a4b-9287-eeb6e129605d,5f5bcd84009333376363c9aa,58f6757d-6c99-4e7e-ba80-f16c93699661,4d078bfd-aa33-4d1d-ae28-8031ae9fb660,c24cde72-4104-48fb-bb83-e957919b061c,a,true,8902
0b3b16d4-55bd-4dee-b715-b4e179a34aca,6980a7096eb2c15732813632,d7a2d7fc-b8a8-4209-bced-f6ddc07a4887,a1fe6696-bd99-4df4-b84e-651da4740344,12517374-67af-4411-b199-c8477894bebe,b,false,1938
96dce4e9-ba10-4c70-b598-5f6e53964e96,56b78f11e77ebe000cbefe79,c61427b9-dc32-418f-bb16-4d4ea009349d,186fc06b-c574-4e89-81a3-381523976432,5054bf78-6e74-4fcb-8bb2-f1fd492e448e,b,false,9035
0b3b16d4-55bd-4dee-b715-b4e179a34aca,6980a7096eb2c15732813632,d7a2d7fc-b8a8-4209-bced-f6ddc07a4887,a1fe6696-bd99-4df4-b84e-651da4740344,12517374-67af-4411-b199-c8477894bebe,a,false,2733
0eb32de6-8eda-488b-85d2-3623054d48d8,6a1d8cd6839c0ac04d7bc4cd,c61427b9-dc32-418f-bb16-4d4ea009349d,a1f7c97c-c8c0-41a3-866f-5bdf26b34060,1c8de671-74f0-4d8f-b66d-bc1330361cfc,b,false,5685
f520f1d3-a1be-47a7-a69d-41f66e84bec8,6a09e5df6dd9e64c5b16cf69,d7a2d7fc-b8a8-4209-bced-f6ddc07a4887,13857f86-818f-4b0a-8576-c919692850b9,12517374-67af-4411-b199-c8477894bebe,a,false,12431
9c82d3c6-ec1d-4f92-a77c-53823f0377ee,6699580d4529e69a0ee0b361,58f6757d-6c99-4e7e-ba80-f16c93699661,3fbfeb3a-eb29-49fe-a3ff-130cdf8f2755,ff8874d4-c2e4-4de4-82b5-4de2d424d24c,b,false,8263
ce10f7a7-cdd1-4fc7-bbe9-b4ef7ae95e8a,6972610c74d08456b2aa6ae2,3d208f14-067a-419e-ab6a-5d0badf2ba12,b27390be-fc00-4a47-ae1d-d1fb612e88c0,90d0f719-cdca-4fd5-8062-9589e56b49ab,b,false,2799
0eb32de6-8eda-488b-85d2-3623054d48d8,6a1d8cd6839c0ac04d7bc4cd,c61427b9-dc32-418f-bb16-4d4ea009349d,4ec65713-c307-4711-8b9e-ed4ddbfb1f85,22f5cca3-0fbd-4e82-8ad8-d7dee4cae6a2,a,true,1616
96dce4e9-ba10-4c70-b598-5f6e53964e96,56b78f11e77ebe000cbefe79,d7a2d7fc-b8a8-4209-bced-f6ddc07a4887,064c9ade-7927-48fd-adfe-da9612c93fb2,a1fe6696-bd99-4df4-b84e-651da4740344,b,false,4146
0eb32de6-8eda-488b-85d2-3623054d48d8,6a1d8cd6839c0ac04d7bc4cd,c61427b9-dc32-418f-bb16-4d4ea009349d,186fc06b-c574-4e89-81a3-381523976432,1c8de671-74f0-4d8f-b66d-bc1330361cfc,b,false,2484
628d36e5-c481-4a4b-9287-eeb6e129605d,5f5bcd84009333376363c9aa,58f6757d-6c99-4e7e-ba80-f16c93699661,63457528-beb7-4e65-881e-d64af3de70fb,ff8874d4-c2e4-4de4-82b5-4de2d424d24c,b,false,6512
ce10f7a7-cdd1-4fc7-bbe9-b4ef7ae95e8a,6972610c74d08456b2aa6ae2,58f6757d-6c99-4e7e-ba80-f16c93699661,63457528-beb7-4e65-881e-d64af3de70fb,3fbfeb3a-eb29-49fe-a3ff-130cdf8f2755,b,false,3753
f520f1d3-a1be-47a7-a69d-41f66e84bec8,6a09e5df6dd9e64c5b16cf69,3d208f14-067a-419e-ab6a-5d0badf2ba12,da0fb0ab-9953-4fe6-9612-d6b74c6057b5,90d0f719-cdca-4fd5-8062-9589e56b49ab,a,false,6157
a2d6a4bc-a9b1-4105-abbb-bd171dc85029,69ef19f9aa095d902763dd4c,d7a2d7fc-b8a8-4209-bced-f6ddc07a4887,13857f86-818f-4b0a-8576-c919692850b9,064c9ade-7927-48fd-adfe-da9612c93fb2,a,false,9539
f520f1d3-a1be-47a7-a69d-41f66e84bec8,6a09e5df6dd9e64c5b16cf69,c9517cc7-2d84-4b68-8493-75b61e23f9ea,b1204c78-7dcf-436f-b0df-dbb97ff49934,0e1cfb71-8713-49e4-beaf-a80448453cc3,b,false,3643
8a9d49bb-ca5f-48e1-9b47-19bbb2248c60,66a641b50cc3558ad9b5448e,d7a2d7fc-b8a8-4209-bced-f6ddc07a4887,0102fdec-31f4-4b1b-95fc-f94bad46b0dd,13857f86-818f-4b0a-8576-c919692850b9,b,false,7250
628d36e5-c481-4a4b-9287-eeb6e129605d,5f5bcd84009333376363c9aa,c61427b9-dc32-418f-bb16-4d4ea009349d,186fc06b-c574-4e89-81a3-381523976432,5054bf78-6e74-4fcb-8bb2-f1fd492e448e,b,false,6770
a2d6a4bc-a9b1-4105-abbb-bd171dc85029,69ef19f9aa095d902763dd4c,c9517cc7-2d84-4b68-8493-75b61e23f9ea,f70e07d0-fd78-49da-9ab5-b6dcc69c9404,34984376-bc70-491d-8576-75e5a2e8d961,b,false,5818
0eb32de6-8eda-488b-85d2-3623054d48d8,6a1d8cd6839c0ac04d7bc4cd,c9517cc7-2d84-4b68-8493-75b61e23f9ea,f70e07d0-fd78-49da-9ab5-b6dcc69c9404,34984376-bc70-491d-8576-75e5a2e8d961,b,false,2310
39da3f13-7b06-4bbe-9eb3-fa24b9a9c02c,6a1e51d2eda9dacfc5dea018,58f6757d-6c99-4e7e-ba80-f16c93699661,3fbfeb3a-eb29-49fe-a3ff-130cdf8f2755,ff8874d4-c2e4-4de4-82b5-4de2d424d24c,b,false,6557
0eb32de6-8eda-488b-85d2-3623054d48d8,6a1d8cd6839c0ac04d7bc4cd,3d208f14-067a-419e-ab6a-5d0badf2ba12,ab11fcf5-aa12-440f-a35d-1eaa3819942c,fe79ec6c-8646-43cb-bfcb-a91a6bf5afa0,a,true,1145
f520f1d3-a1be-47a7-a69d-41f66e84bec8,6a09e5df6dd9e64c5b16cf69,d7a2d7fc-b8a8-4209-bced-f6ddc07a4887,a1fe6696-bd99-4df4-b84e-651da4740344,12517374-67af-4411-b199-c8477894bebe,a,false,4728
ce10f7a7-cdd1-4fc7-bbe9-b4ef7ae95e8a,6972610c74d08456b2aa6ae2,d7a2d7fc-b8a8-4209-bced-f6ddc07a4887,0102fdec-31f4-4b1b-95fc-f94bad46b0dd,13857f86-818f-4b0a-8576-c919692850b9,b,false,10483
39da3f13-7b06-4bbe-9eb3-fa24b9a9c02c,6a1e51d2eda9dacfc5dea018,58f6757d-6c99-4e7e-ba80-f16c93699661,4d078bfd-aa33-4d1d-ae28-8031ae9fb660,b247a7f9-a366-4add-9aa1-0a791aab02e9,b,false,2711
9c82d3c6-ec1d-4f92-a77c-53823f0377ee,6699580d4529e69a0ee0b361,3d208f14-067a-419e-ab6a-5d0badf2ba12,8c6fbc55-fe56-488b-beb5-3d4601567f3d,da0fb0ab-9953-4fe6-9612-d6b74c6057b5,tie,false,4980
0eb32de6-8eda-488b-85d2-3623054d48d8,6a1d8cd6839c0ac04d7bc4cd,58f6757d-6c99-4e7e-ba80-f16c93699661,4d078bfd-aa33-4d1d-ae28-8031ae9fb660,b247a7f9-a366-4add-9aa1-0a791aab02e9,b,false,6957
a2d6a4bc-a9b1-4105-abbb-bd171dc85029,69ef19f9aa095d902763dd4c,c9517cc7-2d84-4b68-8493-75b61e23f9ea,b1204c78-7dcf-436f-b0df-dbb97ff49934,f70e07d0-fd78-49da-9ab5-b6dcc69c9404,b,false,9562
f520f1d3-a1be-47a7-a69d-41f66e84bec8,6a09e5df6dd9e64c5b16cf69,3d208f14-067a-419e-ab6a-5d0badf2ba12,da0fb0ab-9953-4fe6-9612-d6b74c6057b5,ab11fcf5-aa12-440f-a35d-1eaa3819942c,b,false,7143
0b3b16d4-55bd-4dee-b715-b4e179a34aca,6980a7096eb2c15732813632,3d208f14-067a-419e-ab6a-5d0badf2ba12,b27390be-fc00-4a47-ae1d-d1fb612e88c0,8c6fbc55-fe56-488b-beb5-3d4601567f3d,b,false,24810
96dce4e9-ba10-4c70-b598-5f6e53964e96,56b78f11e77ebe000cbefe79,3d208f14-067a-419e-ab6a-5d0badf2ba12,8c6fbc55-fe56-488b-beb5-3d4601567f3d,90d0f719-cdca-4fd5-8062-9589e56b49ab,a,false,21571
39da3f13-7b06-4bbe-9eb3-fa24b9a9c02c,6a1e51d2eda9dacfc5dea018,c61427b9-dc32-418f-bb16-4d4ea009349d,186fc06b-c574-4e89-81a3-381523976432,1c8de671-74f0-4d8f-b66d-bc1330361cfc,b,false,5679
628d36e5-c481-4a4b-9287-eeb6e129605d,5f5bcd84009333376363c9aa,3d208f14-067a-419e-ab6a-5d0badf2ba12,90d0f719-cdca-4fd5-8062-9589e56b49ab,ab11fcf5-aa12-440f-a35d-1eaa3819942c,b,false,13270
39da3f13-7b06-4bbe-9eb3-fa24b9a9c02c,6a1e51d2eda9dacfc5dea018,c9517cc7-2d84-4b68-8493-75b61e23f9ea,f70e07d0-fd78-49da-9ab5-b6dcc69c9404,770427d9-c38c-44ae-9832-f5d57f83384f,b,false,1434
ce10f7a7-cdd1-4fc7-bbe9-b4ef7ae95e8a,6972610c74d08456b2aa6ae2,c61427b9-dc32-418f-bb16-4d4ea009349d,4ec65713-c307-4711-8b9e-ed4ddbfb1f85,5054bf78-6e74-4fcb-8bb2-f1fd492e448e,tie,false,11227
8a9d49bb-ca5f-48e1-9b47-19bbb2248c60,66a641b50cc3558ad9b5448e,3d208f14-067a-419e-ab6a-5d0badf2ba12,8c6fbc55-fe56-488b-beb5-3d4601567f3d,90d0f719-cdca-4fd5-8062-9589e56b49ab,b,false,16149
9c82d3c6-ec1d-4f92-a77c-53823f0377ee,6699580d4529e69a0ee0b361,d7a2d7fc-b8a8-4209-bced-f6ddc07a4887,13857f86-818f-4b0a-8576-c919692850b9,12517374-67af-4411-b199-c8477894bebe,tie,false,3278
0eb32de6-8eda-488b-85d2-3623054d48d8,6a1d8cd6839c0ac04d7bc4cd,c61427b9-dc32-418f-bb16-4d4ea009349d,4ec65713-c307-4711-8b9e-ed4ddbfb1f85,1c8de671-74f0-4d8f-b66d-bc1330361cfc,b,false,7271
39da3f13-7b06-4bbe-9eb3-fa24b9a9c02c,6a1e51d2eda9dacfc5dea018,c9517cc7-2d84-4b68-8493-75b61e23f9ea,770427d9-c38c-44ae-9832-f5d57f83384f,34984376-bc70-491d-8576-75e5a2e8d961,tie,false,8096
0eb32de6-8eda-488b-85d2-3623054d48d8,6a1d8cd6839c0ac04d7bc4cd,d7a2d7fc-b8a8-4209-bced-f6ddc07a4887,0102fdec-31f4-4b1b-95fc-f94bad46b0dd,13857f86-818f-4b0a-8576-c919692850b9,b,false,5390
9c82d3c6-ec1d-4f92-a77c-53823f0377ee,6699580d4529e69a0ee0b361,c61427b9-dc32-418f-bb16-4d4ea009349d,4ec65713-c307-4711-8b9e-ed4ddbfb1f85,22f5cca3-0fbd-4e82-8ad8-d7dee4cae6a2,a,true,12010
39da3f13-7b06-4bbe-9eb3-fa24b9a9c02c,6a1e51d2eda9dacfc5dea018,d7a2d7fc-b8a8-4209-bced-f6ddc07a4887,0102fdec-31f4-4b1b-95fc-f94bad46b0dd,a1fe6696-bd99-4df4-b84e-651da4740344,b,false,2435
39da3f13-7b06-4bbe-9eb3-fa24b9a9c02c,6a1e51d2eda9dacfc5dea018,3d208f14-067a-419e-ab6a-5d0badf2ba12,b27390be-fc00-4a47-ae1d-d1fb612e88c0,90d0f719-cdca-4fd5-8062-9589e56b49ab,b,false,1937
9c82d3c6-ec1d-4f92-a77c-53823f0377ee,6699580d4529e69a0ee0b361,58f6757d-6c99-4e7e-ba80-f16c93699661,4d078bfd-aa33-4d1d-ae28-8031ae9fb660,b247a7f9-a366-4add-9aa1-0a791aab02e9,b,false,6031
a7e7d4c3-3d6b-4fc8-8439-58c6e0666f05,5b213220809d160001a2c36d,58f6757d-6c99-4e7e-ba80-f16c93699661,3fbfeb3a-eb29-49fe-a3ff-130cdf8f2755,4d078bfd-aa33-4d1d-ae28-8031ae9fb660,a,false,7921
628d36e5-c481-4a4b-9287-eeb6e129605d,5f5bcd84009333376363c9aa,c9517cc7-2d84-4b68-8493-75b61e23f9ea,f70e07d0-fd78-49da-9ab5-b6dcc69c9404,0e1cfb71-8713-49e4-beaf-a80448453cc3,b,false,4347
96dce4e9-ba10-4c70-b598-5f6e53964e96,56b78f11e77ebe000cbefe79,3d208f14-067a-419e-ab6a-5d0badf2ba12,90d0f719-cdca-4fd5-8062-9589e56b49ab,ab11fcf5-aa12-440f-a35d-1eaa3819942c,b,false,6813
39da3f13-7b06-4bbe-9eb3-fa24b9a9c02c,6a1e51d2eda9dacfc5dea018,c61427b9-dc32-418f-bb16-4d4ea009349d,4ec65713-c307-4711-8b9e-ed4ddbfb1f85,5054bf78-6e74-4fcb-8bb2-f1fd492e448e,b,false,4650
39da3f13-7b06-4bbe-9eb3-fa24b9a9c02c,6a1e51d2eda9dacfc5dea018,c61427b9-dc32-418f-bb16-4d4ea009349d,4ec65713-c307-4711-8b9e-ed4ddbfb1f85,22f5cca3-0fbd-4e82-8ad8-d7dee4cae6a2,a,true,2293
8a9d49bb-ca5f-48e1-9b47-19bbb2248c60,66a641b50cc3558ad9b5448e,58f6757d-6c99-4e7e-ba80-f16c93699661,63457528-beb7-4e65-881e-d64af3de70fb,4d078bfd-aa33-4d1d-ae28-8031ae9fb660,b,false,10738
090b965a-fdfe-43a0-a101-dc7f4c66470c,699070e1e1874936e60ec84c,58f6757d-6c99-4e7e-ba80-f16c93699661,3fbfeb3a-eb29-49fe-a3ff-130cdf8f2755,ff8874d4-c2e4-4de4-82b5-4de2d424d24c,b,false,4366
628d36e5-c481-4a4b-9287-eeb6e129605d,5f5bcd84009333376363c9aa,c61427b9-dc32-418f-bb16-4d4ea009349d,186fc06b-c574-4e89-81a3-381523976432,a1f7c97c-c8c0-41a3-866f-5bdf26b34060,b,false,6080
090b965a-fdfe-43a0-a101-dc7f4c66470c,699070e1e1874936e60ec84c,c9517cc7-2d84-4b68-8493-75b61e23f9ea,f70e07d0-fd78-49da-9ab5-b6dcc69c9404,34984376-bc70-491d-8576-75e5a2e8d961,b,false,3973
a2d6a4bc-a9b1-4105-abbb-bd171dc85029,69ef19f9aa095d902763dd4c,3d208f14-067a-419e-ab6a-5d0badf2ba12,b27390be-fc00-4a47-ae1d-d1fb612e88c0,8c6fbc55-fe56-488b-beb5-3d4601567f3d,tie,false,5398
8a9d49bb-ca5f-48e1-9b47-19bbb2248c60,66a641b50cc3558ad9b5448e,c61427b9-dc32-418f-bb16-4d4ea009349d,186fc06b-c574-4e89-81a3-381523976432,a1f7c97c-c8c0-41a3-866f-5bdf26b34060,b,false,11061
ce10f7a7-cdd1-4fc7-bbe9-b4ef7ae95e8a,6972610c74d08456b2aa6ae2,d7a2d7fc-b8a8-4209-bced-f6ddc07a4887,0102fdec-31f4-4b1b-95fc-f94bad46b0dd,a1fe6696-bd99-4df4-b84e-651da4740344,b,false,2622
9c82d3c6-ec1d-4f92-a77c-53823f0377ee,6699580d4529e69a0ee0b361,d7a2d7fc-b8a8-4209-bced-f6ddc07a4887,0102fdec-31f4-4b1b-95fc-f94bad46b0dd,13857f86-818f-4b0a-8576-c919692850b9,b,false,2098
39da3f13-7b06-4bbe-9eb3-fa24b9a9c02c,6a1e51d2eda9dacfc5dea018,c61427b9-dc32-418f-bb16-4d4ea009349d,a1f7c97c-c8c0-41a3-866f-5bdf26b34060,1c8de671-74f0-4d8f-b66d-bc1330361cfc,tie,false,2168
8a9d49bb-ca5f-48e1-9b47-19bbb2248c60,66a641b50cc3558ad9b5448e,c61427b9-dc32-418f-bb16-4d4ea009349d,4ec65713-c307-4711-8b9e-ed4ddbfb1f85,a1f7c97c-c8c0-41a3-866f-5bdf26b34060,a,false,7069
a2d6a4bc-a9b1-4105-abbb-bd171dc85029,69ef19f9aa095d902763dd4c,d7a2d7fc-b8a8-4209-bced-f6ddc07a4887,13857f86-818f-4b0a-8576-c919692850b9,12517374-67af-4411-b199-c8477894bebe,a,false,2998
f520f1d3-a1be-47a7-a69d-41f66e84bec8,6a09e5df6dd9e64c5b16cf69,58f6757d-6c99-4e7e-ba80-f16c93699661,ff8874d4-c2e4-4de4-82b5-4de2d424d24c,b247a7f9-a366-4add-9aa1-0a791aab02e9,b,false,3984
a2d6a4bc-a9b1-4105-abbb-bd171dc85029,69ef19f9aa095d902763dd4c,c61427b9-dc32-418f-bb16-4d4ea009349d,5054bf78-6e74-4fcb-8bb2-f1fd492e448e,1c8de671-74f0-4d8f-b66d-bc1330361cfc,a,false,6782
0eb32de6-8eda-488b-85d2-3623054d48d8,6a1d8cd6839c0ac04d7bc4cd,d7a2d7fc-b8a8-4209-bced-f6ddc07a4887,a1fe6696-bd99-4df4-b84e-651da4740344,12517374-67af-4411-b199-c8477894bebe,a,false,1721
0eb32de6-8eda-488b-85d2-3623054d48d8,6a1d8cd6839c0ac04d7bc4cd,58f6757d-6c99-4e7e-ba80-f16c93699661,63457528-beb7-4e65-881e-d64af3de70fb,4d078bfd-aa33-4d1d-ae28-8031ae9fb660,b,false,2540
ce10f7a7-cdd1-4fc7-bbe9-b4ef7ae95e8a,6972610c74d08456b2aa6ae2,d7a2d7fc-b8a8-4209-bced-f6ddc07a4887,13857f86-818f-4b0a-8576-c919692850b9,a1fe6696-bd99-4df4-b84e-651da4740344,b,false,8225
a2d6a4bc-a9b1-4105-abbb-bd171dc85029,69ef19f9aa095d902763dd4c,3d208f14-067a-419e-ab6a-5d0badf2ba12,b27390be-fc00-4a47-ae1d-d1fb612e88c0,ab11fcf5-aa12-440f-a35d-1eaa3819942c,b,false,3527
0b3b16d4-55bd-4dee-b715-b4e179a34aca,6980a7096eb2c15732813632,3d208f14-067a-419e-ab6a-5d0badf2ba12,da0fb0ab-9953-4fe6-9612-d6b74c6057b5,90d0f719-cdca-4fd5-8062-9589e56b49ab,b,false,2208
a2d6a4bc-a9b1-4105-abbb-bd171dc85029,69ef19f9aa095d902763dd4c,c9517cc7-2d84-4b68-8493-75b61e23f9ea,b1204c78-7dcf-436f-b0df-dbb97ff49934,34984376-bc70-491d-8576-75e5a2e8d961,b,false,3625
0eb32de6-8eda-488b-85d2-3623054d48d8,6a1d8cd6839c0ac04d7bc4cd,3d208f14-067a-419e-ab6a-5d0badf2ba12,8c6fbc55-fe56-488b-beb5-3d4601567f3d,90d0f719-cdca-4fd5-8062-9589e56b49ab,b,false,6446
39da3f13-7b06-4bbe-9eb3-fa24b9a9c02c,6a1e51d2eda9dacfc5dea018,c61427b9-dc32-418f-bb16-4d4ea009349d,4ec65713-c307-4711-8b9e-ed4ddbfb1f85,a1f7c97c-c8c0-41a3-866f-5bdf26b34060,a,false,1117
0b3b16d4-55bd-4dee-b715-b4e179a34aca,6980a7096eb2c15732813632,58f6757d-6c99-4e7e-ba80-f16c93699661,ff8874d4-c2e4-4de4-82b5-4de2d424d24c,b247a7f9-a366-4add-9aa1-0a791aab02e9,a,false,8415
2988bbd6-ff45-46ed-8d39-b6b63212ad8e,6a02ed5bd6acf52c07ab46fa,c9517cc7-2d84-4b68-8493-75b61e23f9ea,b1204c78-7dcf-436f-b0df-dbb97ff49934,0e1cfb71-8713-49e4-beaf-a80448453cc3,b,false,64129
9c82d3c6-ec1d-4f92-a77c-53823f0377ee,6699580d4529e69a0ee0b361,c9517cc7-2d84-4b68-8493-75b61e23f9ea,b1204c78-7dcf-436f-b0df-dbb97ff49934,f70e07d0-fd78-49da-9ab5-b6dcc69c9404,b,false,6137
39da3f13-7b06-4bbe-9eb3-fa24b9a9c02c,6a1e51d2eda9dacfc5dea018,c61427b9-dc32-418f-bb16-4d4ea009349d,186fc06b-c574-4e89-81a3-381523976432,a1f7c97c-c8c0-41a3-866f-5bdf26b34060,tie,false,1363
2988bbd6-ff45-46ed-8d39-b6b63212ad8e,6a02ed5bd6acf52c07ab46fa,58f6757d-6c99-4e7e-ba80-f16c93699661,4d078bfd-aa33-4d1d-ae28-8031ae9fb660,b247a7f9-a366-4add-9aa1-0a791aab02e9,b,false,1204
ce10f7a7-cdd1-4fc7-bbe9-b4ef7ae95e8a,6972610c74d08456b2aa6ae2,c9517cc7-2d84-4b68-8493-75b61e23f9ea,0e1cfb71-8713-49e4-beaf-a80448453cc3,770427d9-c38c-44ae-9832-f5d57f83384f,tie,false,6873
96dce4e9-ba10-4c70-b598-5f6e53964e96,56b78f11e77ebe000cbefe79,58f6757d-6c99-4e7e-ba80-f16c93699661,ff8874d4-c2e4-4de4-82b5-4de2d424d24c,b247a7f9-a366-4add-9aa1-0a791aab02e9,b,false,28073
39da3f13-7b06-4bbe-9eb3-fa24b9a9c02c,6a1e51d2eda9dacfc5dea018,c61427b9-dc32-418f-bb16-4d4ea009349d,186fc06b-c574-4e89-81a3-381523976432,4ec65713-c307-4711-8b9e-ed4ddbfb1f85,b,false,1661
090b965a-fdfe-43a0-a101-dc7f4c66470c,699070e1e1874936e60ec84c,c61427b9-dc32-418f-bb16-4d4ea009349d,5054bf78-6e74-4fcb-8bb2-f1fd492e448e,a1f7c97c-c8c0-41a3-866f-5bdf26b34060,a,false,4251
0b3b16d4-55bd-4dee-b715-b4e179a34aca,6980a7096eb2c15732813632,c9517cc7-2d84-4b68-8493-75b61e23f9ea,b1204c78-7dcf-436f-b0df-dbb97ff49934,34984376-bc70-491d-8576-75e5a2e8d961,b,false,3490
f520f1d3-a1be-47a7-a69d-41f66e84bec8,6a09e5df6dd9e64c5b16cf69,c61427b9-dc32-418f-bb16-4d4ea009349d,4ec65713-c307-4711-8b9e-ed4ddbfb1f85,5054bf78-6e74-4fcb-8bb2-f1fd492e448e,b,false,13848
ce10f7a7-cdd1-4fc7-bbe9-b4ef7ae95e8a,6972610c74d08456b2aa6ae2,3d208f14-067a-419e-ab6a-5d0badf2ba12,8c6fbc55-fe56-488b-beb5-3d4601567f3d,ab11fcf5-aa12-440f-a35d-1eaa3819942c,b,false,3300
9c82d3c6-ec1d-4f92-a77c-53823f0377ee,6699580d4529e69a0ee0b361,3d208f14-067a-419e-ab6a-5d0badf2ba12,8c6fbc55-fe56-488b-beb5-3d4601567f3d,90d0f719-cdca-4fd5-8062-9589e56b49ab,a,false,6475
a7e7d4c3-3d6b-4fc8-8439-58c6e0666f05,5b213220809d160001a2c36d,d7a2d7fc-b8a8-4209-bced-f6ddc07a4887,0102fdec-31f4-4b1b-95fc-f94bad46b0dd,a1fe6696-bd99-4df4-b84e-651da4740344,b,false,2914
ce10f7a7-cdd1-4fc7-bbe9-b4ef7ae95e8a,6972610c74d08456b2aa6ae2,58f6757d-6c99-4e7e-ba80-f16c93699661,3fbfeb3a-eb29-49fe-a3ff-130cdf8f2755,b247a7f9-a366-4add-9aa1-0a791aab02e9,b,false,2939
a2d6a4bc-a9b1-4105-abbb-bd171dc85029,69ef19f9aa095d902763dd4c,d7a2d7fc-b8a8-4209-bced-f6ddc07a4887,a1fe6696-bd99-4df4-b84e-651da4740344,12517374-67af-4411-b199-c8477894bebe,a,false,3078
39da3f13-7b06-4bbe-9eb3-fa24b9a9c02c,6a1e51d2eda9dacfc5dea018,3d208f14-067a-419e-ab6a-5d0badf2ba12,b27390be-fc00-4a47-ae1d-d1fb612e88c0,da0fb0ab-9953-4fe6-9612-d6b74c6057b5,b,false,1586
0eb32de6-8eda-488b-85d2-3623054d48d8,6a1d8cd6839c0ac04d7bc4cd,d7a2d7fc-b8a8-4209-bced-f6ddc07a4887,13857f86-818f-4b0a-8576-c919692850b9,a1fe6696-bd99-4df4-b84e-651da4740344,tie,false,8773
090b965a-fdfe-43a0-a101-dc7f4c66470c,699070e1e1874936e60ec84c,c9517cc7-2d84-4b68-8493-75b61e23f9ea,f70e07d0-fd78-49da-9ab5-b6dcc69c9404,0e1cfb71-8713-49e4-beaf-a80448453cc3,b,false,5493
9c82d3c6-ec1d-4f92-a77c-53823f0377ee,6699580d4529e69a0ee0b361,d7a2d7fc-b8a8-4209-bced-f6ddc07a4887,13857f86-818f-4b0a-8576-c919692850b9,a1fe6696-bd99-4df4-b84e-651da4740344,tie,false,1641
2988bbd6-ff45-46ed-8d39-b6b63212ad8e,6a02ed5bd6acf52c07ab46fa,58f6757d-6c99-4e7e-ba80-f16c93699661,63457528-beb7-4e65-881e-d64af3de70fb,4d078bfd-aa33-4d1d-ae28-8031ae9fb660,tie,false,2210
a7e7d4c3-3d6b-4fc8-8439-58c6e0666f05,5b213220809d160001a2c36d,3d208f14-067a-419e-ab6a-5d0badf2ba12,b27390be-fc00-4a47-ae1d-d1fb612e88c0,90d0f719-cdca-4fd5-8062-9589e56b49ab,b,false,3767
0b3b16d4-55bd-4dee-b715-b4e179a34aca,6980a7096eb2c15732813632,c9517cc7-2d84-4b68-8493-75b61e23f9ea,b1204c78-7dcf-436f-b0df-dbb97ff49934,f70e07d0-fd78-49da-9ab5-b6dcc69c9404,b,false,5407
39da3f13-7b06-4bbe-9eb3-fa24b9a9c02c,6a1e51d2eda9dacfc5dea018,d7a2d7fc-b8a8-4209-bced-f6ddc07a4887,13857f86-818f-4b0a-8576-c919692850b9,064c9ade-7927-48fd-adfe-da9612c93fb2,a,false,2015
a2d6a4bc-a9b1-4105-abbb-bd171dc85029,69ef19f9aa095d902763dd4c,c9517cc7-2d84-4b68-8493-75b61e23f9ea,b1204c78-7dcf-436f-b0df-dbb97ff49934,770427d9-c38c-44ae-9832-f5d57f83384f,b,false,5297
0b3b16d4-55bd-4dee-b715-b4e179a34aca,6980a7096eb2c15732813632,58f6757d-6c99-4e7e-ba80-f16c93699661,63457528-beb7-4e65-881e-d64af3de70fb,ff8874d4-c2e4-4de4-82b5-4de2d424d24c,b,false,1910
0eb32de6-8eda-488b-85d2-3623054d48d8,6a1d8cd6839c0ac04d7bc4cd,c61427b9-dc32-418f-bb16-4d4ea009349d,4ec65713-c307-4711-8b9e-ed4ddbfb1f85,a1f7c97c-c8c0-41a3-866f-5bdf26b34060,a,false,4873
39da3f13-7b06-4bbe-9eb3-fa24b9a9c02c,6a1e51d2eda9dacfc5dea018,58f6757d-6c99-4e7e-ba80-f16c93699661,63457528-beb7-4e65-881e-d64af3de70fb,4d078bfd-aa33-4d1d-ae28-8031ae9fb660,b,false,2063
a7e7d4c3-3d6b-4fc8-8439-58c6e0666f05,5b213220809d160001a2c36d,c9517cc7-2d84-4b68-8493-75b61e23f9ea,770427d9-c38c-44ae-9832-f5d57f83384f,34984376-bc70-491d-8576-75e5a2e8d961,tie,false,14710
39da3f13-7b06-4bbe-9eb3-fa24b9a9c02c,6a1e51d2eda9dacfc5dea018,3d208f14-067a-419e-ab6a-5d0badf2ba12,90d0f719-cdca-4fd5-8062-9589e56b49ab,ab11fcf5-aa12-440f-a35d-1eaa3819942c,b,false,3603
090b965a-fdfe-43a0-a101-dc7f4c66470c,699070e1e1874936e60ec84c,3d208f14-067a-419e-ab6a-5d0badf2ba12,b27390be-fc00-4a47-ae1d-d1fb612e88c0,90d0f719-cdca-4fd5-8062-9589e56b49ab,b,false,3407
39da3f13-7b06-4bbe-9eb3-fa24b9a9c02c,6a1e51d2eda9dacfc5dea018,d7a2d7fc-b8a8-4209-bced-f6ddc07a4887,13857f86-818f-4b0a-8576-c919692850b9,a1fe6696-bd99-4df4-b84e-651da4740344,b,false,4493
628d36e5-c481-4a4b-9287-eeb6e129605d,5f5bcd84009333376363c9aa,58f6757d-6c99-4e7e-ba80-f16c93699661,ff8874d4-c2e4-4de4-82b5-4de2d424d24c,4d078bfd-aa33-4d1d-ae28-8031ae9fb660,a,false,8464
2988bbd6-ff45-46ed-8d39-b6b63212ad8e,6a02ed5bd6acf52c07ab46fa,c61427b9-dc32-418f-bb16-4d4ea009349d,4ec65713-c307-4711-8b9e-ed4ddbfb1f85,1c8de671-74f0-4d8f-b66d-bc1330361cfc,a,false,2702
a2d6a4bc-a9b1-4105-abbb-bd171dc85029,69ef19f9aa095d902763dd4c,d7a2d7fc-b8a8-4209-bced-f6ddc07a4887,0102fdec-31f4-4b1b-95fc-f94bad46b0dd,993adc7d-5ff2-4d7b-9966-72935023de4b,tie,true,5228
f520f1d3-a1be-47a7-a69d-41f66e84bec8,6a09e5df6dd9e64c5b16cf69,58f6757d-6c99-4e7e-ba80-f16c93699661,63457528-beb7-4e65-881e-d64af3de70fb,b247a7f9-a366-4add-9aa1-0a791aab02e9,b,false,2559
39da3f13-7b06-4bbe-9eb3-fa24b9a9c02c,6a1e51d2eda9dacfc5dea018,d7a2d7fc-b8a8-4209-bced-f6ddc07a4887,a1fe6696-bd99-4df4-b84e-651da4740344,12517374-67af-4411-b199-c8477894bebe,a,false,2835
9c82d3c6-ec1d-4f92-a77c-53823f0377ee,6699580d4529e69a0ee0b361,3d208f14-067a-419e-ab6a-5d0badf2ba12,b27390be-fc00-4a47-ae1d-d1fb612e88c0,8c6fbc55-fe56-488b-beb5-3d4601567f3d,b,false,1248
9c82d3c6-ec1d-4f92-a77c-53823f0377ee,6699580d4529e69a0ee0b361,3d208f14-067a-419e-ab6a-5d0badf2ba12,da0fb0ab-9953-4fe6-9612-d6b74c6057b5,ab11fcf5-aa12-440f-a35d-1eaa3819942c,b,false,1886
090b965a-fdfe-43a0-a101-dc7f4c66470c,699070e1e1874936e60ec84c,3d208f14-067a-419e-ab6a-5d0badf2ba12,da0fb0ab-9953-4fe6-9612-d6b74c6057b5,90d0f719-cdca-4fd5-8062-9589e56b49ab,a,false,191
9c82d3c6-ec1d-4f92-a77c-53823f0377ee,6699580d4529e69a0ee0b361,3d208f14-067a-419e-ab6a-5d0badf2ba12,da0fb0ab-9953-4fe6-9612-d6b74c6057b5,90d0f719-cdca-4fd5-8062-9589e56b49ab,tie,false,4888
090b965a-fdfe-43a0-a101-dc7f4c66470c,699070e1e1874936e60ec84c,3d208f14-067a-419e-ab6a-5d0badf2ba12,b27390be-fc00-4a47-ae1d-d1fb612e88c0,ab11fcf5-aa12-440f-a35d-1eaa3819942c,b,false,4677
628d36e5-c481-4a4b-9287-eeb6e129605d,5f5bcd84009333376363c9aa,58f6757d-6c99-4e7e-ba80-f16c93699661,3fbfeb3a-eb29-49fe-a3ff-130cdf8f2755,4d078bfd-aa33-4d1d-ae28-8031ae9fb660,a,false,7940
39da3f13-7b06-4bbe-9eb3-fa24b9a9c02c,6a1e51d2eda9dacfc5dea018,d7a2d7fc-b8a8-4209-bced-f6ddc07a4887,064c9ade-7927-48fd-adfe-da9612c93fb2,a1fe6696-bd99-4df4-b84e-651da4740344,b,false,1363
ce10f7a7-cdd1-4fc7-bbe9-b4ef7ae95e8a,6972610c74d08456b2aa6ae2,58f6757d-6c99-4e7e-ba80-f16c93699661,63457528-beb7-4e65-881e-d64af3de70fb,b247a7f9-a366-4add-9aa1-0a791aab02e9,b,false,4808
9c82d3c6-ec1d-4f92-a77c-53823f0377ee,6699580d4529e69a0ee0b361,3d208f14-067a-419e-ab6a-5d0badf2ba12,b27390be-fc00-4a47-ae1d-d1fb612e88c0,da0fb0ab-9953-4fe6-9612-d6b74c6057b5,tie,false,3562
f520f1d3-a1be-47a7-a69d-41f66e84bec8,6a09e5df6dd9e64c5b16cf69,c9517cc7-2d84-4b68-8493-75b61e23f9ea,f70e07d0-fd78-49da-9ab5-b6dcc69c9404,770427d9-c38c-44ae-9832-f5d57f83384f,b,false,11039
f520f1d3-a1be-47a7-a69d-41f66e84bec8,6a09e5df6dd9e64c5b16cf69,3d208f14-067a-419e-ab6a-5d0badf2ba12,b27390be-fc00-4a47-ae1d-d1fb612e88c0,90d0f719-cdca-4fd5-8062-9589e56b49ab,b,false,1912
0b3b16d4-55bd-4dee-b715-b4e179a34aca,6980a7096eb2c15732813632,c9517cc7-2d84-4b68-8493-75b61e23f9ea,770427d9-c38c-44ae-9832-f5d57f83384f,34984376-bc70-491d-8576-75e5a2e8d961,a,false,3676
f520f1d3-a1be-47a7-a69d-41f66e84bec8,6a09e5df6dd9e64c5b16cf69,58f6757d-6c99-4e7e-ba80-f16c93699661,63457528-beb7-4e65-881e-d64af3de70fb,ff8874d4-c2e4-4de4-82b5-4de2d424d24c,b,false,3271
0eb32de6-8eda-488b-85d2-3623054d48d8,6a1d8cd6839c0ac04d7bc4cd,3d208f14-067a-419e-ab6a-5d0badf2ba12,b27390be-fc00-4a47-ae1d-d1fb612e88c0,90d0f719-cdca-4fd5-8062-9589e56b49ab,b,false,1138
a7e7d4c3-3d6b-4fc8-8439-58c6e0666f05,5b213220809d160001a2c36d,c61427b9-dc32-418f-bb16-4d4ea009349d,4ec65713-c307-4711-8b9e-ed4ddbfb1f85,1c8de671-74f0-4d8f-b66d-bc1330361cfc,a,false,9124
ce10f7a7-cdd1-4fc7-bbe9-b4ef7ae95e8a,6972610c74d08456b2aa6ae2,c9517cc7-2d84-4b68-8493-75b61e23f9ea,0e1cfb71-8713-49e4-beaf-a80448453cc3,770427d9-c38c-44ae-9832-f5d57f83384f,tie,false,6834
9c82d3c6-ec1d-4f92-a77c-53823f0377ee,6699580d4529e69a0ee0b361,c9517cc7-2d84-4b68-8493-75b61e23f9ea,f70e07d0-fd78-49da-9ab5-b6dcc69c9404,34984376-bc70-491d-8576-75e5a2e8d961,b,false,2102
ce10f7a7-cdd1-4fc7-bbe9-b4ef7ae95e8a,6972610c74d08456b2aa6ae2,c61427b9-dc32-418f-bb16-4d4ea009349d,4ec65713-c307-4711-8b9e-ed4ddbfb1f85,1c8de671-74f0-4d8f-b66d-bc1330361cfc,a,false,3182
2988bbd6-ff45-46ed-8d39-b6b63212ad8e,6a02ed5bd6acf52c07ab46fa,58f6757d-6c99-4e7e-ba80-f16c93699661,ff8874d4-c2e4-4de4-82b5-4de2d424d24c,b247a7f9-a366-4add-9aa1-0a791aab02e9,b,false,4023
9c82d3c6-ec1d-4f92-a77c-53823f0377ee,6699580d4529e69a0ee0b361,d7a2d7fc-b8a8-4209-bced-f6ddc07a4887,0102fdec-31f4-4b1b-95fc-f94bad46b0dd,12517374-67af-4411-b199-c8477894bebe,tie,false,1835
628d36e5-c481-4a4b-9287-eeb6e129605d,5f5bcd84009333376363c9aa,c61427b9-dc32-418f-bb16-4d4ea009349d,5054bf78-6e74-4fcb-8bb2-f1fd492e448e,a1f7c97c-c8c0-41a3-866f-5bdf26b34060,tie,false,10025
f520f1d3-a1be-47a7-a69d-41f66e84bec8,6a09e5df6dd9e64c5b16cf69,58f6757d-6c99-4e7e-ba80-f16c93699661,4d078bfd-aa33-4d1d-ae28-8031ae9fb660,c24cde72-4104-48fb-bb83-e957919b061c,a,true,2406
0b3b16d4-55bd-4dee-b715-b4e179a34aca,6980a7096eb2c15732813632,c9517cc7-2d84-4b68-8493-75b61e23f9ea,0e1cfb71-8713-49e4-beaf-a80448453cc3,770427d9-c38c-44ae-9832-f5d57f83384f,b,false,12408
a7e7d4c3-3d6b-4fc8-8439-58c6e0666f05,5b213220809d160001a2c36d,c9517cc7-2d84-4b68-8493-75b61e23f9ea,f70e07d0-fd78-49da-9ab5-b6dcc69c9404,0e1cfb71-8713-49e4-beaf-a80448453cc3,b,false,3784
a2d6a4bc-a9b1-4105-abbb-bd171dc85029,69ef19f9aa095d902763dd4c,3d208f14-067a-419e-ab6a-5d0badf2ba12,8c6fbc55-fe56-488b-beb5-3d4601567f3d,90d0f719-cdca-4fd5-8062-9589e56b49ab,tie,false,5507
2988bbd6-ff45-46ed-8d39-b6b63212ad8e,6a02ed5bd6acf52c07ab46fa,c9517cc7-2d84-4b68-8493-75b61e23f9ea,0e1cfb71-8713-49e4-beaf-a80448453cc3,34984376-bc70-491d-8576-75e5a2e8d961,b,false,2390
9c82d3c6-ec1d-4f92-a77c-53823f0377ee,6699580d4529e69a0ee0b361,c61427b9-dc32-418f-bb16-4d4ea009349d,186fc06b-c574-4e89-81a3-381523976432,4ec65713-c307-4711-8b9e-ed4ddbfb1f85,b,false,2672
39da3f13-7b06-4bbe-9eb3-fa24b9a9c02c,6a1e51d2eda9dacfc5dea018,3d208f14-067a-419e-ab6a-5d0badf2ba12,da0fb0ab-9953-4fe6-9612-d6b74c6057b5,90d0f719-cdca-4fd5-8062-9589e56b49ab,b,false,7479
090b965a-fdfe-43a0-a101-dc7f4c66470c,699070e1e1874936e60ec84c,3d208f14-067a-419e-ab6a-5d0badf2ba12,8c6fbc55-fe56-488b-beb5-3d4601567f3d,da0fb0ab-9953-4fe6-9612-d6b74c6057b5,b,false,10370
0eb32de6-8eda-488b-85d2-3623054d48d8,6a1d8cd6839c0ac04d7bc4cd,58f6757d-6c99-4e7e-ba80-f16c93699661,63457528-beb7-4e65-881e-d64af3de70fb,3fbfeb3a-eb29-49fe-a3ff-130cdf8f2755,b,false,11301
ce10f7a7-cdd1-4fc7-bbe9-b4ef7ae95e8a,6972610c74d08456b2aa6ae2,3d208f14-067a-419e-ab6a-5d0badf2ba12,8c6fbc55-fe56-488b-beb5-3d4601567f3d,90d0f719-cdca-4fd5-8062-9589e56b49ab,a,false,5384
628d36e5-c481-4a4b-9287-eeb6e129605d,5f5bcd84009333376363c9aa,c9517cc7-2d84-4b68-8493-75b61e23f9ea,b1204c78-7dcf-436f-b0df-dbb97ff49934,b54395bc-87bd-4275-9b53-81f2299c8371,a,true,3938
0eb32de6-8eda-488b-85d2-3623054d48d8,6a1d8cd6839c0ac04d7bc4cd,3d208f14-067a-419e-ab6a-5d0badf2ba12,b27390be-fc00-4a47-ae1d-d1fb612e88c0,8c6fbc55-fe56-488b-beb5-3d4601567f3d,b,false,942
39da3f13-7b06-4bbe-9eb3-fa24b9a9c02c,6a1e51d2eda9dacfc5dea018,58f6757d-6c99-4e7e-ba80-f16c93699661,4d078bfd-aa33-4d1d-ae28-8031ae9fb660,c24cde72-4104-48fb-bb83-e957919b061c,a,true,1580
96dce4e9-ba10-4c70-b598-5f6e53964e96,56b78f11e77ebe000cbefe79,c9517cc7-2d84-4b68-8493-75b61e23f9ea,0e1cfb71-8713-49e4-beaf-a80448453cc3,34984376-bc70-491d-8576-75e5a2e8d961,b,false,8805
2988bbd6-ff45-46ed-8d39-b6b63212ad8e,6a02ed5bd6acf52c07ab46fa,3d208f14-067a-419e-ab6a-5d0badf2ba12,8c6fbc55-fe56-488b-beb5-3d4601567f3d,ab11fcf5-aa12-440f-a35d-1eaa3819942c,b,false,1581
0b3b16d4-55bd-4dee-b715-b4e179a34aca,6980a7096eb2c15732813632,3d208f14-067a-419e-ab6a-5d0badf2ba12,90d0f719-cdca-4fd5-8062-9589e56b49ab,ab11fcf5-aa12-440f-a35d-1eaa3819942c,b,false,1469
9c82d3c6-ec1d-4f92-a77c-53823f0377ee,6699580d4529e69a0ee0b361,3d208f14-067a-419e-ab6a-5d0badf2ba12,90d0f719-cdca-4fd5-8062-9589e56b49ab,ab11fcf5-aa12-440f-a35d-1eaa3819942c,tie,false,1746
a7e7d4c3-3d6b-4fc8-8439-58c6e0666f05,5b213220809d160001a2c36d,58f6757d-6c99-4e7e-ba80-f16c93699661,4d078bfd-aa33-4d1d-ae28-8031ae9fb660,b247a7f9-a366-4add-9aa1-0a791aab02e9,a,false,16
0eb32de6-8eda-488b-85d2-3623054d48d8,6a1d8cd6839c0ac04d7bc4cd,d7a2d7fc-b8a8-4209-bced-f6ddc07a4887,064c9ade-7927-48fd-adfe-da9612c93fb2,a1fe6696-bd99-4df4-b84e-651da4740344,b,false,1637
ce10f7a7-cdd1-4fc7-bbe9-b4ef7ae95e8a,6972610c74d08456b2aa6ae2,d7a2d7fc-b8a8-4209-bced-f6ddc07a4887,0102fdec-31f4-4b1b-95fc-f94bad46b0dd,12517374-67af-4411-b199-c8477894bebe,tie,false,2912
9c82d3c6-ec1d-4f92-a77c-53823f0377ee,6699580d4529e69a0ee0b361,c61427b9-dc32-418f-bb16-4d4ea009349d,4ec65713-c307-4711-8b9e-ed4ddbfb1f85,1c8de671-74f0-4d8f-b66d-bc1330361cfc,a,false,6749
2988bbd6-ff45-46ed-8d39-b6b63212ad8e,6a02ed5bd6acf52c07ab46fa,d7a2d7fc-b8a8-4209-bced-f6ddc07a4887,13857f86-818f-4b0a-8576-c919692850b9,a1fe6696-bd99-4df4-b84e-651da4740344,b,false,3237
0eb32de6-8eda-488b-85d2-3623054d48d8,6a1d8cd6839c0ac04d7bc4cd,3d208f14-067a-419e-ab6a-5d0badf2ba12,da0fb0ab-9953-4fe6-9612-d6b74c6057b5,90d0f719-cdca-4fd5-8062-9589e56b49ab,a,false,1873
9c82d3c6-ec1d-4f92-a77c-53823f0377ee,6699580d4529e69a0ee0b361,58f6757d-6c99-4e7e-ba80-f16c93699661,3fbfeb3a-eb29-49fe-a3ff-130cdf8f2755,b247a7f9-a366-4add-9aa1-0a791aab02e9,b,false,2114
9c82d3c6-ec1d-4f92-a77c-53823f0377ee,6699580d4529e69a0ee0b361,58f6757d-6c99-4e7e-ba80-f16c93699661,ff8874d4-c2e4-4de4-82b5-4de2d424d24c,4d078bfd-aa33-4d1d-ae28-8031ae9fb660,tie,false,1536
ce10f7a7-cdd1-4fc7-bbe9-b4ef7ae95e8a,6972610c74d08456b2aa6ae2,58f6757d-6c99-4e7e-ba80-f16c93699661,3fbfeb3a-eb29-49fe-a3ff-130cdf8f2755,ff8874d4-c2e4-4de4-82b5-4de2d424d24c,b,false,2849
39da3f13-7b06-4bbe-9eb3-fa24b9a9c02c,6a1e51d2eda9dacfc5dea018,d7a2d7fc-b8a8-4209-bced-f6ddc07a4887,0102fdec-31f4-4b1b-95fc-f94bad46b0dd,993adc7d-5ff2-4d7b-9966-72935023de4b,a,true,1368
090b965a-fdfe-43a0-a101-dc7f4c66470c,699070e1e1874936e60ec84c,c9517cc7-2d84-4b68-8493-75b61e23f9ea,b1204c78-7dcf-436f-b0df-dbb97ff49934,0e1cfb71-8713-49e4-beaf-a80448453cc3,b,false,4237
a7e7d4c3-3d6b-4fc8-8439-58c6e0666f05,5b213220809d160001a2c36d,3d208f14-067a-419e-ab6a-5d0badf2ba12,b27390be-fc00-4a47-ae1d-d1fb612e88c0,8c6fbc55-fe56-488b-beb5-3d4601567f3d,b,false,3923
39da3f13-7b06-4bbe-9eb3-fa24b9a9c02c,6a1e51d2eda9dacfc5dea018,d7a2d7fc-b8a8-4209-bced-f6ddc07a4887,0102fdec-31f4-4b1b-95fc-f94bad46b0dd,13857f86-818f-4b0a-8576-c919692850b9,b,false,1065
0b3b16d4-55bd-4dee-b715-b4e179a34aca,6980a7096eb2c15732813632,58f6757d-6c99-4e7e-ba80-f16c93699661,3fbfeb3a-eb29-49fe-a3ff-130cdf8f2755,ff8874d4-c2e4-4de4-82b5-4de2d424d24c,b,false,8144
0eb32de6-8eda-488b-85d2-3623054d48d8,6a1d8cd6839c0ac04d7bc4cd,d7a2d7fc-b8a8-4209-bced-f6ddc07a4887,0102fdec-31f4-4b1b-95fc-f94bad46b0dd,12517374-67af-4411-b199-c8477894bebe,tie,false,2396
ce10f7a7-cdd1-4fc7-bbe9-b4ef7ae95e8a,6972610c74d08456b2aa6ae2,3d208f14-067a-419e-ab6a-5d0badf2ba12,ab11fcf5-aa12-440f-a35d-1eaa3819942c,fe79ec6c-8646-43cb-bfcb-a91a6bf5afa0,a,true,1360
f520f1d3-a1be-47a7-a69d-41f66e84bec8,6a09e5df6dd9e64c5b16cf69,d7a2d7fc-b8a8-4209-bced-f6ddc07a4887,0102fdec-31f4-4b1b-95fc-f94bad46b0dd,064c9ade-7927-48fd-adfe-da9612c93fb2,a,false,10199
090b965a-fdfe-43a0-a101-dc7f4c66470c,699070e1e1874936e60ec84c,58f6757d-6c99-4e7e-ba80-f16c93699661,4d078bfd-aa33-4d1d-ae28-8031ae9fb660,b247a7f9-a366-4add-9aa1-0a791aab02e9,a,false,4606
628d36e5-c481-4a4b-9287-eeb6e129605d,5f5bcd84009333376363c9aa,d7a2d7fc-b8a8-4209-bced-f6ddc07a4887,0102fdec-31f4-4b1b-95fc-f94bad46b0dd,993adc7d-5ff2-4d7b-9966-72935023de4b,a,true,5296
0b3b16d4-55bd-4dee-b715-b4e179a34aca,6980a7096eb2c15732813632,c61427b9-dc32-418f-bb16-4d4ea009349d,4ec65713-c307-4711-8b9e-ed4ddbfb1f85,1c8de671-74f0-4d8f-b66d-bc1330361cfc,b,false,10393
a7e7d4c3-3d6b-4fc8-8439-58c6e0666f05,5b213220809d160001a2c36d,58f6757d-6c99-4e7e-ba80-f16c93699661,3fbfeb3a-eb29-49fe-a3ff-130cdf8f2755,ff8874d4-c2e4-4de4-82b5-4de2d424d24c,b,false,5765
c25df18b-95c1-4756-96da-6bd01d134301,66339218358315fd96806d33,c61427b9-dc32-418f-bb16-4d4ea009349d,5054bf78-6e74-4fcb-8bb2-f1fd492e448e,a1f7c97c-c8c0-41a3-866f-5bdf26b34060,a,false,3014
a2d6a4bc-a9b1-4105-abbb-bd171dc85029,69ef19f9aa095d902763dd4c,3d208f14-067a-419e-ab6a-5d0badf2ba12,8c6fbc55-fe56-488b-beb5-3d4601567f3d,da0fb0ab-9953-4fe6-9612-d6b74c6057b5,tie,false,7531
628d36e5-c481-4a4b-9287-eeb6e129605d,5f5bcd84009333376363c9aa,c61427b9-dc32-418f-bb16-4d4ea009349d,4ec65713-c307-4711-8b9e-ed4ddbfb1f85,5054bf78-6e74-4fcb-8bb2-f1fd492e448e,b,false,6755
ce10f7a7-cdd1-4fc7-bbe9-b4ef7ae95e8a,6972610c74d08456b2aa6ae2,3d208f14-067a-419e-ab6a-5d0badf2ba12,8c6fbc55-fe56-488b-beb5-3d4601567f3d,da0fb0ab-9953-4fe6-9612-d6b74c6057b5,b,false,2960
9c82d3c6-ec1d-4f92-a77c-53823f0377ee,6699580d4529e69a0ee0b361,c9517cc7-2d84-4b68-8493-75b61e23f9ea,f70e07d0-fd78-49da-9ab5-b6dcc69c9404,770427d9-c38c-44ae-9832-f5d57f83384f,b,false,1150
a2d6a4bc-a9b1-4105-abbb-bd171dc85029,69ef19f9aa095d902763dd4c,d7a2d7fc-b8a8-4209-bced-f6ddc07a4887,0102fdec-31f4-4b1b-95fc-f94bad46b0dd,064c9ade-7927-48fd-adfe-da9612c93fb2,tie,false,3808
2988bbd6-ff45-46ed-8d39-b6b63212ad8e,6a02ed5bd6acf52c07ab46fa,3d208f14-067a-419e-ab6a-5d0badf2ba12,8c6fbc55-fe56-488b-beb5-3d4601567f3d,da0fb0ab-9953-4fe6-9612-d6b74c6057b5,b,false,4451
ce10f7a7-cdd1-4fc7-bbe9-b4ef7ae95e8a,6972610c74d08456b2aa6ae2,c9517cc7-2d84-4b68-8493-75b61e23f9ea,b1204c78-7dcf-436f-b0df-dbb97ff49934,b54395bc-87bd-4275-9b53-81f2299c8371,a,true,2096
0eb32de6-8eda-488b-85d2-3623054d48d8,6a1d8cd6839c0ac04d7bc4cd,d7a2d7fc-b8a8-4209-bced-f6ddc07a4887,064c9ade-7927-48fd-adfe-da9612c93fb2,12517374-67af-4411-b199-c8477894bebe,tie,false,1517
96dce4e9-ba10-4c70-b598-5f6e53964e96,56b78f11e77ebe000cbefe79,d7a2d7fc-b8a8-4209-bced-f6ddc07a4887,13857f86-818f-4b0a-8576-c919692850b9,064c9ade-7927-48fd-adfe-da9612c93fb2,a,false,4998
2988bbd6-ff45-46ed-8d39-b6b63212ad8e,6a02ed5bd6acf52c07ab46fa,58f6757d-6c99-4e7e-ba80-f16c93699661,3fbfeb3a-eb29-49fe-a3ff-130cdf8f2755,4d078bfd-aa33-4d1d-ae28-8031ae9fb660,tie,false,2561
090b965a-fdfe-43a0-a101-dc7f4c66470c,699070e1e1874936e60ec84c,d7a2d7fc-b8a8-4209-bced-f6ddc07a4887,0102fdec-31f4-4b1b-95fc-f94bad46b0dd,064c9ade-7927-48fd-adfe-da9612c93fb2,b,false,3278
0b3b16d4-55bd-4dee-b715-b4e179a34aca,6980a7096eb2c15732813632,58f6757d-6c99-4e7e-ba80-f16c93699661,4d078bfd-aa33-4d1d-ae28-8031ae9fb660,b247a7f9-a366-4add-9aa1-0a791aab02e9,b,false,6031
a7e7d4c3-3d6b-4fc8-8439-58c6e0666f05,5b213220809d160001a2c36d,d7a2d7fc-b8a8-4209-bced-f6ddc07a4887,13857f86-818f-4b0a-8576-c919692850b9,12517374-67af-4411-b199-c8477894bebe,a,false,4045
39da3f13-7b06-4bbe-9eb3-fa24b9a9c02c,6a1e51d2eda9dacfc5dea018,d7a2d7fc-b8a8-4209-bced-f6ddc07a4887,064c9ade-7927-48fd-adfe-da9612c93fb2,12517374-67af-4411-b199-c8477894bebe,tie,false,7912
9c82d3c6-ec1d-4f92-a77c-53823f0377ee,6699580d4529e69a0ee0b361,c9517cc7-2d84-4b68-8493-75b61e23f9ea,0e1cfb71-8713-49e4-beaf-a80448453cc3,770427d9-c38c-44ae-9832-f5d57f83384f,b,false,1615
c25df18b-95c1-4756-96da-6bd01d134301,66339218358315fd96806d33,3d208f14-067a-419e-ab6a-5d0badf2ba12,8c6fbc55-fe56-488b-beb5-3d4601567f3d,ab11fcf5-aa12-440f-a35d-1eaa3819942c,b,false,2584
ce10f7a7-cdd1-4fc7-bbe9-b4ef7ae95e8a,6972610c74d08456b2aa6ae2,58f6757d-6c99-4e7e-ba80-f16c93699661,63457528-beb7-4e65-881e-d64af3de70fb,ff8874d4-c2e4-4de4-82b5-4de2d424d24c,b,false,5114
628d36e5-c481-4a4b-9287-eeb6e129605d,5f5bcd84009333376363c9aa,58f6757d-6c99-4e7e-ba80-f16c93699661,63457528-beb7-4e65-881e-d64af3de70fb,3fbfeb3a-eb29-49fe-a3ff-130cdf8f2755,tie,false,8162
c25df18b-95c1-4756-96da-6bd01d134301,66339218358315fd96806d33,c61427b9-dc32-418f-bb16-4d4ea009349d,186fc06b-c574-4e89-81a3-381523976432,4ec65713-c307-4711-8b9e-ed4ddbfb1f85,b,false,3703
9c82d3c6-ec1d-4f92-a77c-53823f0377ee,6699580d4529e69a0ee0b361,c61427b9-dc32-418f-bb16-4d4ea009349d,4ec65713-c307-4711-8b9e-ed4ddbfb1f85,a1f7c97c-c8c0-41a3-866f-5bdf26b34060,a,false,4657
9c82d3c6-ec1d-4f92-a77c-53823f0377ee,6699580d4529e69a0ee0b361,c9517cc7-2d84-4b68-8493-75b61e23f9ea,b1204c78-7dcf-436f-b0df-dbb97ff49934,770427d9-c38c-44ae-9832-f5d57f83384f,b,false,1342
9c82d3c6-ec1d-4f92-a77c-53823f0377ee,6699580d4529e69a0ee0b361,3d208f14-067a-419e-ab6a-5d0badf2ba12,b27390be-fc00-4a47-ae1d-d1fb612e88c0,ab11fcf5-aa12-440f-a35d-1eaa3819942c,b,false,1265
39da3f13-7b06-4bbe-9eb3-fa24b9a9c02c,6a1e51d2eda9dacfc5dea018,c9517cc7-2d84-4b68-8493-75b61e23f9ea,b1204c78-7dcf-436f-b0df-dbb97ff49934,770427d9-c38c-44ae-9832-f5d57f83384f,b,false,1523
090b965a-fdfe-43a0-a101-dc7f4c66470c,699070e1e1874936e60ec84c,c61427b9-dc32-418f-bb16-4d4ea009349d,186fc06b-c574-4e89-81a3-381523976432,a1f7c97c-c8c0-41a3-866f-5bdf26b34060,b,false,1529
9c82d3c6-ec1d-4f92-a77c-53823f0377ee,6699580d4529e69a0ee0b361,58f6757d-6c99-4e7e-ba80-f16c93699661,3fbfeb3a-eb29-49fe-a3ff-130cdf8f2755,4d078bfd-aa33-4d1d-ae28-8031ae9fb660,b,false,5996
a7e7d4c3-3d6b-4fc8-8439-58c6e0666f05,5b213220809d160001a2c36d,3d208f14-067a-419e-ab6a-5d0badf2ba12,90d0f719-cdca-4fd5-8062-9589e56b49ab,ab11fcf5-aa12-440f-a35d-1eaa3819942c,b,false,4285
39da3f13-7b06-4bbe-9eb3-fa24b9a9c02c,6a1e51d2eda9dacfc5dea018,3d208f14-067a-419e-ab6a-5d0badf2ba12,b27390be-fc00-4a47-ae1d-d1fb612e88c0,ab11fcf5-aa12-440f-a35d-1eaa3819942c,b,false,1115
39da3f13-7b06-4bbe-9eb3-fa24b9a9c02c,6a1e51d2eda9dacfc5dea018,c9517cc7-2d84-4b68-8493-75b61e23f9ea,b1204c78-7dcf-436f-b0df-dbb97ff49934,34984376-bc70-491d-8576-75e5a2e8d961,b,false,1643
ce10f7a7-cdd1-4fc7-bbe9-b4ef7ae95e8a,6972610c74d08456b2aa6ae2,c61427b9-dc32-418f-bb16-4d4ea009349d,186fc06b-c574-4e89-81a3-381523976432,5054bf78-6e74-4fcb-8bb2-f1fd492e448e,b,false,1633
0eb32de6-8eda-488b-85d2-3623054d48d8,6a1d8cd6839c0ac04d7bc4cd,c61427b9-dc32-418f-bb16-4d4ea009349d,5054bf78-6e74-4fcb-8bb2-f1fd492e448e,1c8de671-74f0-4d8f-b66d-bc1330361cfc,a,false,4925
0b3b16d4-55bd-4dee-b715-b4e179a34aca,6980a7096eb2c15732813632,58f6757d-6c99-4e7e-ba80-f16c93699661,3fbfeb3a-eb29-49fe-a3ff-130cdf8f2755,b247a7f9-a366-4add-9aa1-0a791aab02e9,b,false,3512
9c82d3c6-ec1d-4f92-a77c-53823f0377ee,6699580d4529e69a0ee0b361,58f6757d-6c99-4e7e-ba80-f16c93699661,63457528-beb7-4e65-881e-d64af3de70fb,b247a7f9-a366-4add-9aa1-0a791aab02e9,b,false,1866
c25df18b-95c1-4756-96da-6bd01d134301,66339218358315fd96806d33,3d208f14-067a-419e-ab6a-5d0badf2ba12,90d0f719-cdca-4fd5-8062-9589e56b49ab,ab11fcf5-aa12-440f-a35d-1eaa3819942c,b,false,2670
a7e7d4c3-3d6b-4fc8-8439-58c6e0666f05,5b213220809d160001a2c36d,c9517cc7-2d84-4b68-8493-75b61e23f9ea,b1204c78-7dcf-436f-b0df-dbb97ff49934,f70e07d0-fd78-49da-9ab5-b6dcc69c9404,tie,false,5320
0eb32de6-8eda-488b-85d2-3623054d48d8,6a1d8cd6839c0ac04d7bc4cd,3d208f14-067a-419e-ab6a-5d0badf2ba12,da0fb0ab-9953-4fe6-9612-d6b74c6057b5,ab11fcf5-aa12-440f-a35d-1eaa3819942c,b,false,2737
0b3b16d4-55bd-4dee-b715-b4e179a34aca,6980a7096eb2c15732813632,3d208f14-067a-419e-ab6a-5d0badf2ba12,da0fb0ab-9953-4fe6-9612-d6b74c6057b5,ab11fcf5-aa12-440f-a35d-1eaa3819942c,b,false,4647
39da3f13-7b06-4bbe-9eb3-fa24b9a9c02c,6a1e51d2eda9dacfc5dea018,3d208f14-067a-419e-ab6a-5d0badf2ba12,b27390be-fc00-4a47-ae1d-d1fb612e88c0,8c6fbc55-fe56-488b-beb5-3d4601567f3d,b,false,2338
f520f1d3-a1be-47a7-a69d-41f66e84bec8,6a09e5df6dd9e64c5b16cf69,c9517cc7-2d84-4b68-8493-75b61e23f9ea,b1204c78-7dcf-436f-b0df-dbb97ff49934,770427d9-c38c-44ae-9832-f5d57f83384f,b,false,7641
9c82d3c6-ec1d-4f92-a77c-53823f0377ee,6699580d4529e69a0ee0b361,c9517cc7-2d84-4b68-8493-75b61e23f9ea,770427d9-c38c-44ae-9832-f5d57f83384f,34984376-bc70-491d-8576-75e5a2e8d961,tie,false,966
090b965a-fdfe-43a0-a101-dc7f4c66470c,699070e1e1874936e60ec84c,d7a2d7fc-b8a8-4209-bced-f6ddc07a4887,0102fdec-31f4-4b1b-95fc-f94bad46b0dd,12517374-67af-4411-b199-c8477894bebe,tie,false,8129
a2d6a4bc-a9b1-4105-abbb-bd171dc85029,69ef19f9aa095d902763dd4c,58f6757d-6c99-4e7e-ba80-f16c93699661,4d078bfd-aa33-4d1d-ae28-8031ae9fb660,b247a7f9-a366-4add-9aa1-0a791aab02e9,b,false,6278
ce10f7a7-cdd1-4fc7-bbe9-b4ef7ae95e8a,6972610c74d08456b2aa6ae2,d7a2d7fc-b8a8-4209-bced-f6ddc07a4887,0102fdec-31f4-4b1b-95fc-f94bad46b0dd,064c9ade-7927-48fd-adfe-da9612c93fb2,tie,false,6649
628d36e5-c481-4a4b-9287-eeb6e129605d,5f5bcd84009333376363c9aa,3d208f14-067a-419e-ab6a-5d0badf2ba12,8c6fbc55-fe56-488b-beb5-3d4601567f3d,90d0f719-cdca-4fd5-8062-9589e56b49ab,b,false,4985
a2d6a4bc-a9b1-4105-abbb-bd171dc85029,69ef19f9aa095d902763dd4c,c61427b9-dc32-418f-bb16-4d4ea009349d,4ec65713-c307-4711-8b9e-ed4ddbfb1f85,1c8de671-74f0-4d8f-b66d-bc1330361cfc,tie,false,5013
0eb32de6-8eda-488b-85d2-3623054d48d8,6a1d8cd6839c0ac04d7bc4cd,c61427b9-dc32-418f-bb16-4d4ea009349d,186fc06b-c574-4e89-81a3-381523976432,4ec65713-c307-4711-8b9e-ed4ddbfb1f85,b,false,2268
39da3f13-7b06-4bbe-9eb3-fa24b9a9c02c,6a1e51d2eda9dacfc5dea018,3d208f14-067a-419e-ab6a-5d0badf2ba12,8c6fbc55-fe56-488b-beb5-3d4601567f3d,ab11fcf5-aa12-440f-a35d-1eaa3819942c,b,false,1835
f520f1d3-a1be-47a7-a69d-41f66e84bec8,6a09e5df6dd9e64c5b16cf69,c9517cc7-2d84-4b68-8493-75b61e23f9ea,b1204c78-7dcf-436f-b0df-dbb97ff49934,34984376-bc70-491d-8576-75e5a2e8d961,b,false,4038
39da3f13-7b06-4bbe-9eb3-fa24b9a9c02c,6a1e51d2eda9dacfc5dea018,58f6757d-6c99-4e7e-ba80-f16c93699661,ff8874d4-c2e4-4de4-82b5-4de2d424d24c,4d078bfd-aa33-4d1d-ae28-8031ae9fb660,a,false,2902
090b965a-fdfe-43a0-a101-dc7f4c66470c,699070e1e1874936e60ec84c,c61427b9-dc32-418f-bb16-4d4ea009349d,4ec65713-c307-4711-8b9e-ed4ddbfb1f85,5054bf78-6e74-4fcb-8bb2-f1fd492e448e,b,false,3975
39da3f13-7b06-4bbe-9eb3-fa24b9a9c02c,6a1e51d2eda9dacfc5dea018,58f6757d-6c99-4e7e-ba80-f16c93699661,63457528-beb7-4e65-881e-d64af3de70fb,3fbfeb3a-eb29-49fe-a3ff-130cdf8f2755,b,false,2963
c25df18b-95c1-4756-96da-6bd01d134301,66339218358315fd96806d33,c9517cc7-2d84-4b68-8493-75b61e23f9ea,0e1cfb71-8713-49e4-beaf-a80448453cc3,770427d9-c38c-44ae-9832-f5d57f83384f,a,false,2410
2988bbd6-ff45-46ed-8d39-b6b63212ad8e,6a02ed5bd6acf52c07ab46fa,58f6757d-6c99-4e7e-ba80-f16c93699661,3fbfeb3a-eb29-49fe-a3ff-130cdf8f2755,b247a7f9-a366-4add-9aa1-0a791aab02e9,b,false,2181
2988bbd6-ff45-46ed-8d39-b6b63212ad8e,6a02ed5bd6acf52c07ab46fa,d7a2d7fc-b8a8-4209-bced-f6ddc07a4887,a1fe6696-bd99-4df4-b84e-651da4740344,12517374-67af-4411-b199-c8477894bebe,a,false,2122
ce10f7a7-cdd1-4fc7-bbe9-b4ef7ae95e8a,6972610c74d08456b2aa6ae2,c61427b9-dc32-418f-bb16-4d4ea009349d,a1f7c97c-c8c0-41a3-866f-5bdf26b34060,1c8de671-74f0-4d8f-b66d-bc1330361cfc,b,false,3348
a7e7d4c3-3d6b-4fc8-8439-58c6e0666f05,5b213220809d160001a2c36d,58f6757d-6c99-4e7e-ba80-f16c93699661,ff8874d4-c2e4-4de4-82b5-4de2d424d24c,4d078bfd-aa33-4d1d-ae28-8031ae9fb660,a,false,4296
628d36e5-c481-4a4b-9287-eeb6e129605d,5f5bcd84009333376363c9aa,d7a2d7fc-b8a8-4209-bced-f6ddc07a4887,0102fdec-31f4-4b1b-95fc-f94bad46b0dd,a1fe6696-bd99-4df4-b84e-651da4740344,b,false,4551
0eb32de6-8eda-488b-85d2-3623054d48d8,6a1d8cd6839c0ac04d7bc4cd,3d208f14-067a-419e-ab6a-5d0badf2ba12,8c6fbc55-fe56-488b-beb5-3d4601567f3d,ab11fcf5-aa12-440f-a35d-1eaa3819942c,b,false,1573
9c82d3c6-ec1d-4f92-a77c-53823f0377ee,6699580d4529e69a0ee0b361,c9517cc7-2d84-4b68-8493-75b61e23f9ea,b1204c78-7dcf-436f-b0df-dbb97ff49934,34984376-bc70-491d-8576-75e5a2e8d961,b,false,1259
9c82d3c6-ec1d-4f92-a77c-53823f0377ee,6699580d4529e69a0ee0b361,c9517cc7-2d84-4b68-8493-75b61e23f9ea,b1204c78-7dcf-436f-b0df-dbb97ff49934,0e1cfb71-8713-49e4-beaf-a80448453cc3,b,false,1547
c25df18b-95c1-4756-96da-6bd01d134301,66339218358315fd96806d33,c61427b9-dc32-418f-bb16-4d4ea009349d,186fc06b-c574-4e89-81a3-381523976432,5054bf78-6e74-4fcb-8bb2-f1fd492e448e,b,false,4605
8a9d49bb-ca5f-48e1-9b47-19bbb2248c60,66a641b50cc3558ad9b5448e,3d208f14-067a-419e-ab6a-5d0badf2ba12,b27390be-fc00-4a47-ae1d-d1fb612e88c0,8c6fbc55-fe56-488b-beb5-3d4601567f3d,b,false,15233
ce10f7a7-cdd1-4fc7-bbe9-b4ef7ae95e8a,6972610c74d08456b2aa6ae2,c9517cc7-2d84-4b68-8493-75b61e23f9ea,b1204c78-7dcf-436f-b0df-dbb97ff49934,34984376-bc70-491d-8576-75e5a2e8d961,b,false,1434
090b965a-fdfe-43a0-a101-dc7f4c66470c,699070e1e1874936e60ec84c,d7a2d7fc-b8a8-4209-bced-f6ddc07a4887,064c9ade-7927-48fd-adfe-da9612c93fb2,a1fe6696-bd99-4df4-b84e-651da4740344,b,false,4027
f520f1d3-a1be-47a7-a69d-41f66e84bec8,6a09e5df6dd9e64c5b16cf69,c61427b9-dc32-418f-bb16-4d4ea009349d,4ec65713-c307-4711-8b9e-ed4ddbfb1f85,1c8de671-74f0-4d8f-b66d-bc1330361cfc,a,false,10752
39da3f13-7b06-4bbe-9eb3-fa24b9a9c02c,6a1e51d2eda9dacfc5dea018,c9517cc7-2d84-4b68-8493-75b61e23f9ea,0e1cfb71-8713-49e4-beaf-a80448453cc3,770427d9-c38c-44ae-9832-f5d57f83384f,tie,false,6824
0b3b16d4-55bd-4dee-b715-b4e179a34aca,6980a7096eb2c15732813632,c9517cc7-2d84-4b68-8493-75b61e23f9ea,f70e07d0-fd78-49da-9ab5-b6dcc69c9404,770427d9-c38c-44ae-9832-f5d57f83384f,b,false,2775
0eb32de6-8eda-488b-85d2-3623054d48d8,6a1d8cd6839c0ac04d7bc4cd,58f6757d-6c99-4e7e-ba80-f16c93699661,63457528-beb7-4e65-881e-d64af3de70fb,ff8874d4-c2e4-4de4-82b5-4de2d424d24c,b,false,914
a2d6a4bc-a9b1-4105-abbb-bd171dc85029,69ef19f9aa095d902763dd4c,c9517cc7-2d84-4b68-8493-75b61e23f9ea,b1204c78-7dcf-436f-b0df-dbb97ff49934,b54395bc-87bd-4275-9b53-81f2299c8371,tie,true,1987
9c82d3c6-ec1d-4f92-a77c-53823f0377ee,6699580d4529e69a0ee0b361,c9517cc7-2d84-4b68-8493-75b61e23f9ea,0e1cfb71-8713-49e4-beaf-a80448453cc3,34984376-bc70-491d-8576-75e5a2e8d961,tie,false,6237
0eb32de6-8eda-488b-85d2-3623054d48d8,6a1d8cd6839c0ac04d7bc4cd,d7a2d7fc-b8a8-4209-bced-f6ddc07a4887,0102fdec-31f4-4b1b-95fc-f94bad46b0dd,064c9ade-7927-48fd-adfe-da9612c93fb2,tie,false,613
39da3f13-7b06-4bbe-9eb3-fa24b9a9c02c,6a1e51d2eda9dacfc5dea018,c61427b9-dc32-418f-bb16-4d4ea009349d,4ec65713-c307-4711-8b9e-ed4ddbfb1f85,1c8de671-74f0-4d8f-b66d-bc1330361cfc,a,false,4480
a7e7d4c3-3d6b-4fc8-8439-58c6e0666f05,5b213220809d160001a2c36d,c61427b9-dc32-418f-bb16-4d4ea009349d,5054bf78-6e74-4fcb-8bb2-f1fd492e448e,1c8de671-74f0-4d8f-b66d-bc1330361cfc,a,false,12593
c25df18b-95c1-4756-96da-6bd01d134301,66339218358315fd96806d33,c9517cc7-2d84-4b68-8493-75b61e23f9ea,f70e07d0-fd78-49da-9ab5-b6dcc69c9404,0e1cfb71-8713-49e4-beaf-a80448453cc3,b,false,6112
2988bbd6-ff45-46ed-8d39-b6b63212ad8e,6a02ed5bd6acf52c07ab46fa,3d208f14-067a-419e-ab6a-5d0badf2ba12,8c6fbc55-fe56-488b-beb5-3d4601567f3d,90d0f719-cdca-4fd5-8062-9589e56b49ab,tie,false,3537
f520f1d3-a1be-47a7-a69d-41f66e84bec8,6a09e5df6dd9e64c5b16cf69,3d208f14-067a-419e-ab6a-5d0badf2ba12,8c6fbc55-fe56-488b-beb5-3d4601567f3d,90d0f719-cdca-4fd5-8062-9589e56b49ab,a,false,9957
c25df18b-95c1-4756-96da-6bd01d134301,66339218358315fd96806d33,d7a2d7fc-b8a8-4209-bced-f6ddc07a4887,0102fdec-31f4-4b1b-95fc-f94bad46b0dd,993adc7d-5ff2-4d7b-9966-72935023de4b,a,true,4227
090b965a-fdfe-43a0-a101-dc7f4c66470c,699070e1e1874936e60ec84c,58f6757d-6c99-4e7e-ba80-f16c93699661,ff8874d4-c2e4-4de4-82b5-4de2d424d24c,b247a7f9-a366-4add-9aa1-0a791aab02e9,b,false,6236
0b3b16d4-55bd-4dee-b715-b4e179a34aca,6980a7096eb2c15732813632,58f6757d-6c99-4e7e-ba80-f16c93699661,3fbfeb3a-eb29-49fe-a3ff-130cdf8f2755,4d078bfd-aa33-4d1d-ae28-8031ae9fb660,a,false,4112
0b3b16d4-55bd-4dee-b715-b4e179a34aca,6980a7096eb2c15732813632,d7a2d7fc-b8a8-4209-bced-f6ddc07a4887,0102fdec-31f4-4b1b-95fc-f94bad46b0dd,a1fe6696-bd99-4df4-b84e-651da4740344,b,false,2598
a7e7d4c3-3d6b-4fc8-8439-58c6e0666f05,5b213220809d160001a2c36d,58f6757d-6c99-4e7e-ba80-f16c93699661,3fbfeb3a-eb29-49fe-a3ff-130cdf8f2755,b247a7f9-a366-4add-9aa1-0a791aab02e9,b,false,5419
39da3f13-7b06-4bbe-9eb3-fa24b9a9c02c,6a1e51d2eda9dacfc5dea018,d7a2d7fc-b8a8-4209-bced-f6ddc07a4887,13857f86-818f-4b0a-8576-c919692850b9,12517374-67af-4411-b199-c8477894bebe,a,false,1276
ce10f7a7-cdd1-4fc7-bbe9-b4ef7ae95e8a,6972610c74d08456b2aa6ae2,58f6757d-6c99-4e7e-ba80-f16c93699661,ff8874d4-c2e4-4de4-82b5-4de2d424d24c,4d078bfd-aa33-4d1d-ae28-8031ae9fb660,tie,false,3245
39da3f13-7b06-4bbe-9eb3-fa24b9a9c02c,6a1e51d2eda9dacfc5dea018,58f6757d-6c99-4e7e-ba80-f16c93699661,63457528-beb7-4e65-881e-d64af3de70fb,b247a7f9-a366-4add-9aa1-0a791aab02e9,b,false,2013
c25df18b-95c1-4756-96da-6bd01d134301,66339218358315fd96806d33,58f6757d-6c99-4e7e-ba80-f16c93699661,3fbfeb3a-eb29-49fe-a3ff-130cdf8f2755,4d078bfd-aa33-4d1d-ae28-8031ae9fb660,b,false,3536
090b965a-fdfe-43a0-a101-dc7f4c66470c,699070e1e1874936e60ec84c,c61427b9-dc32-418f-bb16-4d4ea009349d,a1f7c97c-c8c0-41a3-866f-5bdf26b34060,1c8de671-74f0-4d8f-b66d-bc1330361cfc,b,false,4615
c25df18b-95c1-4756-96da-6bd01d134301,66339218358315fd96806d33,58f6757d-6c99-4e7e-ba80-f16c93699661,4d078bfd-aa33-4d1d-ae28-8031ae9fb660,c24cde72-4104-48fb-bb83-e957919b061c,a,true,2641
c25df18b-95c1-4756-96da-6bd01d134301,66339218358315fd96806d33,d7a2d7fc-b8a8-4209-bced-f6ddc07a4887,a1fe6696-bd99-4df4-b84e-651da4740344,12517374-67af-4411-b199-c8477894bebe,a,false,2417
39da3f13-7b06-4bbe-9eb3-fa24b9a9c02c,6a1e51d2eda9dacfc5dea018,3d208f14-067a-419e-ab6a-5d0badf2ba12,8c6fbc55-fe56-488b-beb5-3d4601567f3d,90d0f719-cdca-4fd5-8062-9589e56b49ab,b,false,6310
a2d6a4bc-a9b1-4105-abbb-bd171dc85029,69ef19f9aa095d902763dd4c,c9517cc7-2d84-4b68-8493-75b61e23f9ea,0e1cfb71-8713-49e4-beaf-a80448453cc3,770427d9-c38c-44ae-9832-f5d57f83384f,b,false,23589
9c82d3c6-ec1d-4f92-a77c-53823f0377ee,6699580d4529e69a0ee0b361,c9517cc7-2d84-4b68-8493-75b61e23f9ea,f70e07d0-fd78-49da-9ab5-b6dcc69c9404,0e1cfb71-8713-49e4-beaf-a80448453cc3,b,false,1306
090b965a-fdfe-43a0-a101-dc7f4c66470c,699070e1e1874936e60ec84c,3d208f14-067a-419e-ab6a-5d0badf2ba12,8c6fbc55-fe56-488b-beb5-3d4601567f3d,ab11fcf5-aa12-440f-a35d-1eaa3819942c,b,false,3844
ce10f7a7-cdd1-4fc7-bbe9-b4ef7ae95e8a,6972610c74d08456b2aa6ae2,c61427b9-dc32-418f-bb16-4d4ea009349d,186fc06b-c574-4e89-81a3-381523976432,1c8de671-74f0-4d8f-b66d-bc1330361cfc,b,false,1578
2988bbd6-ff45-46ed-8d39-b6b63212ad8e,6a02ed5bd6acf52c07ab46fa,c9517cc7-2d84-4b68-8493-75b61e23f9ea,f70e07d0-fd78-49da-9ab5-b6dcc69c9404,34984376-bc70-491d-8576-75e5a2e8d961,b,false,15759
96dce4e9-ba10-4c70-b598-5f6e53964e96,56b78f11e77ebe000cbefe79,c61427b9-dc32-418f-bb16-4d4ea009349d,5054bf78-6e74-4fcb-8bb2-f1fd492e448e,a1f7c97c-c8c0-41a3-866f-5bdf26b34060,a,false,4197
0b3b16d4-55bd-4dee-b715-b4e179a34aca,6980a7096eb2c15732813632,3d208f14-067a-419e-ab6a-5d0badf2ba12,8c6fbc55-fe56-488b-beb5-3d4601567f3d,da0fb0ab-9953-4fe6-9612-d6b74c6057b5,b,false,2276
a2d6a4bc-a9b1-4105-abbb-bd171dc85029,69ef19f9aa095d902763dd4c,c61427b9-dc32-418f-bb16-4d4ea009349d,186fc06b-c574-4e89-81a3-381523976432,5054bf78-6e74-4fcb-8bb2-f1fd492e448e,tie,false,3010
96dce4e9-ba10-4c70-b598-5f6e53964e96,56b78f11e77ebe000cbefe79,58f6757d-6c99-4e7e-ba80-f16c93699661,63457528-beb7-4e65-881e-d64af3de70fb,3fbfeb3a-eb29-49fe-a3ff-130cdf8f2755,b,false,3955
ce10f7a7-cdd1-4fc7-bbe9-b4ef7ae95e8a,6972610c74d08456b2aa6ae2,3d208f14-067a-419e-ab6a-5d0badf2ba12,b27390be-fc00-4a47-ae1d-d1fb612e88c0,8c6fbc55-fe56-488b-beb5-3d4601567f3d,b,false,1571
0eb32de6-8eda-488b-85d2-3623054d48d8,6a1d8cd6839c0ac04d7bc4cd,58f6757d-6c99-4e7e-ba80-f16c93699661,ff8874d4-c2e4-4de4-82b5-4de2d424d24c,4d078bfd-aa33-4d1d-ae28-8031ae9fb660,a,false,1691
0b3b16d4-55bd-4dee-b715-b4e179a34aca,6980a7096eb2c15732813632,3d208f14-067a-419e-ab6a-5d0badf2ba12,8c6fbc55-fe56-488b-beb5-3d4601567f3d,90d0f719-cdca-4fd5-8062-9589e56b49ab,a,false,3380
2988bbd6-ff45-46ed-8d39-b6b63212ad8e,6a02ed5bd6acf52c07ab46fa,3d208f14-067a-419e-ab6a-5d0badf2ba12,b27390be-fc00-4a47-ae1d-d1fb612e88c0,90d0f719-cdca-4fd5-8062-9589e56b49ab,b,false,2460
628d36e5-c481-4a4b-9287-eeb6e129605d,5f5bcd84009333376363c9aa,d7a2d7fc-b8a8-4209-bced-f6ddc07a4887,13857f86-818f-4b0a-8576-c919692850b9,064c9ade-7927-48fd-adfe-da9612c93fb2,a,false,7416
0eb32de6-8eda-488b-85d2-3623054d48d8,6a1d8cd6839c0ac04d7bc4cd,c9517cc7-2d84-4b68-8493-75b61e23f9ea,0e1cfb71-8713-49e4-beaf-a80448453cc3,34984376-bc70-491d-8576-75e5a2e8d961,b,false,3451
0eb32de6-8eda-488b-85d2-3623054d48d8,6a1d8cd6839c0ac04d7bc4cd,58f6757d-6c99-4e7e-ba80-f16c93699661,4d078bfd-aa33-4d1d-ae28-8031ae9fb660,c24cde72-4104-48fb-bb83-e957919b061c,a,true,1373
0b3b16d4-55bd-4dee-b715-b4e179a34aca,6980a7096eb2c15732813632,c61427b9-dc32-418f-bb16-4d4ea009349d,186fc06b-c574-4e89-81a3-381523976432,4ec65713-c307-4711-8b9e-ed4ddbfb1f85,b,false,1476
a7e7d4c3-3d6b-4fc8-8439-58c6e0666f05,5b213220809d160001a2c36d,c9517cc7-2d84-4b68-8493-75b61e23f9ea,f70e07d0-fd78-49da-9ab5-b6dcc69c9404,770427d9-c38c-44ae-9832-f5d57f83384f,b,false,2603
2988bbd6-ff45-46ed-8d39-b6b63212ad8e,6a02ed5bd6acf52c07ab46fa,c61427b9-dc32-418f-bb16-4d4ea009349d,186fc06b-c574-4e89-81a3-381523976432,a1f7c97c-c8c0-41a3-866f-5bdf26b34060,tie,false,2055
0eb32de6-8eda-488b-85d2-3623054d48d8,6a1d8cd6839c0ac04d7bc4cd,58f6757d-6c99-4e7e-ba80-f16c93699661,3fbfeb3a-eb29-49fe-a3ff-130cdf8f2755,ff8874d4-c2e4-4de4-82b5-4de2d424d24c,b,false,2416
0eb32de6-8eda-488b-85d2-3623054d48d8,6a1d8cd6839c0ac04d7bc4cd,3d208f14-067a-419e-ab6a-5d0badf2ba12,90d0f719-cdca-4fd5-8062-9589e56b49ab,ab11fcf5-aa12-440f-a35d-1eaa3819942c,b,false,1606
2988bbd6-ff45-46ed-8d39-b6b63212ad8e,6a02ed5bd6acf52c07ab46fa,c61427b9-dc32-418f-bb16-4d4ea009349d,4ec65713-c307-4711-8b9e-ed4ddbfb1f85,5054bf78-6e74-4fcb-8bb2-f1fd492e448e,tie,false,4432
f520f1d3-a1be-47a7-a69d-41f66e84bec8,6a09e5df6dd9e64c5b16cf69,c9517cc7-2d84-4b68-8493-75b61e23f9ea,b1204c78-7dcf-436f-b0df-dbb97ff49934,f70e07d0-fd78-49da-9ab5-b6dcc69c9404,b,false,6539
8a9d49bb-ca5f-48e1-9b47-19bbb2248c60,66a641b50cc3558ad9b5448e,c61427b9-dc32-418f-bb16-4d4ea009349d,4ec65713-c307-4711-8b9e-ed4ddbfb1f85,5054bf78-6e74-4fcb-8bb2-f1fd492e448e,b,false,37427
628d36e5-c481-4a4b-9287-eeb6e129605d,5f5bcd84009333376363c9aa,d7a2d7fc-b8a8-4209-bced-f6ddc07a4887,13857f86-818f-4b0a-8576-c919692850b9,a1fe6696-bd99-4df4-b84e-651da4740344,b,false,7331
0eb32de6-8eda-488b-85d2-3623054d48d8,6a1d8cd6839c0ac04d7bc4cd,58f6757d-6c99-4e7e-ba80-f16c93699661,3fbfeb3a-eb29-49fe-a3ff-130cdf8f2755,4d078bfd-aa33-4d1d-ae28-8031ae9fb660,b,false,7211
ce10f7a7-cdd1-4fc7-bbe9-b4ef7ae95e8a,6972610c74d08456b2aa6ae2,c9517cc7-2d84-4b68-8493-75b61e23f9ea,b1204c78-7dcf-436f-b0df-dbb97ff49934,770427d9-c38c-44ae-9832-f5d57f83384f,b,false,1964
0eb32de6-8eda-488b-85d2-3623054d48d8,6a1d8cd6839c0ac04d7bc4cd,3d208f14-067a-419e-ab6a-5d0badf2ba12,b27390be-fc00-4a47-ae1d-d1fb612e88c0,ab11fcf5-aa12-440f-a35d-1eaa3819942c,b,false,1052
ce10f7a7-cdd1-4fc7-bbe9-b4ef7ae95e8a,6972610c74d08456b2aa6ae2,c9517cc7-2d84-4b68-8493-75b61e23f9ea,f70e07d0-fd78-49da-9ab5-b6dcc69c9404,34984376-bc70-491d-8576-75e5a2e8d961,b,false,2010
0eb32de6-8eda-488b-85d2-3623054d48d8,6a1d8cd6839c0ac04d7bc4cd,c61427b9-dc32-418f-bb16-4d4ea009349d,186fc06b-c574-4e89-81a3-381523976432,5054bf78-6e74-4fcb-8bb2-f1fd492e448e,tie,false,1801
ce10f7a7-cdd1-4fc7-bbe9-b4ef7ae95e8a,6972610c74d08456b2aa6ae2,3d208f14-067a-419e-ab6a-5d0badf2ba12,da0fb0ab-9953-4fe6-9612-d6b74c6057b5,90d0f719-cdca-4fd5-8062-9589e56b49ab,a,false,2613
96dce4e9-ba10-4c70-b598-5f6e53964e96,56b78f11e77ebe000cbefe79,c9517cc7-2d84-4b68-8493-75b61e23f9ea,770427d9-c38c-44ae-9832-f5d57f83384f,34984376-bc70-491d-8576-75e5a2e8d961,a,false,33829
39da3f13-7b06-4bbe-9eb3-fa24b9a9c02c,6a1e51d2eda9dacfc5dea018,58f6757d-6c99-4e7e-ba80-f16c93699661,3fbfeb3a-eb29-49fe-a3ff-130cdf8f2755,b247a7f9-a366-4add-9aa1-0a791aab02e9,b,false,2200
9c82d3c6-ec1d-4f92-a77c-53823f0377ee,6699580d4529e69a0ee0b361,c61427b9-dc32-418f-bb16-4d4ea009349d,5054bf78-6e74-4fcb-8bb2-f1fd492e448e,1c8de671-74f0-4d8f-b66d-bc1330361cfc,a,false,2948
0eb32de6-8eda-488b-85d2-3623054d48d8,6a1d8cd6839c0ac04d7bc4cd,c9517cc7-2d84-4b68-8493-75b61e23f9ea,b1204c78-7dcf-436f-b0df-dbb97ff49934,34984376-bc70-491d-8576-75e5a2e8d961,b,false,3280
9c82d3c6-ec1d-4f92-a77c-53823f0377ee,6699580d4529e69a0ee0b361,d7a2d7fc-b8a8-4209-bced-f6ddc07a4887,0102fdec-31f4-4b1b-95fc-f94bad46b0dd,064c9ade-7927-48fd-adfe-da9612c93fb2,tie,false,1874
39da3f13-7b06-4bbe-9eb3-fa24b9a9c02c,6a1e51d2eda9dacfc5dea018,c9517cc7-2d84-4b68-8493-75b61e23f9ea,b1204c78-7dcf-436f-b0df-dbb97ff49934,0e1cfb71-8713-49e4-beaf-a80448453cc3,b,false,1126
628d36e5-c481-4a4b-9287-eeb6e129605d,5f5bcd84009333376363c9aa,d7a2d7fc-b8a8-4209-bced-f6ddc07a4887,064c9ade-7927-48fd-adfe-da9612c93fb2,a1fe6696-bd99-4df4-b84e-651da4740344,b,false,3284
c25df18b-95c1-4756-96da-6bd01d134301,66339218358315fd96806d33,c61427b9-dc32-418f-bb16-4d4ea009349d,4ec65713-c307-4711-8b9e-ed4ddbfb1f85,1c8de671-74f0-4d8f-b66d-bc1330361cfc,a,false,4268
0eb32de6-8eda-488b-85d2-3623054d48d8,6a1d8cd6839c0ac04d7bc4cd,d7a2d7fc-b8a8-4209-bced-f6ddc07a4887,0102fdec-31f4-4b1b-95fc-f94bad46b0dd,993adc7d-5ff2-4d7b-9966-72935023de4b,a,true,2744
9c82d3c6-ec1d-4f92-a77c-53823f0377ee,6699580d4529e69a0ee0b361,d7a2d7fc-b8a8-4209-bced-f6ddc07a4887,0102fdec-31f4-4b1b-95fc-f94bad46b0dd,993adc7d-5ff2-4d7b-9966-72935023de4b,a,true,698
9c82d3c6-ec1d-4f92-a77c-53823f0377ee,6699580d4529e69a0ee0b361,58f6757d-6c99-4e7e-ba80-f16c93699661,63457528-beb7-4e65-881e-d64af3de70fb,3fbfeb3a-eb29-49fe-a3ff-130cdf8f2755,b,false,1244
ce10f7a7-cdd1-4fc7-bbe9-b4ef7ae95e8a,6972610c74d08456b2aa6ae2,c61427b9-dc32-418f-bb16-4d4ea009349d,4ec65713-c307-4711-8b9e-ed4ddbfb1f85,22f5cca3-0fbd-4e82-8ad8-d7dee4cae6a2,a,true,2224
2988bbd6-ff45-46ed-8d39-b6b63212ad8e,6a02ed5bd6acf52c07ab46fa,3d208f14-067a-419e-ab6a-5d0badf2ba12,da0fb0ab-9953-4fe6-9612-d6b74c6057b5,90d0f719-cdca-4fd5-8062-9589e56b49ab,b,false,7187
9c82d3c6-ec1d-4f92-a77c-53823f0377ee,6699580d4529e69a0ee0b361,c61427b9-dc32-418f-bb16-4d4ea009349d,186fc06b-c574-4e89-81a3-381523976432,5054bf78-6e74-4fcb-8bb2-f1fd492e448e,b,false,1023
a7e7d4c3-3d6b-4fc8-8439-58c6e0666f05,5b213220809d160001a2c36d,3d208f14-067a-419e-ab6a-5d0badf2ba12,ab11fcf5-aa12-440f-a35d-1eaa3819942c,fe79ec6c-8646-43cb-bfcb-a91a6bf5afa0,a,true,2843
0b3b16d4-55bd-4dee-b715-b4e179a34aca,6980a7096eb2c15732813632,3d208f14-067a-419e-ab6a-5d0badf2ba12,b27390be-fc00-4a47-ae1d-d1fb612e88c0,ab11fcf5-aa12-440f-a35d-1eaa3819942c,b,false,1190
090b965a-fdfe-43a0-a101-dc7f4c66470c,699070e1e1874936e60ec84c,c61427b9-dc32-418f-bb16-4d4ea009349d,5054bf78-6e74-4fcb-8bb2-f1fd492e448e,1c8de671-74f0-4d8f-b66d-bc1330361cfc,a,false,6908
ce10f7a7-cdd1-4fc7-bbe9-b4ef7ae95e8a,6972610c74d08456b2aa6ae2,c9517cc7-2d84-4b68-8493-75b61e23f9ea,b1204c78-7dcf-436f-b0df-dbb97ff49934,f70e07d0-fd78-49da-9ab5-b6dcc69c9404,b,false,2601
628d36e5-c481-4a4b-9287-eeb6e129605d,5f5bcd84009333376363c9aa,58f6757d-6c99-4e7e-ba80-f16c93699661,63457528-beb7-4e65-881e-d64af3de70fb,4d078bfd-aa33-4d1d-ae28-8031ae9fb660,b,false,3863
9c82d3c6-ec1d-4f92-a77c-53823f0377ee,6699580d4529e69a0ee0b361,d7a2d7fc-b8a8-4209-bced-f6ddc07a4887,a1fe6696-bd99-4df4-b84e-651da4740344,12517374-67af-4411-b199-c8477894bebe,a,false,1169
96dce4e9-ba10-4c70-b598-5f6e53964e96,56b78f11e77ebe000cbefe79,3d208f14-067a-419e-ab6a-5d0badf2ba12,b27390be-fc00-4a47-ae1d-d1fb612e88c0,ab11fcf5-aa12-440f-a35d-1eaa3819942c,b,false,4462
0b3b16d4-55bd-4dee-b715-b4e179a34aca,6980a7096eb2c15732813632,d7a2d7fc-b8a8-4209-bced-f6ddc07a4887,064c9ade-7927-48fd-adfe-da9612c93fb2,a1fe6696-bd99-4df4-b84e-651da4740344,b,false,3151
c25df18b-95c1-4756-96da-6bd01d134301,66339218358315fd96806d33,58f6757d-6c99-4e7e-ba80-f16c93699661,3fbfeb3a-eb29-49fe-a3ff-130cdf8f2755,ff8874d4-c2e4-4de4-82b5-4de2d424d24c,b,false,3191
a7e7d4c3-3d6b-4fc8-8439-58c6e0666f05,5b213220809d160001a2c36d,58f6757d-6c99-4e7e-ba80-f16c93699661,ff8874d4-c2e4-4de4-82b5-4de2d424d24c,b247a7f9-a366-4add-9aa1-0a791aab02e9,b,false,3892
9c82d3c6-ec1d-4f92-a77c-53823f0377ee,6699580d4529e69a0ee0b361,c61427b9-dc32-418f-bb16-4d4ea009349d,5054bf78-6e74-4fcb-8bb2-f1fd492e448e,a1f7c97c-c8c0-41a3-866f-5bdf26b34060,a,false,1028
ce10f7a7-cdd1-4fc7-bbe9-b4ef7ae95e8a,6972610c74d08456b2aa6ae2,c9517cc7-2d84-4b68-8493-75b61e23f9ea,f70e07d0-fd78-49da-9ab5-b6dcc69c9404,0e1cfb71-8713-49e4-beaf-a80448453cc3,b,false,2535
30e162e5-8104-4f27-86e1-b2a5d2b03398,697ceaa6ba4604b428e4e69d,c61427b9-dc32-418f-bb16-4d4ea009349d,a1f7c97c-c8c0-41a3-866f-5bdf26b34060,1c8de671-74f0-4d8f-b66d-bc1330361cfc,b,false,13195
9c82d3c6-ec1d-4f92-a77c-53823f0377ee,6699580d4529e69a0ee0b361,58f6757d-6c99-4e7e-ba80-f16c93699661,63457528-beb7-4e65-881e-d64af3de70fb,4d078bfd-aa33-4d1d-ae28-8031ae9fb660,b,false,1455
c25df18b-95c1-4756-96da-6bd01d134301,66339218358315fd96806d33,c61427b9-dc32-418f-bb16-4d4ea009349d,5054bf78-6e74-4fcb-8bb2-f1fd492e448e,1c8de671-74f0-4d8f-b66d-bc1330361cfc,a,false,2555
39da3f13-7b06-4bbe-9eb3-fa24b9a9c02c,6a1e51d2eda9dacfc5dea018,d7a2d7fc-b8a8-4209-bced-f6ddc07a4887,0102fdec-31f4-4b1b-95fc-f94bad46b0dd,064c9ade-7927-48fd-adfe-da9612c93fb2,tie,false,8307
a2d6a4bc-a9b1-4105-abbb-bd171dc85029,69ef19f9aa095d902763dd4c,58f6757d-6c99-4e7e-ba80-f16c93699661,3fbfeb3a-eb29-49fe-a3ff-130cdf8f2755,b247a7f9-a366-4add-9aa1-0a791aab02e9,b,false,9925
f520f1d3-a1be-47a7-a69d-41f66e84bec8,6a09e5df6dd9e64c5b16cf69,d7a2d7fc-b8a8-4209-bced-f6ddc07a4887,0102fdec-31f4-4b1b-95fc-f94bad46b0dd,13857f86-818f-4b0a-8576-c919692850b9,a,false,10892
090b965a-fdfe-43a0-a101-dc7f4c66470c,699070e1e1874936e60ec84c,d7a2d7fc-b8a8-4209-bced-f6ddc07a4887,0102fdec-31f4-4b1b-95fc-f94bad46b0dd,13857f86-818f-4b0a-8576-c919692850b9,b,false,5297
9c82d3c6-ec1d-4f92-a77c-53823f0377ee,6699580d4529e69a0ee0b361,3d208f14-067a-419e-ab6a-5d0badf2ba12,b27390be-fc00-4a47-ae1d-d1fb612e88c0,90d0f719-cdca-4fd5-8062-9589e56b49ab,b,false,730
0eb32de6-8eda-488b-85d2-3623054d48d8,6a1d8cd6839c0ac04d7bc4cd,3d208f14-067a-419e-ab6a-5d0badf2ba12,8c6fbc55-fe56-488b-beb5-3d4601567f3d,da0fb0ab-9953-4fe6-9612-d6b74c6057b5,tie,false,6476
a7e7d4c3-3d6b-4fc8-8439-58c6e0666f05,5b213220809d160001a2c36d,d7a2d7fc-b8a8-4209-bced-f6ddc07a4887,0102fdec-31f4-4b1b-95fc-f94bad46b0dd,064c9ade-7927-48fd-adfe-da9612c93fb2,tie,false,3405
0b3b16d4-55bd-4dee-b715-b4e179a34aca,6980a7096eb2c15732813632,d7a2d7fc-b8a8-4209-bced-f6ddc07a4887,064c9ade-7927-48fd-adfe-da9612c93fb2,12517374-67af-4411-b199-c8477894bebe,a,false,4717
9c82d3c6-ec1d-4f92-a77c-53823f0377ee,6699580d4529e69a0ee0b361,58f6757d-6c99-4e7e-ba80-f16c93699661,63457528-beb7-4e65-881e-d64af3de70fb,ff8874d4-c2e4-4de4-82b5-4de2d424d24c,b,false,1067
ce10f7a7-cdd1-4fc7-bbe9-b4ef7ae95e8a,6972610c74d08456b2aa6ae2,c9517cc7-2d84-4b68-8493-75b61e23f9ea,f70e07d0-fd78-49da-9ab5-b6dcc69c9404,770427d9-c38c-44ae-9832-f5d57f83384f,b,false,3775
39da3f13-7b06-4bbe-9eb3-fa24b9a9c02c,6a1e51d2eda9dacfc5dea018,3d208f14-067a-419e-ab6a-5d0badf2ba12,8c6fbc55-fe56-488b-beb5-3d4601567f3d,da0fb0ab-9953-4fe6-9612-d6b74c6057b5,b,false,2168
628d36e5-c481-4a4b-9287-eeb6e129605d,5f5bcd84009333376363c9aa,c9517cc7-2d84-4b68-8493-75b61e23f9ea,b1204c78-7dcf-436f-b0df-dbb97ff49934,34984376-bc70-491d-8576-75e5a2e8d961,b,false,6756
9c82d3c6-ec1d-4f92-a77c-53823f0377ee,6699580d4529e69a0ee0b361,d7a2d7fc-b8a8-4209-bced-f6ddc07a4887,0102fdec-31f4-4b1b-95fc-f94bad46b0dd,a1fe6696-bd99-4df4-b84e-651da4740344,b,false,932
a2d6a4bc-a9b1-4105-abbb-bd171dc85029,69ef19f9aa095d902763dd4c,58f6757d-6c99-4e7e-ba80-f16c93699661,63457528-beb7-4e65-881e-d64af3de70fb,b247a7f9-a366-4add-9aa1-0a791aab02e9,b,false,2761
96dce4e9-ba10-4c70-b598-5f6e53964e96,56b78f11e77ebe000cbefe79,c9517cc7-2d84-4b68-8493-75b61e23f9ea,f70e07d0-fd78-49da-9ab5-b6dcc69c9404,770427d9-c38c-44ae-9832-f5d57f83384f,b,false,6831
30e162e5-8104-4f27-86e1-b2a5d2b03398,697ceaa6ba4604b428e4e69d,c61427b9-dc32-418f-bb16-4d4ea009349d,186fc06b-c574-4e89-81a3-381523976432,a1f7c97c-c8c0-41a3-866f-5bdf26b34060,b,false,4864
c25df18b-95c1-4756-96da-6bd01d134301,66339218358315fd96806d33,c9517cc7-2d84-4b68-8493-75b61e23f9ea,b1204c78-7dcf-436f-b0df-dbb97ff49934,b54395bc-87bd-4275-9b53-81f2299c8371,tie,true,3261
5451cd94-3615-4e7b-8dd8-33de6471e36b,5d8e154af2858200171fdb95,58f6757d-6c99-4e7e-ba80-f16c93699661,63457528-beb7-4e65-881e-d64af3de70fb,3fbfeb3a-eb29-49fe-a3ff-130cdf8f2755,b,false,4288
39da3f13-7b06-4bbe-9eb3-fa24b9a9c02c,6a1e51d2eda9dacfc5dea018,c9517cc7-2d84-4b68-8493-75b61e23f9ea,0e1cfb71-8713-49e4-beaf-a80448453cc3,34984376-bc70-491d-8576-75e5a2e8d961,tie,false,3694
9c82d3c6-ec1d-4f92-a77c-53823f0377ee,6699580d4529e69a0ee0b361,d7a2d7fc-b8a8-4209-bced-f6ddc07a4887,13857f86-818f-4b0a-8576-c919692850b9,064c9ade-7927-48fd-adfe-da9612c93fb2,a,false,1333
f520f1d3-a1be-47a7-a69d-41f66e84bec8,6a09e5df6dd9e64c5b16cf69,c9517cc7-2d84-4b68-8493-75b61e23f9ea,0e1cfb71-8713-49e4-beaf-a80448453cc3,770427d9-c38c-44ae-9832-f5d57f83384f,b,false,9245
a7e7d4c3-3d6b-4fc8-8439-58c6e0666f05,5b213220809d160001a2c36d,c9517cc7-2d84-4b68-8493-75b61e23f9ea,b1204c78-7dcf-436f-b0df-dbb97ff49934,0e1cfb71-8713-49e4-beaf-a80448453cc3,b,false,1464
a2d6a4bc-a9b1-4105-abbb-bd171dc85029,69ef19f9aa095d902763dd4c,d7a2d7fc-b8a8-4209-bced-f6ddc07a4887,0102fdec-31f4-4b1b-95fc-f94bad46b0dd,13857f86-818f-4b0a-8576-c919692850b9,b,false,2613
0eb32de6-8eda-488b-85d2-3623054d48d8,6a1d8cd6839c0ac04d7bc4cd,58f6757d-6c99-4e7e-ba80-f16c93699661,ff8874d4-c2e4-4de4-82b5-4de2d424d24c,b247a7f9-a366-4add-9aa1-0a791aab02e9,b,false,5802
be23564a-3f13-4938-a3b3-018ff112bcbc,5e7b6486b704ac034e3f01c8,d7a2d7fc-b8a8-4209-bced-f6ddc07a4887,0102fdec-31f4-4b1b-95fc-f94bad46b0dd,993adc7d-5ff2-4d7b-9966-72935023de4b,a,true,3103
9c82d3c6-ec1d-4f92-a77c-53823f0377ee,6699580d4529e69a0ee0b361,c61427b9-dc32-418f-bb16-4d4ea009349d,4ec65713-c307-4711-8b9e-ed4ddbfb1f85,5054bf78-6e74-4fcb-8bb2-f1fd492e448e,tie,false,1361
0eb32de6-8eda-488b-85d2-3623054d48d8,6a1d8cd6839c0ac04d7bc4cd,c61427b9-dc32-418f-bb16-4d4ea009349d,5054bf78-6e74-4fcb-8bb2-f1fd492e448e,a1f7c97c-c8c0-41a3-866f-5bdf26b34060,a,false,1998
a2d6a4bc-a9b1-4105-abbb-bd171dc85029,69ef19f9aa095d902763dd4c,58f6757d-6c99-4e7e-ba80-f16c93699661,63457528-beb7-4e65-881e-d64af3de70fb,3fbfeb3a-eb29-49fe-a3ff-130cdf8f2755,b,false,6096
0eb32de6-8eda-488b-85d2-3623054d48d8,6a1d8cd6839c0ac04d7bc4cd,58f6757d-6c99-4e7e-ba80-f16c93699661,3fbfeb3a-eb29-49fe-a3ff-130cdf8f2755,b247a7f9-a366-4add-9aa1-0a791aab02e9,b,false,1327
ce10f7a7-cdd1-4fc7-bbe9-b4ef7ae95e8a,6972610c74d08456b2aa6ae2,c61427b9-dc32-418f-bb16-4d4ea009349d,186fc06b-c574-4e89-81a3-381523976432,a1f7c97c-c8c0-41a3-866f-5bdf26b34060,b,false,1261
8a9d49bb-ca5f-48e1-9b47-19bbb2248c60,66a641b50cc3558ad9b5448e,d7a2d7fc-b8a8-4209-bced-f6ddc07a4887,13857f86-818f-4b0a-8576-c919692850b9,12517374-67af-4411-b199-c8477894bebe,a,false,38065
39da3f13-7b06-4bbe-9eb3-fa24b9a9c02c,6a1e51d2eda9dacfc5dea018,d7a2d7fc-b8a8-4209-bced-f6ddc07a4887,0102fdec-31f4-4b1b-95fc-f94bad46b0dd,12517374-67af-4411-b199-c8477894bebe,tie,false,4038
c25df18b-95c1-4756-96da-6bd01d134301,66339218358315fd96806d33,c9517cc7-2d84-4b68-8493-75b61e23f9ea,b1204c78-7dcf-436f-b0df-dbb97ff49934,34984376-bc70-491d-8576-75e5a2e8d961,b,false,1496
30e162e5-8104-4f27-86e1-b2a5d2b03398,697ceaa6ba4604b428e4e69d,d7a2d7fc-b8a8-4209-bced-f6ddc07a4887,0102fdec-31f4-4b1b-95fc-f94bad46b0dd,064c9ade-7927-48fd-adfe-da9612c93fb2,b,false,21849
5451cd94-3615-4e7b-8dd8-33de6471e36b,5d8e154af2858200171fdb95,c61427b9-dc32-418f-bb16-4d4ea009349d,4ec65713-c307-4711-8b9e-ed4ddbfb1f85,a1f7c97c-c8c0-41a3-866f-5bdf26b34060,a,false,1986
39da3f13-7b06-4bbe-9eb3-fa24b9a9c02c,6a1e51d2eda9dacfc5dea018,3d208f14-067a-419e-ab6a-5d0badf2ba12,ab11fcf5-aa12-440f-a35d-1eaa3819942c,fe79ec6c-8646-43cb-bfcb-a91a6bf5afa0,a,true,1554
c25df18b-95c1-4756-96da-6bd01d134301,66339218358315fd96806d33,d7a2d7fc-b8a8-4209-bced-f6ddc07a4887,064c9ade-7927-48fd-adfe-da9612c93fb2,12517374-67af-4411-b199-c8477894bebe,a,false,3477
f520f1d3-a1be-47a7-a69d-41f66e84bec8,6a09e5df6dd9e64c5b16cf69,d7a2d7fc-b8a8-4209-bced-f6ddc07a4887,0102fdec-31f4-4b1b-95fc-f94bad46b0dd,a1fe6696-bd99-4df4-b84e-651da4740344,b,false,12382
a2d6a4bc-a9b1-4105-abbb-bd171dc85029,69ef19f9aa095d902763dd4c,c61427b9-dc32-418f-bb16-4d4ea009349d,a1f7c97c-c8c0-41a3-866f-5bdf26b34060,1c8de671-74f0-4d8f-b66d-bc1330361cfc,tie,false,2193
a7e7d4c3-3d6b-4fc8-8439-58c6e0666f05,5b213220809d160001a2c36d,c61427b9-dc32-418f-bb16-4d4ea009349d,5054bf78-6e74-4fcb-8bb2-f1fd492e448e,a1f7c97c-c8c0-41a3-866f-5bdf26b34060,tie,false,3476
be23564a-3f13-4938-a3b3-018ff112bcbc,5e7b6486b704ac034e3f01c8,58f6757d-6c99-4e7e-ba80-f16c93699661,3fbfeb3a-eb29-49fe-a3ff-130cdf8f2755,ff8874d4-c2e4-4de4-82b5-4de2d424d24c,b,false,2963
5451cd94-3615-4e7b-8dd8-33de6471e36b,5d8e154af2858200171fdb95,c61427b9-dc32-418f-bb16-4d4ea009349d,5054bf78-6e74-4fcb-8bb2-f1fd492e448e,a1f7c97c-c8c0-41a3-866f-5bdf26b34060,tie,false,1643
c25df18b-95c1-4756-96da-6bd01d134301,66339218358315fd96806d33,58f6757d-6c99-4e7e-ba80-f16c93699661,63457528-beb7-4e65-881e-d64af3de70fb,b247a7f9-a366-4add-9aa1-0a791aab02e9,b,false,1126
f520f1d3-a1be-47a7-a69d-41f66e84bec8,6a09e5df6dd9e64c5b16cf69,58f6757d-6c99-4e7e-ba80-f16c93699661,63457528-beb7-4e65-881e-d64af3de70fb,3fbfeb3a-eb29-49fe-a3ff-130cdf8f2755,b,false,9228
96dce4e9-ba10-4c70-b598-5f6e53964e96,56b78f11e77ebe000cbefe79,d7a2d7fc-b8a8-4209-bced-f6ddc07a4887,0102fdec-31f4-4b1b-95fc-f94bad46b0dd,a1fe6696-bd99-4df4-b84e-651da4740344,b,false,2877
5451cd94-3615-4e7b-8dd8-33de6471e36b,5d8e154af2858200171fdb95,c9517cc7-2d84-4b68-8493-75b61e23f9ea,b1204c78-7dcf-436f-b0df-dbb97ff49934,0e1cfb71-8713-49e4-beaf-a80448453cc3,b,false,2172
0eb32de6-8eda-488b-85d2-3623054d48d8,6a1d8cd6839c0ac04d7bc4cd,c9517cc7-2d84-4b68-8493-75b61e23f9ea,770427d9-c38c-44ae-9832-f5d57f83384f,34984376-bc70-491d-8576-75e5a2e8d961,b,false,2612
090b965a-fdfe-43a0-a101-dc7f4c66470c,699070e1e1874936e60ec84c,c9517cc7-2d84-4b68-8493-75b61e23f9ea,b1204c78-7dcf-436f-b0df-dbb97ff49934,770427d9-c38c-44ae-9832-f5d57f83384f,b,false,3680
a2d6a4bc-a9b1-4105-abbb-bd171dc85029,69ef19f9aa095d902763dd4c,d7a2d7fc-b8a8-4209-bced-f6ddc07a4887,0102fdec-31f4-4b1b-95fc-f94bad46b0dd,12517374-67af-4411-b199-c8477894bebe,tie,false,4189
a7e7d4c3-3d6b-4fc8-8439-58c6e0666f05,5b213220809d160001a2c36d,c9517cc7-2d84-4b68-8493-75b61e23f9ea,b1204c78-7dcf-436f-b0df-dbb97ff49934,770427d9-c38c-44ae-9832-f5d57f83384f,b,false,2567
9c82d3c6-ec1d-4f92-a77c-53823f0377ee,6699580d4529e69a0ee0b361,c61427b9-dc32-418f-bb16-4d4ea009349d,186fc06b-c574-4e89-81a3-381523976432,1c8de671-74f0-4d8f-b66d-bc1330361cfc,tie,false,1138
39da3f13-7b06-4bbe-9eb3-fa24b9a9c02c,6a1e51d2eda9dacfc5dea018,c61427b9-dc32-418f-bb16-4d4ea009349d,5054bf78-6e74-4fcb-8bb2-f1fd492e448e,1c8de671-74f0-4d8f-b66d-bc1330361cfc,a,false,1640
ce10f7a7-cdd1-4fc7-bbe9-b4ef7ae95e8a,6972610c74d08456b2aa6ae2,c9517cc7-2d84-4b68-8493-75b61e23f9ea,b1204c78-7dcf-436f-b0df-dbb97ff49934,0e1cfb71-8713-49e4-beaf-a80448453cc3,b,false,2133
0b3b16d4-55bd-4dee-b715-b4e179a34aca,6980a7096eb2c15732813632,c61427b9-dc32-418f-bb16-4d4ea009349d,186fc06b-c574-4e89-81a3-381523976432,a1f7c97c-c8c0-41a3-866f-5bdf26b34060,tie,false,1931
0eb32de6-8eda-488b-85d2-3623054d48d8,6a1d8cd6839c0ac04d7bc4cd,58f6757d-6c99-4e7e-ba80-f16c93699661,63457528-beb7-4e65-881e-d64af3de70fb,b247a7f9-a366-4add-9aa1-0a791aab02e9,b,false,1775
0b3b16d4-55bd-4dee-b715-b4e179a34aca,6980a7096eb2c15732813632,3d208f14-067a-419e-ab6a-5d0badf2ba12,b27390be-fc00-4a47-ae1d-d1fb612e88c0,90d0f719-cdca-4fd5-8062-9589e56b49ab,tie,false,2788
be23564a-3f13-4938-a3b3-018ff112bcbc,5e7b6486b704ac034e3f01c8,c9517cc7-2d84-4b68-8493-75b61e23f9ea,b1204c78-7dcf-436f-b0df-dbb97ff49934,34984376-bc70-491d-8576-75e5a2e8d961,b,false,2165
a7e7d4c3-3d6b-4fc8-8439-58c6e0666f05,5b213220809d160001a2c36d,c61427b9-dc32-418f-bb16-4d4ea009349d,186fc06b-c574-4e89-81a3-381523976432,4ec65713-c307-4711-8b9e-ed4ddbfb1f85,b,false,7243
c25df18b-95c1-4756-96da-6bd01d134301,66339218358315fd96806d33,58f6757d-6c99-4e7e-ba80-f16c93699661,ff8874d4-c2e4-4de4-82b5-4de2d424d24c,4d078bfd-aa33-4d1d-ae28-8031ae9fb660,b,false,5879
be23564a-3f13-4938-a3b3-018ff112bcbc,5e7b6486b704ac034e3f01c8,c61427b9-dc32-418f-bb16-4d4ea009349d,4ec65713-c307-4711-8b9e-ed4ddbfb1f85,22f5cca3-0fbd-4e82-8ad8-d7dee4cae6a2,a,true,3711
a7e7d4c3-3d6b-4fc8-8439-58c6e0666f05,5b213220809d160001a2c36d,58f6757d-6c99-4e7e-ba80-f16c93699661,4d078bfd-aa33-4d1d-ae28-8031ae9fb660,c24cde72-4104-48fb-bb83-e957919b061c,a,true,4009
0eb32de6-8eda-488b-85d2-3623054d48d8,6a1d8cd6839c0ac04d7bc4cd,d7a2d7fc-b8a8-4209-bced-f6ddc07a4887,13857f86-818f-4b0a-8576-c919692850b9,12517374-67af-4411-b199-c8477894bebe,a,false,2193
a2d6a4bc-a9b1-4105-abbb-bd171dc85029,69ef19f9aa095d902763dd4c,d7a2d7fc-b8a8-4209-bced-f6ddc07a4887,064c9ade-7927-48fd-adfe-da9612c93fb2,12517374-67af-4411-b199-c8477894bebe,tie,false,2577
090b965a-fdfe-43a0-a101-dc7f4c66470c,699070e1e1874936e60ec84c,d7a2d7fc-b8a8-4209-bced-f6ddc07a4887,0102fdec-31f4-4b1b-95fc-f94bad46b0dd,a1fe6696-bd99-4df4-b84e-651da4740344,b,false,2759
5451cd94-3615-4e7b-8dd8-33de6471e36b,5d8e154af2858200171fdb95,3d208f14-067a-419e-ab6a-5d0badf2ba12,8c6fbc55-fe56-488b-beb5-3d4601567f3d,90d0f719-cdca-4fd5-8062-9589e56b49ab,a,false,3772
a2d6a4bc-a9b1-4105-abbb-bd171dc85029,69ef19f9aa095d902763dd4c,58f6757d-6c99-4e7e-ba80-f16c93699661,63457528-beb7-4e65-881e-d64af3de70fb,4d078bfd-aa33-4d1d-ae28-8031ae9fb660,tie,false,2299
628d36e5-c481-4a4b-9287-eeb6e129605d,5f5bcd84009333376363c9aa,3d208f14-067a-419e-ab6a-5d0badf2ba12,b27390be-fc00-4a47-ae1d-d1fb612e88c0,ab11fcf5-aa12-440f-a35d-1eaa3819942c,b,false,5511
be23564a-3f13-4938-a3b3-018ff112bcbc,5e7b6486b704ac034e3f01c8,d7a2d7fc-b8a8-4209-bced-f6ddc07a4887,13857f86-818f-4b0a-8576-c919692850b9,a1fe6696-bd99-4df4-b84e-651da4740344,b,false,8965
5451cd94-3615-4e7b-8dd8-33de6471e36b,5d8e154af2858200171fdb95,d7a2d7fc-b8a8-4209-bced-f6ddc07a4887,a1fe6696-bd99-4df4-b84e-651da4740344,12517374-67af-4411-b199-c8477894bebe,a,false,2231
39da3f13-7b06-4bbe-9eb3-fa24b9a9c02c,6a1e51d2eda9dacfc5dea018,c9517cc7-2d84-4b68-8493-75b61e23f9ea,f70e07d0-fd78-49da-9ab5-b6dcc69c9404,0e1cfb71-8713-49e4-beaf-a80448453cc3,b,false,5431
ce10f7a7-cdd1-4fc7-bbe9-b4ef7ae95e8a,6972610c74d08456b2aa6ae2,58f6757d-6c99-4e7e-ba80-f16c93699661,ff8874d4-c2e4-4de4-82b5-4de2d424d24c,b247a7f9-a366-4add-9aa1-0a791aab02e9,tie,false,3458
39da3f13-7b06-4bbe-9eb3-fa24b9a9c02c,6a1e51d2eda9dacfc5dea018,c61427b9-dc32-418f-bb16-4d4ea009349d,5054bf78-6e74-4fcb-8bb2-f1fd492e448e,a1f7c97c-c8c0-41a3-866f-5bdf26b34060,a,false,3211
ce10f7a7-cdd1-4fc7-bbe9-b4ef7ae95e8a,6972610c74d08456b2aa6ae2,d7a2d7fc-b8a8-4209-bced-f6ddc07a4887,064c9ade-7927-48fd-adfe-da9612c93fb2,a1fe6696-bd99-4df4-b84e-651da4740344,b,false,2385
ce10f7a7-cdd1-4fc7-bbe9-b4ef7ae95e8a,6972610c74d08456b2aa6ae2,c61427b9-dc32-418f-bb16-4d4ea009349d,4ec65713-c307-4711-8b9e-ed4ddbfb1f85,a1f7c97c-c8c0-41a3-866f-5bdf26b34060,a,false,1334
0b3b16d4-55bd-4dee-b715-b4e179a34aca,6980a7096eb2c15732813632,58f6757d-6c99-4e7e-ba80-f16c93699661,63457528-beb7-4e65-881e-d64af3de70fb,3fbfeb3a-eb29-49fe-a3ff-130cdf8f2755,b,false,4916
39da3f13-7b06-4bbe-9eb3-fa24b9a9c02c,6a1e51d2eda9dacfc5dea018,58f6757d-6c99-4e7e-ba80-f16c93699661,3fbfeb3a-eb29-49fe-a3ff-130cdf8f2755,4d078bfd-aa33-4d1d-ae28-8031ae9fb660,b,false,1687
ce10f7a7-cdd1-4fc7-bbe9-b4ef7ae95e8a,6972610c74d08456b2aa6ae2,58f6757d-6c99-4e7e-ba80-f16c93699661,3fbfeb3a-eb29-49fe-a3ff-130cdf8f2755,4d078bfd-aa33-4d1d-ae28-8031ae9fb660,b,false,3809
9c82d3c6-ec1d-4f92-a77c-53823f0377ee,6699580d4529e69a0ee0b361,c61427b9-dc32-418f-bb16-4d4ea009349d,a1f7c97c-c8c0-41a3-866f-5bdf26b34060,1c8de671-74f0-4d8f-b66d-bc1330361cfc,tie,false,2503
5451cd94-3615-4e7b-8dd8-33de6471e36b,5d8e154af2858200171fdb95,3d208f14-067a-419e-ab6a-5d0badf2ba12,90d0f719-cdca-4fd5-8062-9589e56b49ab,ab11fcf5-aa12-440f-a35d-1eaa3819942c,b,false,3328
39da3f13-7b06-4bbe-9eb3-fa24b9a9c02c,6a1e51d2eda9dacfc5dea018,58f6757d-6c99-4e7e-ba80-f16c93699661,63457528-beb7-4e65-881e-d64af3de70fb,ff8874d4-c2e4-4de4-82b5-4de2d424d24c,b,false,1597
0b3b16d4-55bd-4dee-b715-b4e179a34aca,6980a7096eb2c15732813632,c61427b9-dc32-418f-bb16-4d4ea009349d,5054bf78-6e74-4fcb-8bb2-f1fd492e448e,a1f7c97c-c8c0-41a3-866f-5bdf26b34060,a,false,3724
9c82d3c6-ec1d-4f92-a77c-53823f0377ee,6699580d4529e69a0ee0b361,3d208f14-067a-419e-ab6a-5d0badf2ba12,8c6fbc55-fe56-488b-beb5-3d4601567f3d,ab11fcf5-aa12-440f-a35d-1eaa3819942c,b,false,1051
628d36e5-c481-4a4b-9287-eeb6e129605d,5f5bcd84009333376363c9aa,c61427b9-dc32-418f-bb16-4d4ea009349d,4ec65713-c307-4711-8b9e-ed4ddbfb1f85,1c8de671-74f0-4d8f-b66d-bc1330361cfc,b,false,12745
090b965a-fdfe-43a0-a101-dc7f4c66470c,699070e1e1874936e60ec84c,c61427b9-dc32-418f-bb16-4d4ea009349d,4ec65713-c307-4711-8b9e-ed4ddbfb1f85,22f5cca3-0fbd-4e82-8ad8-d7dee4cae6a2,a,true,1647
96dce4e9-ba10-4c70-b598-5f6e53964e96,56b78f11e77ebe000cbefe79,d7a2d7fc-b8a8-4209-bced-f6ddc07a4887,064c9ade-7927-48fd-adfe-da9612c93fb2,12517374-67af-4411-b199-c8477894bebe,tie,false,14281
ce10f7a7-cdd1-4fc7-bbe9-b4ef7ae95e8a,6972610c74d08456b2aa6ae2,c61427b9-dc32-418f-bb16-4d4ea009349d,5054bf78-6e74-4fcb-8bb2-f1fd492e448e,1c8de671-74f0-4d8f-b66d-bc1330361cfc,a,false,2020
9c82d3c6-ec1d-4f92-a77c-53823f0377ee,6699580d4529e69a0ee0b361,c61427b9-dc32-418f-bb16-4d4ea009349d,186fc06b-c574-4e89-81a3-381523976432,a1f7c97c-c8c0-41a3-866f-5bdf26b34060,tie,false,1079
090b965a-fdfe-43a0-a101-dc7f4c66470c,699070e1e1874936e60ec84c,c61427b9-dc32-418f-bb16-4d4ea009349d,186fc06b-c574-4e89-81a3-381523976432,4ec65713-c307-4711-8b9e-ed4ddbfb1f85,b,false,1785
0eb32de6-8eda-488b-85d2-3623054d48d8,6a1d8cd6839c0ac04d7bc4cd,c61427b9-dc32-418f-bb16-4d4ea009349d,4ec65713-c307-4711-8b9e-ed4ddbfb1f85,5054bf78-6e74-4fcb-8bb2-f1fd492e448e,b,false,2201
090b965a-fdfe-43a0-a101-dc7f4c66470c,699070e1e1874936e60ec84c,c9517cc7-2d84-4b68-8493-75b61e23f9ea,b1204c78-7dcf-436f-b0df-dbb97ff49934,b54395bc-87bd-4275-9b53-81f2299c8371,a,true,1518
39da3f13-7b06-4bbe-9eb3-fa24b9a9c02c,6a1e51d2eda9dacfc5dea018,3d208f14-067a-419e-ab6a-5d0badf2ba12,da0fb0ab-9953-4fe6-9612-d6b74c6057b5,ab11fcf5-aa12-440f-a35d-1eaa3819942c,b,false,2163
c25df18b-95c1-4756-96da-6bd01d134301,66339218358315fd96806d33,c9517cc7-2d84-4b68-8493-75b61e23f9ea,b1204c78-7dcf-436f-b0df-dbb97ff49934,0e1cfb71-8713-49e4-beaf-a80448453cc3,b,false,1406
ce10f7a7-cdd1-4fc7-bbe9-b4ef7ae95e8a,6972610c74d08456b2aa6ae2,3d208f14-067a-419e-ab6a-5d0badf2ba12,b27390be-fc00-4a47-ae1d-d1fb612e88c0,ab11fcf5-aa12-440f-a35d-1eaa3819942c,b,false,6824
96dce4e9-ba10-4c70-b598-5f6e53964e96,56b78f11e77ebe000cbefe79,c9517cc7-2d84-4b68-8493-75b61e23f9ea,b1204c78-7dcf-436f-b0df-dbb97ff49934,f70e07d0-fd78-49da-9ab5-b6dcc69c9404,b,false,7496
a7e7d4c3-3d6b-4fc8-8439-58c6e0666f05,5b213220809d160001a2c36d,c61427b9-dc32-418f-bb16-4d4ea009349d,186fc06b-c574-4e89-81a3-381523976432,5054bf78-6e74-4fcb-8bb2-f1fd492e448e,tie,false,8546
39da3f13-7b06-4bbe-9eb3-fa24b9a9c02c,6a1e51d2eda9dacfc5dea018,c9517cc7-2d84-4b68-8493-75b61e23f9ea,b1204c78-7dcf-436f-b0df-dbb97ff49934,f70e07d0-fd78-49da-9ab5-b6dcc69c9404,b,false,4078
5451cd94-3615-4e7b-8dd8-33de6471e36b,5d8e154af2858200171fdb95,58f6757d-6c99-4e7e-ba80-f16c93699661,3fbfeb3a-eb29-49fe-a3ff-130cdf8f2755,b247a7f9-a366-4add-9aa1-0a791aab02e9,b,false,2499
30e162e5-8104-4f27-86e1-b2a5d2b03398,697ceaa6ba4604b428e4e69d,c61427b9-dc32-418f-bb16-4d4ea009349d,5054bf78-6e74-4fcb-8bb2-f1fd492e448e,1c8de671-74f0-4d8f-b66d-bc1330361cfc,b,false,8835
a2d6a4bc-a9b1-4105-abbb-bd171dc85029,69ef19f9aa095d902763dd4c,c61427b9-dc32-418f-bb16-4d4ea009349d,4ec65713-c307-4711-8b9e-ed4ddbfb1f85,22f5cca3-0fbd-4e82-8ad8-d7dee4cae6a2,tie,true,1943
5451cd94-3615-4e7b-8dd8-33de6471e36b,5d8e154af2858200171fdb95,3d208f14-067a-419e-ab6a-5d0badf2ba12,b27390be-fc00-4a47-ae1d-d1fb612e88c0,90d0f719-cdca-4fd5-8062-9589e56b49ab,b,false,1301
a7e7d4c3-3d6b-4fc8-8439-58c6e0666f05,5b213220809d160001a2c36d,c61427b9-dc32-418f-bb16-4d4ea009349d,4ec65713-c307-4711-8b9e-ed4ddbfb1f85,22f5cca3-0fbd-4e82-8ad8-d7dee4cae6a2,a,true,3135
0b3b16d4-55bd-4dee-b715-b4e179a34aca,6980a7096eb2c15732813632,d7a2d7fc-b8a8-4209-bced-f6ddc07a4887,13857f86-818f-4b0a-8576-c919692850b9,a1fe6696-bd99-4df4-b84e-651da4740344,b,false,2702
5451cd94-3615-4e7b-8dd8-33de6471e36b,5d8e154af2858200171fdb95,58f6757d-6c99-4e7e-ba80-f16c93699661,63457528-beb7-4e65-881e-d64af3de70fb,ff8874d4-c2e4-4de4-82b5-4de2d424d24c,b,false,975
090b965a-fdfe-43a0-a101-dc7f4c66470c,699070e1e1874936e60ec84c,3d208f14-067a-419e-ab6a-5d0badf2ba12,90d0f719-cdca-4fd5-8062-9589e56b49ab,ab11fcf5-aa12-440f-a35d-1eaa3819942c,b,false,2052
c25df18b-95c1-4756-96da-6bd01d134301,66339218358315fd96806d33,c9517cc7-2d84-4b68-8493-75b61e23f9ea,b1204c78-7dcf-436f-b0df-dbb97ff49934,f70e07d0-fd78-49da-9ab5-b6dcc69c9404,b,false,1748
a7e7d4c3-3d6b-4fc8-8439-58c6e0666f05,5b213220809d160001a2c36d,3d208f14-067a-419e-ab6a-5d0badf2ba12,8c6fbc55-fe56-488b-beb5-3d4601567f3d,ab11fcf5-aa12-440f-a35d-1eaa3819942c,b,false,2742
a7e7d4c3-3d6b-4fc8-8439-58c6e0666f05,5b213220809d160001a2c36d,d7a2d7fc-b8a8-4209-bced-f6ddc07a4887,0102fdec-31f4-4b1b-95fc-f94bad46b0dd,13857f86-818f-4b0a-8576-c919692850b9,b,false,1913
0eb32de6-8eda-488b-85d2-3623054d48d8,6a1d8cd6839c0ac04d7bc4cd,c9517cc7-2d84-4b68-8493-75b61e23f9ea,b1204c78-7dcf-436f-b0df-dbb97ff49934,b54395bc-87bd-4275-9b53-81f2299c8371,a,true,831
090b965a-fdfe-43a0-a101-dc7f4c66470c,699070e1e1874936e60ec84c,d7a2d7fc-b8a8-4209-bced-f6ddc07a4887,13857f86-818f-4b0a-8576-c919692850b9,12517374-67af-4411-b199-c8477894bebe,a,false,3045
a2d6a4bc-a9b1-4105-abbb-bd171dc85029,69ef19f9aa095d902763dd4c,c61427b9-dc32-418f-bb16-4d4ea009349d,186fc06b-c574-4e89-81a3-381523976432,a1f7c97c-c8c0-41a3-866f-5bdf26b34060,tie,false,1659
ce10f7a7-cdd1-4fc7-bbe9-b4ef7ae95e8a,6972610c74d08456b2aa6ae2,d7a2d7fc-b8a8-4209-bced-f6ddc07a4887,13857f86-818f-4b0a-8576-c919692850b9,12517374-67af-4411-b199-c8477894bebe,a,false,3493
9c82d3c6-ec1d-4f92-a77c-53823f0377ee,6699580d4529e69a0ee0b361,c9517cc7-2d84-4b68-8493-75b61e23f9ea,b1204c78-7dcf-436f-b0df-dbb97ff49934,b54395bc-87bd-4275-9b53-81f2299c8371,a,true,1469
5451cd94-3615-4e7b-8dd8-33de6471e36b,5d8e154af2858200171fdb95,c9517cc7-2d84-4b68-8493-75b61e23f9ea,f70e07d0-fd78-49da-9ab5-b6dcc69c9404,34984376-bc70-491d-8576-75e5a2e8d961,b,false,2244
9c82d3c6-ec1d-4f92-a77c-53823f0377ee,6699580d4529e69a0ee0b361,d7a2d7fc-b8a8-4209-bced-f6ddc07a4887,064c9ade-7927-48fd-adfe-da9612c93fb2,12517374-67af-4411-b199-c8477894bebe,tie,false,1568
f520f1d3-a1be-47a7-a69d-41f66e84bec8,6a09e5df6dd9e64c5b16cf69,58f6757d-6c99-4e7e-ba80-f16c93699661,3fbfeb3a-eb29-49fe-a3ff-130cdf8f2755,b247a7f9-a366-4add-9aa1-0a791aab02e9,b,false,5847
9c82d3c6-ec1d-4f92-a77c-53823f0377ee,6699580d4529e69a0ee0b361,58f6757d-6c99-4e7e-ba80-f16c93699661,ff8874d4-c2e4-4de4-82b5-4de2d424d24c,b247a7f9-a366-4add-9aa1-0a791aab02e9,tie,false,1249
5451cd94-3615-4e7b-8dd8-33de6471e36b,5d8e154af2858200171fdb95,c9517cc7-2d84-4b68-8493-75b61e23f9ea,b1204c78-7dcf-436f-b0df-dbb97ff49934,b54395bc-87bd-4275-9b53-81f2299c8371,a,true,5784
0b3b16d4-55bd-4dee-b715-b4e179a34aca,6980a7096eb2c15732813632,58f6757d-6c99-4e7e-ba80-f16c93699661,ff8874d4-c2e4-4de4-82b5-4de2d424d24c,4d078bfd-aa33-4d1d-ae28-8031ae9fb660,a,false,2697
628d36e5-c481-4a4b-9287-eeb6e129605d,5f5bcd84009333376363c9aa,c61427b9-dc32-418f-bb16-4d4ea009349d,5054bf78-6e74-4fcb-8bb2-f1fd492e448e,1c8de671-74f0-4d8f-b66d-bc1330361cfc,a,false,5188
0b3b16d4-55bd-4dee-b715-b4e179a34aca,6980a7096eb2c15732813632,3d208f14-067a-419e-ab6a-5d0badf2ba12,ab11fcf5-aa12-440f-a35d-1eaa3819942c,fe79ec6c-8646-43cb-bfcb-a91a6bf5afa0,a,true,1979
5451cd94-3615-4e7b-8dd8-33de6471e36b,5d8e154af2858200171fdb95,58f6757d-6c99-4e7e-ba80-f16c93699661,4d078bfd-aa33-4d1d-ae28-8031ae9fb660,b247a7f9-a366-4add-9aa1-0a791aab02e9,b,false,4247
0b3b16d4-55bd-4dee-b715-b4e179a34aca,6980a7096eb2c15732813632,c9517cc7-2d84-4b68-8493-75b61e23f9ea,f70e07d0-fd78-49da-9ab5-b6dcc69c9404,34984376-bc70-491d-8576-75e5a2e8d961,b,false,2548
39da3f13-7b06-4bbe-9eb3-fa24b9a9c02c,6a1e51d2eda9dacfc5dea018,c9517cc7-2d84-4b68-8493-75b61e23f9ea,b1204c78-7dcf-436f-b0df-dbb97ff49934,b54395bc-87bd-4275-9b53-81f2299c8371,a,true,1345
0b3b16d4-55bd-4dee-b715-b4e179a34aca,6980a7096eb2c15732813632,d7a2d7fc-b8a8-4209-bced-f6ddc07a4887,0102fdec-31f4-4b1b-95fc-f94bad46b0dd,13857f86-818f-4b0a-8576-c919692850b9,a,false,5613
c25df18b-95c1-4756-96da-6bd01d134301,66339218358315fd96806d33,3d208f14-067a-419e-ab6a-5d0badf2ba12,ab11fcf5-aa12-440f-a35d-1eaa3819942c,fe79ec6c-8646-43cb-bfcb-a91a6bf5afa0,a,true,1535
c25df18b-95c1-4756-96da-6bd01d134301,66339218358315fd96806d33,c61427b9-dc32-418f-bb16-4d4ea009349d,4ec65713-c307-4711-8b9e-ed4ddbfb1f85,22f5cca3-0fbd-4e82-8ad8-d7dee4cae6a2,a,true,1251
0b3b16d4-55bd-4dee-b715-b4e179a34aca,6980a7096eb2c15732813632,58f6757d-6c99-4e7e-ba80-f16c93699661,63457528-beb7-4e65-881e-d64af3de70fb,4d078bfd-aa33-4d1d-ae28-8031ae9fb660,b,false,3624
c25df18b-95c1-4756-96da-6bd01d134301,66339218358315fd96806d33,58f6757d-6c99-4e7e-ba80-f16c93699661,4d078bfd-aa33-4d1d-ae28-8031ae9fb660,b247a7f9-a366-4add-9aa1-0a791aab02e9,b,false,1899
0b3b16d4-55bd-4dee-b715-b4e179a34aca,6980a7096eb2c15732813632,c61427b9-dc32-418f-bb16-4d4ea009349d,5054bf78-6e74-4fcb-8bb2-f1fd492e448e,1c8de671-74f0-4d8f-b66d-bc1330361cfc,a,false,2239
628d36e5-c481-4a4b-9287-eeb6e129605d,5f5bcd84009333376363c9aa,58f6757d-6c99-4e7e-ba80-f16c93699661,3fbfeb3a-eb29-49fe-a3ff-130cdf8f2755,ff8874d4-c2e4-4de4-82b5-4de2d424d24c,b,false,4551
c25df18b-95c1-4756-96da-6bd01d134301,66339218358315fd96806d33,58f6757d-6c99-4e7e-ba80-f16c93699661,63457528-beb7-4e65-881e-d64af3de70fb,ff8874d4-c2e4-4de4-82b5-4de2d424d24c,b,false,1582
96dce4e9-ba10-4c70-b598-5f6e53964e96,56b78f11e77ebe000cbefe79,d7a2d7fc-b8a8-4209-bced-f6ddc07a4887,a1fe6696-bd99-4df4-b84e-651da4740344,12517374-67af-4411-b199-c8477894bebe,a,false,3697
a7e7d4c3-3d6b-4fc8-8439-58c6e0666f05,5b213220809d160001a2c36d,d7a2d7fc-b8a8-4209-bced-f6ddc07a4887,0102fdec-31f4-4b1b-95fc-f94bad46b0dd,993adc7d-5ff2-4d7b-9966-72935023de4b,tie,true,2109
5451cd94-3615-4e7b-8dd8-33de6471e36b,5d8e154af2858200171fdb95,c9517cc7-2d84-4b68-8493-75b61e23f9ea,f70e07d0-fd78-49da-9ab5-b6dcc69c9404,0e1cfb71-8713-49e4-beaf-a80448453cc3,b,false,2010
628d36e5-c481-4a4b-9287-eeb6e129605d,5f5bcd84009333376363c9aa,3d208f14-067a-419e-ab6a-5d0badf2ba12,da0fb0ab-9953-4fe6-9612-d6b74c6057b5,ab11fcf5-aa12-440f-a35d-1eaa3819942c,b,false,5992
9c82d3c6-ec1d-4f92-a77c-53823f0377ee,6699580d4529e69a0ee0b361,3d208f14-067a-419e-ab6a-5d0badf2ba12,ab11fcf5-aa12-440f-a35d-1eaa3819942c,fe79ec6c-8646-43cb-bfcb-a91a6bf5afa0,a,true,711
0eb32de6-8eda-488b-85d2-3623054d48d8,6a1d8cd6839c0ac04d7bc4cd,c9517cc7-2d84-4b68-8493-75b61e23f9ea,b1204c78-7dcf-436f-b0df-dbb97ff49934,f70e07d0-fd78-49da-9ab5-b6dcc69c9404,b,false,2515
0b3b16d4-55bd-4dee-b715-b4e179a34aca,6980a7096eb2c15732813632,d7a2d7fc-b8a8-4209-bced-f6ddc07a4887,0102fdec-31f4-4b1b-95fc-f94bad46b0dd,993adc7d-5ff2-4d7b-9966-72935023de4b,a,true,5634
be23564a-3f13-4938-a3b3-018ff112bcbc,5e7b6486b704ac034e3f01c8,3d208f14-067a-419e-ab6a-5d0badf2ba12,90d0f719-cdca-4fd5-8062-9589e56b49ab,ab11fcf5-aa12-440f-a35d-1eaa3819942c,b,false,4940
c25df18b-95c1-4756-96da-6bd01d134301,66339218358315fd96806d33,c9517cc7-2d84-4b68-8493-75b61e23f9ea,0e1cfb71-8713-49e4-beaf-a80448453cc3,34984376-bc70-491d-8576-75e5a2e8d961,b,false,5861
5451cd94-3615-4e7b-8dd8-33de6471e36b,5d8e154af2858200171fdb95,d7a2d7fc-b8a8-4209-bced-f6ddc07a4887,0102fdec-31f4-4b1b-95fc-f94bad46b0dd,064c9ade-7927-48fd-adfe-da9612c93fb2,tie,false,2262
be23564a-3f13-4938-a3b3-018ff112bcbc,5e7b6486b704ac034e3f01c8,d7a2d7fc-b8a8-4209-bced-f6ddc07a4887,13857f86-818f-4b0a-8576-c919692850b9,064c9ade-7927-48fd-adfe-da9612c93fb2,a,false,3498
c25df18b-95c1-4756-96da-6bd01d134301,66339218358315fd96806d33,58f6757d-6c99-4e7e-ba80-f16c93699661,63457528-beb7-4e65-881e-d64af3de70fb,4d078bfd-aa33-4d1d-ae28-8031ae9fb660,b,false,2896
090b965a-fdfe-43a0-a101-dc7f4c66470c,699070e1e1874936e60ec84c,c9517cc7-2d84-4b68-8493-75b61e23f9ea,0e1cfb71-8713-49e4-beaf-a80448453cc3,770427d9-c38c-44ae-9832-f5d57f83384f,tie,false,6980
ce10f7a7-cdd1-4fc7-bbe9-b4ef7ae95e8a,6972610c74d08456b2aa6ae2,c61427b9-dc32-418f-bb16-4d4ea009349d,186fc06b-c574-4e89-81a3-381523976432,4ec65713-c307-4711-8b9e-ed4ddbfb1f85,b,false,3353
f520f1d3-a1be-47a7-a69d-41f66e84bec8,6a09e5df6dd9e64c5b16cf69,3d208f14-067a-419e-ab6a-5d0badf2ba12,ab11fcf5-aa12-440f-a35d-1eaa3819942c,fe79ec6c-8646-43cb-bfcb-a91a6bf5afa0,a,true,989
39da3f13-7b06-4bbe-9eb3-fa24b9a9c02c,6a1e51d2eda9dacfc5dea018,58f6757d-6c99-4e7e-ba80-f16c93699661,ff8874d4-c2e4-4de4-82b5-4de2d424d24c,b247a7f9-a366-4add-9aa1-0a791aab02e9,b,false,7338
090b965a-fdfe-43a0-a101-dc7f4c66470c,699070e1e1874936e60ec84c,58f6757d-6c99-4e7e-ba80-f16c93699661,63457528-beb7-4e65-881e-d64af3de70fb,ff8874d4-c2e4-4de4-82b5-4de2d424d24c,b,false,1954
f520f1d3-a1be-47a7-a69d-41f66e84bec8,6a09e5df6dd9e64c5b16cf69,3d208f14-067a-419e-ab6a-5d0badf2ba12,b27390be-fc00-4a47-ae1d-d1fb612e88c0,8c6fbc55-fe56-488b-beb5-3d4601567f3d,b,false,2088
96dce4e9-ba10-4c70-b598-5f6e53964e96,56b78f11e77ebe000cbefe79,d7a2d7fc-b8a8-4209-bced-f6ddc07a4887,0102fdec-31f4-4b1b-95fc-f94bad46b0dd,064c9ade-7927-48fd-adfe-da9612c93fb2,tie,false,3290
c25df18b-95c1-4756-96da-6bd01d134301,66339218358315fd96806d33,c61427b9-dc32-418f-bb16-4d4ea009349d,186fc06b-c574-4e89-81a3-381523976432,a1f7c97c-c8c0-41a3-866f-5bdf26b34060,tie,false,2356
a2d6a4bc-a9b1-4105-abbb-bd171dc85029,69ef19f9aa095d902763dd4c,3d208f14-067a-419e-ab6a-5d0badf2ba12,b27390be-fc00-4a47-ae1d-d1fb612e88c0,90d0f719-cdca-4fd5-8062-9589e56b49ab,tie,false,5584
be23564a-3f13-4938-a3b3-018ff112bcbc,5e7b6486b704ac034e3f01c8,c9517cc7-2d84-4b68-8493-75b61e23f9ea,b1204c78-7dcf-436f-b0df-dbb97ff49934,770427d9-c38c-44ae-9832-f5d57f83384f,b,false,3362
090b965a-fdfe-43a0-a101-dc7f4c66470c,699070e1e1874936e60ec84c,c9517cc7-2d84-4b68-8493-75b61e23f9ea,f70e07d0-fd78-49da-9ab5-b6dcc69c9404,770427d9-c38c-44ae-9832-f5d57f83384f,b,false,2515
628d36e5-c481-4a4b-9287-eeb6e129605d,5f5bcd84009333376363c9aa,3d208f14-067a-419e-ab6a-5d0badf2ba12,da0fb0ab-9953-4fe6-9612-d6b74c6057b5,90d0f719-cdca-4fd5-8062-9589e56b49ab,b,false,5828
a2d6a4bc-a9b1-4105-abbb-bd171dc85029,69ef19f9aa095d902763dd4c,c61427b9-dc32-418f-bb16-4d4ea009349d,4ec65713-c307-4711-8b9e-ed4ddbfb1f85,5054bf78-6e74-4fcb-8bb2-f1fd492e448e,tie,false,2638
ce10f7a7-cdd1-4fc7-bbe9-b4ef7ae95e8a,6972610c74d08456b2aa6ae2,3d208f14-067a-419e-ab6a-5d0badf2ba12,b27390be-fc00-4a47-ae1d-d1fb612e88c0,da0fb0ab-9953-4fe6-9612-d6b74c6057b5,b,false,3910
090b965a-fdfe-43a0-a101-dc7f4c66470c,699070e1e1874936e60ec84c,d7a2d7fc-b8a8-4209-bced-f6ddc07a4887,13857f86-818f-4b0a-8576-c919692850b9,064c9ade-7927-48fd-adfe-da9612c93fb2,a,false,2521
8a9d49bb-ca5f-48e1-9b47-19bbb2248c60,66a641b50cc3558ad9b5448e,c61427b9-dc32-418f-bb16-4d4ea009349d,5054bf78-6e74-4fcb-8bb2-f1fd492e448e,a1f7c97c-c8c0-41a3-866f-5bdf26b34060,a,false,11825
ce10f7a7-cdd1-4fc7-bbe9-b4ef7ae95e8a,6972610c74d08456b2aa6ae2,c9517cc7-2d84-4b68-8493-75b61e23f9ea,0e1cfb71-8713-49e4-beaf-a80448453cc3,34984376-bc70-491d-8576-75e5a2e8d961,tie,false,3031
96dce4e9-ba10-4c70-b598-5f6e53964e96,56b78f11e77ebe000cbefe79,58f6757d-6c99-4e7e-ba80-f16c93699661,3fbfeb3a-eb29-49fe-a3ff-130cdf8f2755,ff8874d4-c2e4-4de4-82b5-4de2d424d24c,b,false,6684
c25df18b-95c1-4756-96da-6bd01d134301,66339218358315fd96806d33,c9517cc7-2d84-4b68-8493-75b61e23f9ea,b1204c78-7dcf-436f-b0df-dbb97ff49934,770427d9-c38c-44ae-9832-f5d57f83384f,b,false,1580
090b965a-fdfe-43a0-a101-dc7f4c66470c,699070e1e1874936e60ec84c,3d208f14-067a-419e-ab6a-5d0badf2ba12,8c6fbc55-fe56-488b-beb5-3d4601567f3d,90d0f719-cdca-4fd5-8062-9589e56b49ab,tie,false,6692
a2d6a4bc-a9b1-4105-abbb-bd171dc85029,69ef19f9aa095d902763dd4c,c9517cc7-2d84-4b68-8493-75b61e23f9ea,f70e07d0-fd78-49da-9ab5-b6dcc69c9404,0e1cfb71-8713-49e4-beaf-a80448453cc3,b,false,4737
a2d6a4bc-a9b1-4105-abbb-bd171dc85029,69ef19f9aa095d902763dd4c,58f6757d-6c99-4e7e-ba80-f16c93699661,4d078bfd-aa33-4d1d-ae28-8031ae9fb660,c24cde72-4104-48fb-bb83-e957919b061c,tie,true,1710
a7e7d4c3-3d6b-4fc8-8439-58c6e0666f05,5b213220809d160001a2c36d,c9517cc7-2d84-4b68-8493-75b61e23f9ea,f70e07d0-fd78-49da-9ab5-b6dcc69c9404,34984376-bc70-491d-8576-75e5a2e8d961,b,false,2425
090b965a-fdfe-43a0-a101-dc7f4c66470c,699070e1e1874936e60ec84c,c9517cc7-2d84-4b68-8493-75b61e23f9ea,b1204c78-7dcf-436f-b0df-dbb97ff49934,34984376-bc70-491d-8576-75e5a2e8d961,b,false,3466
ce10f7a7-cdd1-4fc7-bbe9-b4ef7ae95e8a,6972610c74d08456b2aa6ae2,c9517cc7-2d84-4b68-8493-75b61e23f9ea,770427d9-c38c-44ae-9832-f5d57f83384f,34984376-bc70-491d-8576-75e5a2e8d961,tie,false,2745
c25df18b-95c1-4756-96da-6bd01d134301,66339218358315fd96806d33,3d208f14-067a-419e-ab6a-5d0badf2ba12,da0fb0ab-9953-4fe6-9612-d6b74c6057b5,90d0f719-cdca-4fd5-8062-9589e56b49ab,b,false,3376
628d36e5-c481-4a4b-9287-eeb6e129605d,5f5bcd84009333376363c9aa,3d208f14-067a-419e-ab6a-5d0badf2ba12,b27390be-fc00-4a47-ae1d-d1fb612e88c0,8c6fbc55-fe56-488b-beb5-3d4601567f3d,b,false,3270
f520f1d3-a1be-47a7-a69d-41f66e84bec8,6a09e5df6dd9e64c5b16cf69,c61427b9-dc32-418f-bb16-4d4ea009349d,a1f7c97c-c8c0-41a3-866f-5bdf26b34060,1c8de671-74f0-4d8f-b66d-bc1330361cfc,b,false,7001
0b3b16d4-55bd-4dee-b715-b4e179a34aca,6980a7096eb2c15732813632,3d208f14-067a-419e-ab6a-5d0badf2ba12,8c6fbc55-fe56-488b-beb5-3d4601567f3d,ab11fcf5-aa12-440f-a35d-1eaa3819942c,b,false,3880
a2d6a4bc-a9b1-4105-abbb-bd171dc85029,69ef19f9aa095d902763dd4c,58f6757d-6c99-4e7e-ba80-f16c93699661,ff8874d4-c2e4-4de4-82b5-4de2d424d24c,b247a7f9-a366-4add-9aa1-0a791aab02e9,b,false,5606
39da3f13-7b06-4bbe-9eb3-fa24b9a9c02c,6a1e51d2eda9dacfc5dea018,c9517cc7-2d84-4b68-8493-75b61e23f9ea,f70e07d0-fd78-49da-9ab5-b6dcc69c9404,34984376-bc70-491d-8576-75e5a2e8d961,b,false,5039
0b3b16d4-55bd-4dee-b715-b4e179a34aca,6980a7096eb2c15732813632,58f6757d-6c99-4e7e-ba80-f16c93699661,63457528-beb7-4e65-881e-d64af3de70fb,b247a7f9-a366-4add-9aa1-0a791aab02e9,b,false,1378
090b965a-fdfe-43a0-a101-dc7f4c66470c,699070e1e1874936e60ec84c,d7a2d7fc-b8a8-4209-bced-f6ddc07a4887,0102fdec-31f4-4b1b-95fc-f94bad46b0dd,993adc7d-5ff2-4d7b-9966-72935023de4b,a,true,1737
ce10f7a7-cdd1-4fc7-bbe9-b4ef7ae95e8a,6972610c74d08456b2aa6ae2,58f6757d-6c99-4e7e-ba80-f16c93699661,4d078bfd-aa33-4d1d-ae28-8031ae9fb660,b247a7f9-a366-4add-9aa1-0a791aab02e9,tie,false,2560
5451cd94-3615-4e7b-8dd8-33de6471e36b,5d8e154af2858200171fdb95,c61427b9-dc32-418f-bb16-4d4ea009349d,4ec65713-c307-4711-8b9e-ed4ddbfb1f85,5054bf78-6e74-4fcb-8bb2-f1fd492e448e,tie,false,1305
5451cd94-3615-4e7b-8dd8-33de6471e36b,5d8e154af2858200171fdb95,d7a2d7fc-b8a8-4209-bced-f6ddc07a4887,0102fdec-31f4-4b1b-95fc-f94bad46b0dd,12517374-67af-4411-b199-c8477894bebe,tie,false,1413
c25df18b-95c1-4756-96da-6bd01d134301,66339218358315fd96806d33,c9517cc7-2d84-4b68-8493-75b61e23f9ea,770427d9-c38c-44ae-9832-f5d57f83384f,34984376-bc70-491d-8576-75e5a2e8d961,a,false,3444
ce10f7a7-cdd1-4fc7-bbe9-b4ef7ae95e8a,6972610c74d08456b2aa6ae2,3d208f14-067a-419e-ab6a-5d0badf2ba12,90d0f719-cdca-4fd5-8062-9589e56b49ab,ab11fcf5-aa12-440f-a35d-1eaa3819942c,b,false,2381
30e162e5-8104-4f27-86e1-b2a5d2b03398,697ceaa6ba4604b428e4e69d,3d208f14-067a-419e-ab6a-5d0badf2ba12,da0fb0ab-9953-4fe6-9612-d6b74c6057b5,ab11fcf5-aa12-440f-a35d-1eaa3819942c,b,false,10927
a7e7d4c3-3d6b-4fc8-8439-58c6e0666f05,5b213220809d160001a2c36d,c61427b9-dc32-418f-bb16-4d4ea009349d,4ec65713-c307-4711-8b9e-ed4ddbfb1f85,a1f7c97c-c8c0-41a3-866f-5bdf26b34060,tie,false,2825
be23564a-3f13-4938-a3b3-018ff112bcbc,5e7b6486b704ac034e3f01c8,c61427b9-dc32-418f-bb16-4d4ea009349d,4ec65713-c307-4711-8b9e-ed4ddbfb1f85,a1f7c97c-c8c0-41a3-866f-5bdf26b34060,a,false,10042
a7e7d4c3-3d6b-4fc8-8439-58c6e0666f05,5b213220809d160001a2c36d,c61427b9-dc32-418f-bb16-4d4ea009349d,186fc06b-c574-4e89-81a3-381523976432,1c8de671-74f0-4d8f-b66d-bc1330361cfc,tie,false,1851
be23564a-3f13-4938-a3b3-018ff112bcbc,5e7b6486b704ac034e3f01c8,c61427b9-dc32-418f-bb16-4d4ea009349d,4ec65713-c307-4711-8b9e-ed4ddbfb1f85,5054bf78-6e74-4fcb-8bb2-f1fd492e448e,b,false,2427
090b965a-fdfe-43a0-a101-dc7f4c66470c,699070e1e1874936e60ec84c,58f6757d-6c99-4e7e-ba80-f16c93699661,4d078bfd-aa33-4d1d-ae28-8031ae9fb660,c24cde72-4104-48fb-bb83-e957919b061c,a,true,2288
5451cd94-3615-4e7b-8dd8-33de6471e36b,5d8e154af2858200171fdb95,d7a2d7fc-b8a8-4209-bced-f6ddc07a4887,0102fdec-31f4-4b1b-95fc-f94bad46b0dd,13857f86-818f-4b0a-8576-c919692850b9,b,false,1250
0eb32de6-8eda-488b-85d2-3623054d48d8,6a1d8cd6839c0ac04d7bc4cd,c9517cc7-2d84-4b68-8493-75b61e23f9ea,f70e07d0-fd78-49da-9ab5-b6dcc69c9404,770427d9-c38c-44ae-9832-f5d57f83384f,b,false,7766
0eb32de6-8eda-488b-85d2-3623054d48d8,6a1d8cd6839c0ac04d7bc4cd,c9517cc7-2d84-4b68-8493-75b61e23f9ea,b1204c78-7dcf-436f-b0df-dbb97ff49934,0e1cfb71-8713-49e4-beaf-a80448453cc3,b,false,21933
39da3f13-7b06-4bbe-9eb3-fa24b9a9c02c,6a1e51d2eda9dacfc5dea018,c61427b9-dc32-418f-bb16-4d4ea009349d,186fc06b-c574-4e89-81a3-381523976432,5054bf78-6e74-4fcb-8bb2-f1fd492e448e,b,false,1519
a2d6a4bc-a9b1-4105-abbb-bd171dc85029,69ef19f9aa095d902763dd4c,3d208f14-067a-419e-ab6a-5d0badf2ba12,b27390be-fc00-4a47-ae1d-d1fb612e88c0,da0fb0ab-9953-4fe6-9612-d6b74c6057b5,tie,false,5225
c25df18b-95c1-4756-96da-6bd01d134301,66339218358315fd96806d33,58f6757d-6c99-4e7e-ba80-f16c93699661,63457528-beb7-4e65-881e-d64af3de70fb,3fbfeb3a-eb29-49fe-a3ff-130cdf8f2755,b,false,1982
628d36e5-c481-4a4b-9287-eeb6e129605d,5f5bcd84009333376363c9aa,3d208f14-067a-419e-ab6a-5d0badf2ba12,b27390be-fc00-4a47-ae1d-d1fb612e88c0,da0fb0ab-9953-4fe6-9612-d6b74c6057b5,b,false,2894
0b3b16d4-55bd-4dee-b715-b4e179a34aca,6980a7096eb2c15732813632,d7a2d7fc-b8a8-4209-bced-f6ddc07a4887,13857f86-818f-4b0a-8576-c919692850b9,12517374-67af-4411-b199-c8477894bebe,a,false,2726
5451cd94-3615-4e7b-8dd8-33de6471e36b,5d8e154af2858200171fdb95,c9517cc7-2d84-4b68-8493-75b61e23f9ea,b1204c78-7dcf-436f-b0df-dbb97ff49934,770427d9-c38c-44ae-9832-f5d57f83384f,b,false,972
5451cd94-3615-4e7b-8dd8-33de6471e36b,5d8e154af2858200171fdb95,c61427b9-dc32-418f-bb16-4d4ea009349d,5054bf78-6e74-4fcb-8bb2-f1fd492e448e,1c8de671-74f0-4d8f-b66d-bc1330361cfc,tie,false,1797
090b965a-fdfe-43a0-a101-dc7f4c66470c,699070e1e1874936e60ec84c,3d208f14-067a-419e-ab6a-5d0badf2ba12,b27390be-fc00-4a47-ae1d-d1fb612e88c0,8c6fbc55-fe56-488b-beb5-3d4601567f3d,b,false,1823
ce10f7a7-cdd1-4fc7-bbe9-b4ef7ae95e8a,6972610c74d08456b2aa6ae2,d7a2d7fc-b8a8-4209-bced-f6ddc07a4887,a1fe6696-bd99-4df4-b84e-651da4740344,12517374-67af-4411-b199-c8477894bebe,a,false,2329
2988bbd6-ff45-46ed-8d39-b6b63212ad8e,6a02ed5bd6acf52c07ab46fa,c9517cc7-2d84-4b68-8493-75b61e23f9ea,b1204c78-7dcf-436f-b0df-dbb97ff49934,f70e07d0-fd78-49da-9ab5-b6dcc69c9404,tie,false,60464
090b965a-fdfe-43a0-a101-dc7f4c66470c,699070e1e1874936e60ec84c,3d208f14-067a-419e-ab6a-5d0badf2ba12,ab11fcf5-aa12-440f-a35d-1eaa3819942c,fe79ec6c-8646-43cb-bfcb-a91a6bf5afa0,a,true,1656
5451cd94-3615-4e7b-8dd8-33de6471e36b,5d8e154af2858200171fdb95,c61427b9-dc32-418f-bb16-4d4ea009349d,a1f7c97c-c8c0-41a3-866f-5bdf26b34060,1c8de671-74f0-4d8f-b66d-bc1330361cfc,tie,false,1106
c25df18b-95c1-4756-96da-6bd01d134301,66339218358315fd96806d33,3d208f14-067a-419e-ab6a-5d0badf2ba12,b27390be-fc00-4a47-ae1d-d1fb612e88c0,ab11fcf5-aa12-440f-a35d-1eaa3819942c,b,false,1755
2988bbd6-ff45-46ed-8d39-b6b63212ad8e,6a02ed5bd6acf52c07ab46fa,d7a2d7fc-b8a8-4209-bced-f6ddc07a4887,13857f86-818f-4b0a-8576-c919692850b9,064c9ade-7927-48fd-adfe-da9612c93fb2,a,false,1919
8a9d49bb-ca5f-48e1-9b47-19bbb2248c60,66a641b50cc3558ad9b5448e,c9517cc7-2d84-4b68-8493-75b61e23f9ea,0e1cfb71-8713-49e4-beaf-a80448453cc3,770427d9-c38c-44ae-9832-f5d57f83384f,b,false,22297
be23564a-3f13-4938-a3b3-018ff112bcbc,5e7b6486b704ac034e3f01c8,c9517cc7-2d84-4b68-8493-75b61e23f9ea,770427d9-c38c-44ae-9832-f5d57f83384f,34984376-bc70-491d-8576-75e5a2e8d961,tie,false,5653
5451cd94-3615-4e7b-8dd8-33de6471e36b,5d8e154af2858200171fdb95,c61427b9-dc32-418f-bb16-4d4ea009349d,186fc06b-c574-4e89-81a3-381523976432,1c8de671-74f0-4d8f-b66d-bc1330361cfc,tie,false,1361
96dce4e9-ba10-4c70-b598-5f6e53964e96,56b78f11e77ebe000cbefe79,3d208f14-067a-419e-ab6a-5d0badf2ba12,b27390be-fc00-4a47-ae1d-d1fb612e88c0,90d0f719-cdca-4fd5-8062-9589e56b49ab,b,false,12758
a7e7d4c3-3d6b-4fc8-8439-58c6e0666f05,5b213220809d160001a2c36d,58f6757d-6c99-4e7e-ba80-f16c93699661,63457528-beb7-4e65-881e-d64af3de70fb,3fbfeb3a-eb29-49fe-a3ff-130cdf8f2755,b,false,7400
f520f1d3-a1be-47a7-a69d-41f66e84bec8,6a09e5df6dd9e64c5b16cf69,d7a2d7fc-b8a8-4209-bced-f6ddc07a4887,13857f86-818f-4b0a-8576-c919692850b9,a1fe6696-bd99-4df4-b84e-651da4740344,b,false,7430
0eb32de6-8eda-488b-85d2-3623054d48d8,6a1d8cd6839c0ac04d7bc4cd,c61427b9-dc32-418f-bb16-4d4ea009349d,186fc06b-c574-4e89-81a3-381523976432,a1f7c97c-c8c0-41a3-866f-5bdf26b34060,tie,false,2779
0b3b16d4-55bd-4dee-b715-b4e179a34aca,6980a7096eb2c15732813632,58f6757d-6c99-4e7e-ba80-f16c93699661,4d078bfd-aa33-4d1d-ae28-8031ae9fb660,c24cde72-4104-48fb-bb83-e957919b061c,a,true,3165
a2d6a4bc-a9b1-4105-abbb-bd171dc85029,69ef19f9aa095d902763dd4c,3d208f14-067a-419e-ab6a-5d0badf2ba12,da0fb0ab-9953-4fe6-9612-d6b74c6057b5,ab11fcf5-aa12-440f-a35d-1eaa3819942c,b,false,3335
ce10f7a7-cdd1-4fc7-bbe9-b4ef7ae95e8a,6972610c74d08456b2aa6ae2,d7a2d7fc-b8a8-4209-bced-f6ddc07a4887,064c9ade-7927-48fd-adfe-da9612c93fb2,12517374-67af-4411-b199-c8477894bebe,tie,false,3037
c25df18b-95c1-4756-96da-6bd01d134301,66339218358315fd96806d33,c9517cc7-2d84-4b68-8493-75b61e23f9ea,f70e07d0-fd78-49da-9ab5-b6dcc69c9404,34984376-bc70-491d-8576-75e5a2e8d961,b,false,1681
2988bbd6-ff45-46ed-8d39-b6b63212ad8e,6a02ed5bd6acf52c07ab46fa,3d208f14-067a-419e-ab6a-5d0badf2ba12,b27390be-fc00-4a47-ae1d-d1fb612e88c0,ab11fcf5-aa12-440f-a35d-1eaa3819942c,b,false,1495
090b965a-fdfe-43a0-a101-dc7f4c66470c,699070e1e1874936e60ec84c,58f6757d-6c99-4e7e-ba80-f16c93699661,ff8874d4-c2e4-4de4-82b5-4de2d424d24c,4d078bfd-aa33-4d1d-ae28-8031ae9fb660,a,false,4131
0eb32de6-8eda-488b-85d2-3623054d48d8,6a1d8cd6839c0ac04d7bc4cd,3d208f14-067a-419e-ab6a-5d0badf2ba12,b27390be-fc00-4a47-ae1d-d1fb612e88c0,da0fb0ab-9953-4fe6-9612-d6b74c6057b5,b,false,1462
ce10f7a7-cdd1-4fc7-bbe9-b4ef7ae95e8a,6972610c74d08456b2aa6ae2,58f6757d-6c99-4e7e-ba80-f16c93699661,63457528-beb7-4e65-881e-d64af3de70fb,4d078bfd-aa33-4d1d-ae28-8031ae9fb660,b,false,1385
628d36e5-c481-4a4b-9287-eeb6e129605d,5f5bcd84009333376363c9aa,c61427b9-dc32-418f-bb16-4d4ea009349d,a1f7c97c-c8c0-41a3-866f-5bdf26b34060,1c8de671-74f0-4d8f-b66d-bc1330361cfc,b,false,7679
30e162e5-8104-4f27-86e1-b2a5d2b03398,697ceaa6ba4604b428e4e69d,c9517cc7-2d84-4b68-8493-75b61e23f9ea,b1204c78-7dcf-436f-b0df-dbb97ff49934,f70e07d0-fd78-49da-9ab5-b6dcc69c9404,a,false,13586
c25df18b-95c1-4756-96da-6bd01d134301,66339218358315fd96806d33,3d208f14-067a-419e-ab6a-5d0badf2ba12,8c6fbc55-fe56-488b-beb5-3d4601567f3d,90d0f719-cdca-4fd5-8062-9589e56b49ab,b,false,2236
0b3b16d4-55bd-4dee-b715-b4e179a34aca,6980a7096eb2c15732813632,c61427b9-dc32-418f-bb16-4d4ea009349d,186fc06b-c574-4e89-81a3-381523976432,5054bf78-6e74-4fcb-8bb2-f1fd492e448e,b,false,2514
2988bbd6-ff45-46ed-8d39-b6b63212ad8e,6a02ed5bd6acf52c07ab46fa,58f6757d-6c99-4e7e-ba80-f16c93699661,ff8874d4-c2e4-4de4-82b5-4de2d424d24c,4d078bfd-aa33-4d1d-ae28-8031ae9fb660,a,false,2132
30e162e5-8104-4f27-86e1-b2a5d2b03398,697ceaa6ba4604b428e4e69d,c61427b9-dc32-418f-bb16-4d4ea009349d,186fc06b-c574-4e89-81a3-381523976432,1c8de671-74f0-4d8f-b66d-bc1330361cfc,b,false,2382
2988bbd6-ff45-46ed-8d39-b6b63212ad8e,6a02ed5bd6acf52c07ab46fa,58f6757d-6c99-4e7e-ba80-f16c93699661,63457528-beb7-4e65-881e-d64af3de70fb,3fbfeb3a-eb29-49fe-a3ff-130cdf8f2755,b,false,2584
5451cd94-3615-4e7b-8dd8-33de6471e36b,5d8e154af2858200171fdb95,3d208f14-067a-419e-ab6a-5d0badf2ba12,b27390be-fc00-4a47-ae1d-d1fb612e88c0,da0fb0ab-9953-4fe6-9612-d6b74c6057b5,b,false,1538
628d36e5-c481-4a4b-9287-eeb6e129605d,5f5bcd84009333376363c9aa,c9517cc7-2d84-4b68-8493-75b61e23f9ea,b1204c78-7dcf-436f-b0df-dbb97ff49934,770427d9-c38c-44ae-9832-f5d57f83384f,b,false,5131
be23564a-3f13-4938-a3b3-018ff112bcbc,5e7b6486b704ac034e3f01c8,c61427b9-dc32-418f-bb16-4d4ea009349d,186fc06b-c574-4e89-81a3-381523976432,a1f7c97c-c8c0-41a3-866f-5bdf26b34060,b,false,4843
c25df18b-95c1-4756-96da-6bd01d134301,66339218358315fd96806d33,c61427b9-dc32-418f-bb16-4d4ea009349d,4ec65713-c307-4711-8b9e-ed4ddbfb1f85,5054bf78-6e74-4fcb-8bb2-f1fd492e448e,b,false,2242
a2d6a4bc-a9b1-4105-abbb-bd171dc85029,69ef19f9aa095d902763dd4c,d7a2d7fc-b8a8-4209-bced-f6ddc07a4887,13857f86-818f-4b0a-8576-c919692850b9,a1fe6696-bd99-4df4-b84e-651da4740344,b,false,3771
a2d6a4bc-a9b1-4105-abbb-bd171dc85029,69ef19f9aa095d902763dd4c,c61427b9-dc32-418f-bb16-4d4ea009349d,186fc06b-c574-4e89-81a3-381523976432,4ec65713-c307-4711-8b9e-ed4ddbfb1f85,tie,false,2233
a7e7d4c3-3d6b-4fc8-8439-58c6e0666f05,5b213220809d160001a2c36d,d7a2d7fc-b8a8-4209-bced-f6ddc07a4887,064c9ade-7927-48fd-adfe-da9612c93fb2,a1fe6696-bd99-4df4-b84e-651da4740344,b,false,3658
5451cd94-3615-4e7b-8dd8-33de6471e36b,5d8e154af2858200171fdb95,c9517cc7-2d84-4b68-8493-75b61e23f9ea,770427d9-c38c-44ae-9832-f5d57f83384f,34984376-bc70-491d-8576-75e5a2e8d961,b,false,5656
30e162e5-8104-4f27-86e1-b2a5d2b03398,697ceaa6ba4604b428e4e69d,c61427b9-dc32-418f-bb16-4d4ea009349d,4ec65713-c307-4711-8b9e-ed4ddbfb1f85,a1f7c97c-c8c0-41a3-866f-5bdf26b34060,a,false,5658
a7e7d4c3-3d6b-4fc8-8439-58c6e0666f05,5b213220809d160001a2c36d,3d208f14-067a-419e-ab6a-5d0badf2ba12,8c6fbc55-fe56-488b-beb5-3d4601567f3d,da0fb0ab-9953-4fe6-9612-d6b74c6057b5,b,false,2132
2988bbd6-ff45-46ed-8d39-b6b63212ad8e,6a02ed5bd6acf52c07ab46fa,d7a2d7fc-b8a8-4209-bced-f6ddc07a4887,064c9ade-7927-48fd-adfe-da9612c93fb2,a1fe6696-bd99-4df4-b84e-651da4740344,b,false,1576
5451cd94-3615-4e7b-8dd8-33de6471e36b,5d8e154af2858200171fdb95,3d208f14-067a-419e-ab6a-5d0badf2ba12,b27390be-fc00-4a47-ae1d-d1fb612e88c0,8c6fbc55-fe56-488b-beb5-3d4601567f3d,b,false,1177
0b3b16d4-55bd-4dee-b715-b4e179a34aca,6980a7096eb2c15732813632,c9517cc7-2d84-4b68-8493-75b61e23f9ea,b1204c78-7dcf-436f-b0df-dbb97ff49934,0e1cfb71-8713-49e4-beaf-a80448453cc3,b,false,2996
c25df18b-95c1-4756-96da-6bd01d134301,66339218358315fd96806d33,d7a2d7fc-b8a8-4209-bced-f6ddc07a4887,064c9ade-7927-48fd-adfe-da9612c93fb2,a1fe6696-bd99-4df4-b84e-651da4740344,b,false,1920
090b965a-fdfe-43a0-a101-dc7f4c66470c,699070e1e1874936e60ec84c,58f6757d-6c99-4e7e-ba80-f16c93699661,3fbfeb3a-eb29-49fe-a3ff-130cdf8f2755,b247a7f9-a366-4add-9aa1-0a791aab02e9,b,false,3455
0b3b16d4-55bd-4dee-b715-b4e179a34aca,6980a7096eb2c15732813632,d7a2d7fc-b8a8-4209-bced-f6ddc07a4887,0102fdec-31f4-4b1b-95fc-f94bad46b0dd,064c9ade-7927-48fd-adfe-da9612c93fb2,b,false,2103
2988bbd6-ff45-46ed-8d39-b6b63212ad8e,6a02ed5bd6acf52c07ab46fa,c61427b9-dc32-418f-bb16-4d4ea009349d,a1f7c97c-c8c0-41a3-866f-5bdf26b34060,1c8de671-74f0-4d8f-b66d-bc1330361cfc,tie,false,3347
8a9d49bb-ca5f-48e1-9b47-19bbb2248c60,66a641b50cc3558ad9b5448e,c61427b9-dc32-418f-bb16-4d4ea009349d,186fc06b-c574-4e89-81a3-381523976432,1c8de671-74f0-4d8f-b66d-bc1330361cfc,b,false,6975
5451cd94-3615-4e7b-8dd8-33de6471e36b,5d8e154af2858200171fdb95,d7a2d7fc-b8a8-4209-bced-f6ddc07a4887,064c9ade-7927-48fd-adfe-da9612c93fb2,12517374-67af-4411-b199-c8477894bebe,tie,false,1274
c25df18b-95c1-4756-96da-6bd01d134301,66339218358315fd96806d33,d7a2d7fc-b8a8-4209-bced-f6ddc07a4887,0102fdec-31f4-4b1b-95fc-f94bad46b0dd,064c9ade-7927-48fd-adfe-da9612c93fb2,b,false,2169
5451cd94-3615-4e7b-8dd8-33de6471e36b,5d8e154af2858200171fdb95,c61427b9-dc32-418f-bb16-4d4ea009349d,186fc06b-c574-4e89-81a3-381523976432,a1f7c97c-c8c0-41a3-866f-5bdf26b34060,tie,false,942
628d36e5-c481-4a4b-9287-eeb6e129605d,5f5bcd84009333376363c9aa,c61427b9-dc32-418f-bb16-4d4ea009349d,186fc06b-c574-4e89-81a3-381523976432,1c8de671-74f0-4d8f-b66d-bc1330361cfc,b,false,2104
f520f1d3-a1be-47a7-a69d-41f66e84bec8,6a09e5df6dd9e64c5b16cf69,58f6757d-6c99-4e7e-ba80-f16c93699661,3fbfeb3a-eb29-49fe-a3ff-130cdf8f2755,4d078bfd-aa33-4d1d-ae28-8031ae9fb660,a,false,9010
628d36e5-c481-4a4b-9287-eeb6e129605d,5f5bcd84009333376363c9aa,3d208f14-067a-419e-ab6a-5d0badf2ba12,8c6fbc55-fe56-488b-beb5-3d4601567f3d,ab11fcf5-aa12-440f-a35d-1eaa3819942c,b,false,3284
30e162e5-8104-4f27-86e1-b2a5d2b03398,697ceaa6ba4604b428e4e69d,d7a2d7fc-b8a8-4209-bced-f6ddc07a4887,13857f86-818f-4b0a-8576-c919692850b9,12517374-67af-4411-b199-c8477894bebe,a,false,7459
c25df18b-95c1-4756-96da-6bd01d134301,66339218358315fd96806d33,3d208f14-067a-419e-ab6a-5d0badf2ba12,b27390be-fc00-4a47-ae1d-d1fb612e88c0,da0fb0ab-9953-4fe6-9612-d6b74c6057b5,b,false,2721
f520f1d3-a1be-47a7-a69d-41f66e84bec8,6a09e5df6dd9e64c5b16cf69,c9517cc7-2d84-4b68-8493-75b61e23f9ea,b1204c78-7dcf-436f-b0df-dbb97ff49934,b54395bc-87bd-4275-9b53-81f2299c8371,a,true,4179
c25df18b-95c1-4756-96da-6bd01d134301,66339218358315fd96806d33,c61427b9-dc32-418f-bb16-4d4ea009349d,4ec65713-c307-4711-8b9e-ed4ddbfb1f85,a1f7c97c-c8c0-41a3-866f-5bdf26b34060,a,false,2583
be23564a-3f13-4938-a3b3-018ff112bcbc,5e7b6486b704ac034e3f01c8,58f6757d-6c99-4e7e-ba80-f16c93699661,63457528-beb7-4e65-881e-d64af3de70fb,3fbfeb3a-eb29-49fe-a3ff-130cdf8f2755,b,false,3901
5451cd94-3615-4e7b-8dd8-33de6471e36b,5d8e154af2858200171fdb95,3d208f14-067a-419e-ab6a-5d0badf2ba12,da0fb0ab-9953-4fe6-9612-d6b74c6057b5,90d0f719-cdca-4fd5-8062-9589e56b49ab,b,false,5287
ce10f7a7-cdd1-4fc7-bbe9-b4ef7ae95e8a,6972610c74d08456b2aa6ae2,58f6757d-6c99-4e7e-ba80-f16c93699661,4d078bfd-aa33-4d1d-ae28-8031ae9fb660,c24cde72-4104-48fb-bb83-e957919b061c,a,true,1747
a7e7d4c3-3d6b-4fc8-8439-58c6e0666f05,5b213220809d160001a2c36d,d7a2d7fc-b8a8-4209-bced-f6ddc07a4887,064c9ade-7927-48fd-adfe-da9612c93fb2,12517374-67af-4411-b199-c8477894bebe,tie,false,2417
f520f1d3-a1be-47a7-a69d-41f66e84bec8,6a09e5df6dd9e64c5b16cf69,c9517cc7-2d84-4b68-8493-75b61e23f9ea,0e1cfb71-8713-49e4-beaf-a80448453cc3,34984376-bc70-491d-8576-75e5a2e8d961,b,false,9615
5451cd94-3615-4e7b-8dd8-33de6471e36b,5d8e154af2858200171fdb95,d7a2d7fc-b8a8-4209-bced-f6ddc07a4887,0102fdec-31f4-4b1b-95fc-f94bad46b0dd,a1fe6696-bd99-4df4-b84e-651da4740344,b,false,1039
5451cd94-3615-4e7b-8dd8-33de6471e36b,5d8e154af2858200171fdb95,d7a2d7fc-b8a8-4209-bced-f6ddc07a4887,0102fdec-31f4-4b1b-95fc-f94bad46b0dd,993adc7d-5ff2-4d7b-9966-72935023de4b,tie,true,2049
be23564a-3f13-4938-a3b3-018ff112bcbc,5e7b6486b704ac034e3f01c8,d7a2d7fc-b8a8-4209-bced-f6ddc07a4887,a1fe6696-bd99-4df4-b84e-651da4740344,12517374-67af-4411-b199-c8477894bebe,a,false,2860
090b965a-fdfe-43a0-a101-dc7f4c66470c,699070e1e1874936e60ec84c,58f6757d-6c99-4e7e-ba80-f16c93699661,63457528-beb7-4e65-881e-d64af3de70fb,4d078bfd-aa33-4d1d-ae28-8031ae9fb660,b,false,2462
2988bbd6-ff45-46ed-8d39-b6b63212ad8e,6a02ed5bd6acf52c07ab46fa,d7a2d7fc-b8a8-4209-bced-f6ddc07a4887,0102fdec-31f4-4b1b-95fc-f94bad46b0dd,a1fe6696-bd99-4df4-b84e-651da4740344,b,false,1289
c25df18b-95c1-4756-96da-6bd01d134301,66339218358315fd96806d33,d7a2d7fc-b8a8-4209-bced-f6ddc07a4887,0102fdec-31f4-4b1b-95fc-f94bad46b0dd,a1fe6696-bd99-4df4-b84e-651da4740344,b,false,1638
628d36e5-c481-4a4b-9287-eeb6e129605d,5f5bcd84009333376363c9aa,c9517cc7-2d84-4b68-8493-75b61e23f9ea,770427d9-c38c-44ae-9832-f5d57f83384f,34984376-bc70-491d-8576-75e5a2e8d961,tie,false,10507
a2d6a4bc-a9b1-4105-abbb-bd171dc85029,69ef19f9aa095d902763dd4c,58f6757d-6c99-4e7e-ba80-f16c93699661,3fbfeb3a-eb29-49fe-a3ff-130cdf8f2755,ff8874d4-c2e4-4de4-82b5-4de2d424d24c,b,false,7670
96dce4e9-ba10-4c70-b598-5f6e53964e96,56b78f11e77ebe000cbefe79,3d208f14-067a-419e-ab6a-5d0badf2ba12,da0fb0ab-9953-4fe6-9612-d6b74c6057b5,90d0f719-cdca-4fd5-8062-9589e56b49ab,b,false,17169
2988bbd6-ff45-46ed-8d39-b6b63212ad8e,6a02ed5bd6acf52c07ab46fa,c9517cc7-2d84-4b68-8493-75b61e23f9ea,b1204c78-7dcf-436f-b0df-dbb97ff49934,770427d9-c38c-44ae-9832-f5d57f83384f,b,false,3363
5451cd94-3615-4e7b-8dd8-33de6471e36b,5d8e154af2858200171fdb95,c9517cc7-2d84-4b68-8493-75b61e23f9ea,0e1cfb71-8713-49e4-beaf-a80448453cc3,770427d9-c38c-44ae-9832-f5d57f83384f,b,false,2565
0b3b16d4-55bd-4dee-b715-b4e179a34aca,6980a7096eb2c15732813632,c9517cc7-2d84-4b68-8493-75b61e23f9ea,f70e07d0-fd78-49da-9ab5-b6dcc69c9404,0e1cfb71-8713-49e4-beaf-a80448453cc3,a,false,1533
be23564a-3f13-4938-a3b3-018ff112bcbc,5e7b6486b704ac034e3f01c8,d7a2d7fc-b8a8-4209-bced-f6ddc07a4887,064c9ade-7927-48fd-adfe-da9612c93fb2,12517374-67af-4411-b199-c8477894bebe,tie,false,8544
5451cd94-3615-4e7b-8dd8-33de6471e36b,5d8e154af2858200171fdb95,c9517cc7-2d84-4b68-8493-75b61e23f9ea,b1204c78-7dcf-436f-b0df-dbb97ff49934,34984376-bc70-491d-8576-75e5a2e8d961,b,false,1578
5451cd94-3615-4e7b-8dd8-33de6471e36b,5d8e154af2858200171fdb95,58f6757d-6c99-4e7e-ba80-f16c93699661,3fbfeb3a-eb29-49fe-a3ff-130cdf8f2755,ff8874d4-c2e4-4de4-82b5-4de2d424d24c,b,false,1744
c25df18b-95c1-4756-96da-6bd01d134301,66339218358315fd96806d33,58f6757d-6c99-4e7e-ba80-f16c93699661,ff8874d4-c2e4-4de4-82b5-4de2d424d24c,b247a7f9-a366-4add-9aa1-0a791aab02e9,b,false,2568
30e162e5-8104-4f27-86e1-b2a5d2b03398,697ceaa6ba4604b428e4e69d,3d208f14-067a-419e-ab6a-5d0badf2ba12,ab11fcf5-aa12-440f-a35d-1eaa3819942c,fe79ec6c-8646-43cb-bfcb-a91a6bf5afa0,a,true,2226
5451cd94-3615-4e7b-8dd8-33de6471e36b,5d8e154af2858200171fdb95,58f6757d-6c99-4e7e-ba80-f16c93699661,4d078bfd-aa33-4d1d-ae28-8031ae9fb660,c24cde72-4104-48fb-bb83-e957919b061c,a,true,1804
090b965a-fdfe-43a0-a101-dc7f4c66470c,699070e1e1874936e60ec84c,c9517cc7-2d84-4b68-8493-75b61e23f9ea,0e1cfb71-8713-49e4-beaf-a80448453cc3,34984376-bc70-491d-8576-75e5a2e8d961,b,false,3445
090b965a-fdfe-43a0-a101-dc7f4c66470c,699070e1e1874936e60ec84c,d7a2d7fc-b8a8-4209-bced-f6ddc07a4887,a1fe6696-bd99-4df4-b84e-651da4740344,12517374-67af-4411-b199-c8477894bebe,a,false,1464
5451cd94-3615-4e7b-8dd8-33de6471e36b,5d8e154af2858200171fdb95,3d208f14-067a-419e-ab6a-5d0badf2ba12,ab11fcf5-aa12-440f-a35d-1eaa3819942c,fe79ec6c-8646-43cb-bfcb-a91a6bf5afa0,a,true,1079
c25df18b-95c1-4756-96da-6bd01d134301,66339218358315fd96806d33,58f6757d-6c99-4e7e-ba80-f16c93699661,3fbfeb3a-eb29-49fe-a3ff-130cdf8f2755,b247a7f9-a366-4add-9aa1-0a791aab02e9,b,false,2162
be23564a-3f13-4938-a3b3-018ff112bcbc,5e7b6486b704ac034e3f01c8,c61427b9-dc32-418f-bb16-4d4ea009349d,186fc06b-c574-4e89-81a3-381523976432,4ec65713-c307-4711-8b9e-ed4ddbfb1f85,b,false,1842
be23564a-3f13-4938-a3b3-018ff112bcbc,5e7b6486b704ac034e3f01c8,58f6757d-6c99-4e7e-ba80-f16c93699661,4d078bfd-aa33-4d1d-ae28-8031ae9fb660,c24cde72-4104-48fb-bb83-e957919b061c,a,true,1496
a7e7d4c3-3d6b-4fc8-8439-58c6e0666f05,5b213220809d160001a2c36d,c9517cc7-2d84-4b68-8493-75b61e23f9ea,0e1cfb71-8713-49e4-beaf-a80448453cc3,34984376-bc70-491d-8576-75e5a2e8d961,b,false,8314
090b965a-fdfe-43a0-a101-dc7f4c66470c,699070e1e1874936e60ec84c,58f6757d-6c99-4e7e-ba80-f16c93699661,63457528-beb7-4e65-881e-d64af3de70fb,3fbfeb3a-eb29-49fe-a3ff-130cdf8f2755,b,false,3861
96dce4e9-ba10-4c70-b598-5f6e53964e96,56b78f11e77ebe000cbefe79,3d208f14-067a-419e-ab6a-5d0badf2ba12,b27390be-fc00-4a47-ae1d-d1fb612e88c0,8c6fbc55-fe56-488b-beb5-3d4601567f3d,b,false,3789
a7e7d4c3-3d6b-4fc8-8439-58c6e0666f05,5b213220809d160001a2c36d,d7a2d7fc-b8a8-4209-bced-f6ddc07a4887,13857f86-818f-4b0a-8576-c919692850b9,a1fe6696-bd99-4df4-b84e-651da4740344,b,false,5369
a2d6a4bc-a9b1-4105-abbb-bd171dc85029,69ef19f9aa095d902763dd4c,58f6757d-6c99-4e7e-ba80-f16c93699661,63457528-beb7-4e65-881e-d64af3de70fb,ff8874d4-c2e4-4de4-82b5-4de2d424d24c,b,false,5854
2988bbd6-ff45-46ed-8d39-b6b63212ad8e,6a02ed5bd6acf52c07ab46fa,c9517cc7-2d84-4b68-8493-75b61e23f9ea,770427d9-c38c-44ae-9832-f5d57f83384f,34984376-bc70-491d-8576-75e5a2e8d961,b,false,1746
5451cd94-3615-4e7b-8dd8-33de6471e36b,5d8e154af2858200171fdb95,3d208f14-067a-419e-ab6a-5d0badf2ba12,b27390be-fc00-4a47-ae1d-d1fb612e88c0,ab11fcf5-aa12-440f-a35d-1eaa3819942c,b,false,1886
0b3b16d4-55bd-4dee-b715-b4e179a34aca,6980a7096eb2c15732813632,c61427b9-dc32-418f-bb16-4d4ea009349d,186fc06b-c574-4e89-81a3-381523976432,1c8de671-74f0-4d8f-b66d-bc1330361cfc,tie,false,2223
090b965a-fdfe-43a0-a101-dc7f4c66470c,699070e1e1874936e60ec84c,c61427b9-dc32-418f-bb16-4d4ea009349d,4ec65713-c307-4711-8b9e-ed4ddbfb1f85,1c8de671-74f0-4d8f-b66d-bc1330361cfc,tie,false,7689
c25df18b-95c1-4756-96da-6bd01d134301,66339218358315fd96806d33,3d208f14-067a-419e-ab6a-5d0badf2ba12,b27390be-fc00-4a47-ae1d-d1fb612e88c0,90d0f719-cdca-4fd5-8062-9589e56b49ab,b,false,1608
2988bbd6-ff45-46ed-8d39-b6b63212ad8e,6a02ed5bd6acf52c07ab46fa,58f6757d-6c99-4e7e-ba80-f16c93699661,4d078bfd-aa33-4d1d-ae28-8031ae9fb660,c24cde72-4104-48fb-bb83-e957919b061c,tie,true,3942
be23564a-3f13-4938-a3b3-018ff112bcbc,5e7b6486b704ac034e3f01c8,c61427b9-dc32-418f-bb16-4d4ea009349d,186fc06b-c574-4e89-81a3-381523976432,1c8de671-74f0-4d8f-b66d-bc1330361cfc,b,false,4082
a7e7d4c3-3d6b-4fc8-8439-58c6e0666f05,5b213220809d160001a2c36d,c9517cc7-2d84-4b68-8493-75b61e23f9ea,b1204c78-7dcf-436f-b0df-dbb97ff49934,b54395bc-87bd-4275-9b53-81f2299c8371,tie,true,1772
be23564a-3f13-4938-a3b3-018ff112bcbc,5e7b6486b704ac034e3f01c8,c9517cc7-2d84-4b68-8493-75b61e23f9ea,f70e07d0-fd78-49da-9ab5-b6dcc69c9404,34984376-bc70-491d-8576-75e5a2e8d961,b,false,2633
5451cd94-3615-4e7b-8dd8-33de6471e36b,5d8e154af2858200171fdb95,3d208f14-067a-419e-ab6a-5d0badf2ba12,8c6fbc55-fe56-488b-beb5-3d4601567f3d,da0fb0ab-9953-4fe6-9612-d6b74c6057b5,a,false,3087
f520f1d3-a1be-47a7-a69d-41f66e84bec8,6a09e5df6dd9e64c5b16cf69,58f6757d-6c99-4e7e-ba80-f16c93699661,ff8874d4-c2e4-4de4-82b5-4de2d424d24c,4d078bfd-aa33-4d1d-ae28-8031ae9fb660,b,false,5055
090b965a-fdfe-43a0-a101-dc7f4c66470c,699070e1e1874936e60ec84c,3d208f14-067a-419e-ab6a-5d0badf2ba12,da0fb0ab-9953-4fe6-9612-d6b74c6057b5,ab11fcf5-aa12-440f-a35d-1eaa3819942c,b,false,5822
c25df18b-95c1-4756-96da-6bd01d134301,66339218358315fd96806d33,d7a2d7fc-b8a8-4209-bced-f6ddc07a4887,0102fdec-31f4-4b1b-95fc-f94bad46b0dd,12517374-67af-4411-b199-c8477894bebe,a,false,3742
2988bbd6-ff45-46ed-8d39-b6b63212ad8e,6a02ed5bd6acf52c07ab46fa,c9517cc7-2d84-4b68-8493-75b61e23f9ea,b1204c78-7dcf-436f-b0df-dbb97ff49934,b54395bc-87bd-4275-9b53-81f2299c8371,tie,true,2266
5451cd94-3615-4e7b-8dd8-33de6471e36b,5d8e154af2858200171fdb95,d7a2d7fc-b8a8-4209-bced-f6ddc07a4887,064c9ade-7927-48fd-adfe-da9612c93fb2,a1fe6696-bd99-4df4-b84e-651da4740344,b,false,1297
30e162e5-8104-4f27-86e1-b2a5d2b03398,697ceaa6ba4604b428e4e69d,c9517cc7-2d84-4b68-8493-75b61e23f9ea,b1204c78-7dcf-436f-b0df-dbb97ff49934,770427d9-c38c-44ae-9832-f5d57f83384f,b,false,4585
0b3b16d4-55bd-4dee-b715-b4e179a34aca,6980a7096eb2c15732813632,c61427b9-dc32-418f-bb16-4d4ea009349d,4ec65713-c307-4711-8b9e-ed4ddbfb1f85,22f5cca3-0fbd-4e82-8ad8-d7dee4cae6a2,a,true,2905
628d36e5-c481-4a4b-9287-eeb6e129605d,5f5bcd84009333376363c9aa,58f6757d-6c99-4e7e-ba80-f16c93699661,4d078bfd-aa33-4d1d-ae28-8031ae9fb660,b247a7f9-a366-4add-9aa1-0a791aab02e9,b,false,8087
c25df18b-95c1-4756-96da-6bd01d134301,66339218358315fd96806d33,d7a2d7fc-b8a8-4209-bced-f6ddc07a4887,13857f86-818f-4b0a-8576-c919692850b9,12517374-67af-4411-b199-c8477894bebe,a,false,1308
be23564a-3f13-4938-a3b3-018ff112bcbc,5e7b6486b704ac034e3f01c8,c9517cc7-2d84-4b68-8493-75b61e23f9ea,b1204c78-7dcf-436f-b0df-dbb97ff49934,b54395bc-87bd-4275-9b53-81f2299c8371,a,true,2437
be23564a-3f13-4938-a3b3-018ff112bcbc,5e7b6486b704ac034e3f01c8,3d208f14-067a-419e-ab6a-5d0badf2ba12,da0fb0ab-9953-4fe6-9612-d6b74c6057b5,90d0f719-cdca-4fd5-8062-9589e56b49ab,b,false,2093
8a9d49bb-ca5f-48e1-9b47-19bbb2248c60,66a641b50cc3558ad9b5448e,d7a2d7fc-b8a8-4209-bced-f6ddc07a4887,0102fdec-31f4-4b1b-95fc-f94bad46b0dd,993adc7d-5ff2-4d7b-9966-72935023de4b,a,true,9013
5451cd94-3615-4e7b-8dd8-33de6471e36b,5d8e154af2858200171fdb95,58f6757d-6c99-4e7e-ba80-f16c93699661,ff8874d4-c2e4-4de4-82b5-4de2d424d24c,4d078bfd-aa33-4d1d-ae28-8031ae9fb660,a,false,962
5451cd94-3615-4e7b-8dd8-33de6471e36b,5d8e154af2858200171fdb95,d7a2d7fc-b8a8-4209-bced-f6ddc07a4887,13857f86-818f-4b0a-8576-c919692850b9,12517374-67af-4411-b199-c8477894bebe,a,false,1474
628d36e5-c481-4a4b-9287-eeb6e129605d,5f5bcd84009333376363c9aa,c9517cc7-2d84-4b68-8493-75b61e23f9ea,b1204c78-7dcf-436f-b0df-dbb97ff49934,0e1cfb71-8713-49e4-beaf-a80448453cc3,b,false,4680
2988bbd6-ff45-46ed-8d39-b6b63212ad8e,6a02ed5bd6acf52c07ab46fa,c61427b9-dc32-418f-bb16-4d4ea009349d,4ec65713-c307-4711-8b9e-ed4ddbfb1f85,a1f7c97c-c8c0-41a3-866f-5bdf26b34060,a,false,3554
628d36e5-c481-4a4b-9287-eeb6e129605d,5f5bcd84009333376363c9aa,3d208f14-067a-419e-ab6a-5d0badf2ba12,b27390be-fc00-4a47-ae1d-d1fb612e88c0,90d0f719-cdca-4fd5-8062-9589e56b49ab,b,false,1863
090b965a-fdfe-43a0-a101-dc7f4c66470c,699070e1e1874936e60ec84c,c61427b9-dc32-418f-bb16-4d4ea009349d,186fc06b-c574-4e89-81a3-381523976432,1c8de671-74f0-4d8f-b66d-bc1330361cfc,b,false,3986
be23564a-3f13-4938-a3b3-018ff112bcbc,5e7b6486b704ac034e3f01c8,c61427b9-dc32-418f-bb16-4d4ea009349d,186fc06b-c574-4e89-81a3-381523976432,5054bf78-6e74-4fcb-8bb2-f1fd492e448e,b,false,2671
96dce4e9-ba10-4c70-b598-5f6e53964e96,56b78f11e77ebe000cbefe79,c9517cc7-2d84-4b68-8493-75b61e23f9ea,b1204c78-7dcf-436f-b0df-dbb97ff49934,0e1cfb71-8713-49e4-beaf-a80448453cc3,b,false,4923
a2d6a4bc-a9b1-4105-abbb-bd171dc85029,69ef19f9aa095d902763dd4c,3d208f14-067a-419e-ab6a-5d0badf2ba12,90d0f719-cdca-4fd5-8062-9589e56b49ab,ab11fcf5-aa12-440f-a35d-1eaa3819942c,b,false,4008
628d36e5-c481-4a4b-9287-eeb6e129605d,5f5bcd84009333376363c9aa,3d208f14-067a-419e-ab6a-5d0badf2ba12,8c6fbc55-fe56-488b-beb5-3d4601567f3d,da0fb0ab-9953-4fe6-9612-d6b74c6057b5,b,false,2160
0b3b16d4-55bd-4dee-b715-b4e179a34aca,6980a7096eb2c15732813632,d7a2d7fc-b8a8-4209-bced-f6ddc07a4887,0102fdec-31f4-4b1b-95fc-f94bad46b0dd,12517374-67af-4411-b199-c8477894bebe,tie,false,2454
30e162e5-8104-4f27-86e1-b2a5d2b03398,697ceaa6ba4604b428e4e69d,d7a2d7fc-b8a8-4209-bced-f6ddc07a4887,0102fdec-31f4-4b1b-95fc-f94bad46b0dd,12517374-67af-4411-b199-c8477894bebe,tie,false,10521
0b3b16d4-55bd-4dee-b715-b4e179a34aca,6980a7096eb2c15732813632,c9517cc7-2d84-4b68-8493-75b61e23f9ea,b1204c78-7dcf-436f-b0df-dbb97ff49934,770427d9-c38c-44ae-9832-f5d57f83384f,b,false,2565
f520f1d3-a1be-47a7-a69d-41f66e84bec8,6a09e5df6dd9e64c5b16cf69,58f6757d-6c99-4e7e-ba80-f16c93699661,3fbfeb3a-eb29-49fe-a3ff-130cdf8f2755,ff8874d4-c2e4-4de4-82b5-4de2d424d24c,b,false,8915
0b3b16d4-55bd-4dee-b715-b4e179a34aca,6980a7096eb2c15732813632,3d208f14-067a-419e-ab6a-5d0badf2ba12,b27390be-fc00-4a47-ae1d-d1fb612e88c0,da0fb0ab-9953-4fe6-9612-d6b74c6057b5,b,false,3025
2988bbd6-ff45-46ed-8d39-b6b63212ad8e,6a02ed5bd6acf52c07ab46fa,58f6757d-6c99-4e7e-ba80-f16c93699661,3fbfeb3a-eb29-49fe-a3ff-130cdf8f2755,ff8874d4-c2e4-4de4-82b5-4de2d424d24c,b,false,3310
5451cd94-3615-4e7b-8dd8-33de6471e36b,5d8e154af2858200171fdb95,3d208f14-067a-419e-ab6a-5d0badf2ba12,8c6fbc55-fe56-488b-beb5-3d4601567f3d,da0fb0ab-9953-4fe6-9612-d6b74c6057b5,a,false,3330
5451cd94-3615-4e7b-8dd8-33de6471e36b,5d8e154af2858200171fdb95,c61427b9-dc32-418f-bb16-4d4ea009349d,4ec65713-c307-4711-8b9e-ed4ddbfb1f85,22f5cca3-0fbd-4e82-8ad8-d7dee4cae6a2,a,true,1287
a2d6a4bc-a9b1-4105-abbb-bd171dc85029,69ef19f9aa095d902763dd4c,c61427b9-dc32-418f-bb16-4d4ea009349d,4ec65713-c307-4711-8b9e-ed4ddbfb1f85,a1f7c97c-c8c0-41a3-866f-5bdf26b34060,tie,false,2237
30e162e5-8104-4f27-86e1-b2a5d2b03398,697ceaa6ba4604b428e4e69d,58f6757d-6c99-4e7e-ba80-f16c93699661,4d078bfd-aa33-4d1d-ae28-8031ae9fb660,b247a7f9-a366-4add-9aa1-0a791aab02e9,b,false,6474
a7e7d4c3-3d6b-4fc8-8439-58c6e0666f05,5b213220809d160001a2c36d,58f6757d-6c99-4e7e-ba80-f16c93699661,63457528-beb7-4e65-881e-d64af3de70fb,ff8874d4-c2e4-4de4-82b5-4de2d424d24c,b,false,2406
96dce4e9-ba10-4c70-b598-5f6e53964e96,56b78f11e77ebe000cbefe79,58f6757d-6c99-4e7e-ba80-f16c93699661,63457528-beb7-4e65-881e-d64af3de70fb,ff8874d4-c2e4-4de4-82b5-4de2d424d24c,b,false,3758
a7e7d4c3-3d6b-4fc8-8439-58c6e0666f05,5b213220809d160001a2c36d,d7a2d7fc-b8a8-4209-bced-f6ddc07a4887,a1fe6696-bd99-4df4-b84e-651da4740344,12517374-67af-4411-b199-c8477894bebe,a,false,2183
f520f1d3-a1be-47a7-a69d-41f66e84bec8,6a09e5df6dd9e64c5b16cf69,c61427b9-dc32-418f-bb16-4d4ea009349d,5054bf78-6e74-4fcb-8bb2-f1fd492e448e,1c8de671-74f0-4d8f-b66d-bc1330361cfc,a,false,7896
30e162e5-8104-4f27-86e1-b2a5d2b03398,697ceaa6ba4604b428e4e69d,c9517cc7-2d84-4b68-8493-75b61e23f9ea,f70e07d0-fd78-49da-9ab5-b6dcc69c9404,34984376-bc70-491d-8576-75e5a2e8d961,b,false,2106
a7e7d4c3-3d6b-4fc8-8439-58c6e0666f05,5b213220809d160001a2c36d,58f6757d-6c99-4e7e-ba80-f16c93699661,63457528-beb7-4e65-881e-d64af3de70fb,b247a7f9-a366-4add-9aa1-0a791aab02e9,b,false,3180
0b3b16d4-55bd-4dee-b715-b4e179a34aca,6980a7096eb2c15732813632,d7a2d7fc-b8a8-4209-bced-f6ddc07a4887,13857f86-818f-4b0a-8576-c919692850b9,064c9ade-7927-48fd-adfe-da9612c93fb2,b,false,1767
be23564a-3f13-4938-a3b3-018ff112bcbc,5e7b6486b704ac034e3f01c8,3d208f14-067a-419e-ab6a-5d0badf2ba12,b27390be-fc00-4a47-ae1d-d1fb612e88c0,8c6fbc55-fe56-488b-beb5-3d4601567f3d,b,false,8090
0b3b16d4-55bd-4dee-b715-b4e179a34aca,6980a7096eb2c15732813632,c61427b9-dc32-418f-bb16-4d4ea009349d,a1f7c97c-c8c0-41a3-866f-5bdf26b34060,1c8de671-74f0-4d8f-b66d-bc1330361cfc,tie,false,2075
5451cd94-3615-4e7b-8dd8-33de6471e36b,5d8e154af2858200171fdb95,c9517cc7-2d84-4b68-8493-75b61e23f9ea,b1204c78-7dcf-436f-b0df-dbb97ff49934,f70e07d0-fd78-49da-9ab5-b6dcc69c9404,b,false,2099
f520f1d3-a1be-47a7-a69d-41f66e84bec8,6a09e5df6dd9e64c5b16cf69,c61427b9-dc32-418f-bb16-4d4ea009349d,4ec65713-c307-4711-8b9e-ed4ddbfb1f85,22f5cca3-0fbd-4e82-8ad8-d7dee4cae6a2,a,true,1534
5451cd94-3615-4e7b-8dd8-33de6471e36b,5d8e154af2858200171fdb95,c61427b9-dc32-418f-bb16-4d4ea009349d,186fc06b-c574-4e89-81a3-381523976432,5054bf78-6e74-4fcb-8bb2-f1fd492e448e,b,false,1539
090b965a-fdfe-43a0-a101-dc7f4c66470c,699070e1e1874936e60ec84c,d7a2d7fc-b8a8-4209-bced-f6ddc07a4887,13857f86-818f-4b0a-8576-c919692850b9,a1fe6696-bd99-4df4-b84e-651da4740344,b,false,4864
30e162e5-8104-4f27-86e1-b2a5d2b03398,697ceaa6ba4604b428e4e69d,d7a2d7fc-b8a8-4209-bced-f6ddc07a4887,064c9ade-7927-48fd-adfe-da9612c93fb2,a1fe6696-bd99-4df4-b84e-651da4740344,b,false,2643
5451cd94-3615-4e7b-8dd8-33de6471e36b,5d8e154af2858200171fdb95,3d208f14-067a-419e-ab6a-5d0badf2ba12,8c6fbc55-fe56-488b-beb5-3d4601567f3d,ab11fcf5-aa12-440f-a35d-1eaa3819942c,b,false,1514
ce10f7a7-cdd1-4fc7-bbe9-b4ef7ae95e8a,6972610c74d08456b2aa6ae2,d7a2d7fc-b8a8-4209-bced-f6ddc07a4887,0102fdec-31f4-4b1b-95fc-f94bad46b0dd,993adc7d-5ff2-4d7b-9966-72935023de4b,a,true,1375
5451cd94-3615-4e7b-8dd8-33de6471e36b,5d8e154af2858200171fdb95,3d208f14-067a-419e-ab6a-5d0badf2ba12,da0fb0ab-9953-4fe6-9612-d6b74c6057b5,ab11fcf5-aa12-440f-a35d-1eaa3819942c,b,false,980
c25df18b-95c1-4756-96da-6bd01d134301,66339218358315fd96806d33,c61427b9-dc32-418f-bb16-4d4ea009349d,186fc06b-c574-4e89-81a3-381523976432,1c8de671-74f0-4d8f-b66d-bc1330361cfc,tie,false,3531
0b3b16d4-55bd-4dee-b715-b4e179a34aca,6980a7096eb2c15732813632,c61427b9-dc32-418f-bb16-4d4ea009349d,4ec65713-c307-4711-8b9e-ed4ddbfb1f85,5054bf78-6e74-4fcb-8bb2-f1fd492e448e,a,false,5737
c25df18b-95c1-4756-96da-6bd01d134301,66339218358315fd96806d33,d7a2d7fc-b8a8-4209-bced-f6ddc07a4887,13857f86-818f-4b0a-8576-c919692850b9,a1fe6696-bd99-4df4-b84e-651da4740344,b,false,3429
2988bbd6-ff45-46ed-8d39-b6b63212ad8e,6a02ed5bd6acf52c07ab46fa,3d208f14-067a-419e-ab6a-5d0badf2ba12,b27390be-fc00-4a47-ae1d-d1fb612e88c0,8c6fbc55-fe56-488b-beb5-3d4601567f3d,b,false,4170
a7e7d4c3-3d6b-4fc8-8439-58c6e0666f05,5b213220809d160001a2c36d,58f6757d-6c99-4e7e-ba80-f16c93699661,63457528-beb7-4e65-881e-d64af3de70fb,4d078bfd-aa33-4d1d-ae28-8031ae9fb660,b,false,6014
c25df18b-95c1-4756-96da-6bd01d134301,66339218358315fd96806d33,d7a2d7fc-b8a8-4209-bced-f6ddc07a4887,0102fdec-31f4-4b1b-95fc-f94bad46b0dd,13857f86-818f-4b0a-8576-c919692850b9,b,false,1470
c25df18b-95c1-4756-96da-6bd01d134301,66339218358315fd96806d33,c61427b9-dc32-418f-bb16-4d4ea009349d,a1f7c97c-c8c0-41a3-866f-5bdf26b34060,1c8de671-74f0-4d8f-b66d-bc1330361cfc,tie,false,1914
090b965a-fdfe-43a0-a101-dc7f4c66470c,699070e1e1874936e60ec84c,58f6757d-6c99-4e7e-ba80-f16c93699661,3fbfeb3a-eb29-49fe-a3ff-130cdf8f2755,4d078bfd-aa33-4d1d-ae28-8031ae9fb660,b,false,3323
0b3b16d4-55bd-4dee-b715-b4e179a34aca,6980a7096eb2c15732813632,c61427b9-dc32-418f-bb16-4d4ea009349d,4ec65713-c307-4711-8b9e-ed4ddbfb1f85,a1f7c97c-c8c0-41a3-866f-5bdf26b34060,a,false,1873
c25df18b-95c1-4756-96da-6bd01d134301,66339218358315fd96806d33,3d208f14-067a-419e-ab6a-5d0badf2ba12,da0fb0ab-9953-4fe6-9612-d6b74c6057b5,ab11fcf5-aa12-440f-a35d-1eaa3819942c,b,false,1618
0b3b16d4-55bd-4dee-b715-b4e179a34aca,6980a7096eb2c15732813632,c9517cc7-2d84-4b68-8493-75b61e23f9ea,b1204c78-7dcf-436f-b0df-dbb97ff49934,b54395bc-87bd-4275-9b53-81f2299c8371,tie,true,2175
a7e7d4c3-3d6b-4fc8-8439-58c6e0666f05,5b213220809d160001a2c36d,3d208f14-067a-419e-ab6a-5d0badf2ba12,8c6fbc55-fe56-488b-beb5-3d4601567f3d,90d0f719-cdca-4fd5-8062-9589e56b49ab,tie,false,3929
8a9d49bb-ca5f-48e1-9b47-19bbb2248c60,66a641b50cc3558ad9b5448e,c61427b9-dc32-418f-bb16-4d4ea009349d,5054bf78-6e74-4fcb-8bb2-f1fd492e448e,1c8de671-74f0-4d8f-b66d-bc1330361cfc,a,false,28687
628d36e5-c481-4a4b-9287-eeb6e129605d,5f5bcd84009333376363c9aa,c9517cc7-2d84-4b68-8493-75b61e23f9ea,f70e07d0-fd78-49da-9ab5-b6dcc69c9404,770427d9-c38c-44ae-9832-f5d57f83384f,b,false,6825
a2d6a4bc-a9b1-4105-abbb-bd171dc85029,69ef19f9aa095d902763dd4c,d7a2d7fc-b8a8-4209-bced-f6ddc07a4887,0102fdec-31f4-4b1b-95fc-f94bad46b0dd,a1fe6696-bd99-4df4-b84e-651da4740344,b,false,3431
c25df18b-95c1-4756-96da-6bd01d134301,66339218358315fd96806d33,3d208f14-067a-419e-ab6a-5d0badf2ba12,b27390be-fc00-4a47-ae1d-d1fb612e88c0,8c6fbc55-fe56-488b-beb5-3d4601567f3d,tie,false,1934
96dce4e9-ba10-4c70-b598-5f6e53964e96,56b78f11e77ebe000cbefe79,c9517cc7-2d84-4b68-8493-75b61e23f9ea,f70e07d0-fd78-49da-9ab5-b6dcc69c9404,0e1cfb71-8713-49e4-beaf-a80448453cc3,b,false,2611
2988bbd6-ff45-46ed-8d39-b6b63212ad8e,6a02ed5bd6acf52c07ab46fa,3d208f14-067a-419e-ab6a-5d0badf2ba12,ab11fcf5-aa12-440f-a35d-1eaa3819942c,fe79ec6c-8646-43cb-bfcb-a91a6bf5afa0,a,true,1098
090b965a-fdfe-43a0-a101-dc7f4c66470c,699070e1e1874936e60ec84c,c61427b9-dc32-418f-bb16-4d4ea009349d,4ec65713-c307-4711-8b9e-ed4ddbfb1f85,a1f7c97c-c8c0-41a3-866f-5bdf26b34060,a,false,4964
a7e7d4c3-3d6b-4fc8-8439-58c6e0666f05,5b213220809d160001a2c36d,3d208f14-067a-419e-ab6a-5d0badf2ba12,b27390be-fc00-4a47-ae1d-d1fb612e88c0,ab11fcf5-aa12-440f-a35d-1eaa3819942c,b,false,1724
a2d6a4bc-a9b1-4105-abbb-bd171dc85029,69ef19f9aa095d902763dd4c,58f6757d-6c99-4e7e-ba80-f16c93699661,3fbfeb3a-eb29-49fe-a3ff-130cdf8f2755,4d078bfd-aa33-4d1d-ae28-8031ae9fb660,a,false,8265
a7e7d4c3-3d6b-4fc8-8439-58c6e0666f05,5b213220809d160001a2c36d,c9517cc7-2d84-4b68-8493-75b61e23f9ea,b1204c78-7dcf-436f-b0df-dbb97ff49934,34984376-bc70-491d-8576-75e5a2e8d961,b,false,2110
c25df18b-95c1-4756-96da-6bd01d134301,66339218358315fd96806d33,d7a2d7fc-b8a8-4209-bced-f6ddc07a4887,13857f86-818f-4b0a-8576-c919692850b9,064c9ade-7927-48fd-adfe-da9612c93fb2,a,false,1350
a2d6a4bc-a9b1-4105-abbb-bd171dc85029,69ef19f9aa095d902763dd4c,c9517cc7-2d84-4b68-8493-75b61e23f9ea,b1204c78-7dcf-436f-b0df-dbb97ff49934,0e1cfb71-8713-49e4-beaf-a80448453cc3,b,false,5277
2988bbd6-ff45-46ed-8d39-b6b63212ad8e,6a02ed5bd6acf52c07ab46fa,d7a2d7fc-b8a8-4209-bced-f6ddc07a4887,064c9ade-7927-48fd-adfe-da9612c93fb2,12517374-67af-4411-b199-c8477894bebe,tie,false,11551
30e162e5-8104-4f27-86e1-b2a5d2b03398,697ceaa6ba4604b428e4e69d,c61427b9-dc32-418f-bb16-4d4ea009349d,4ec65713-c307-4711-8b9e-ed4ddbfb1f85,22f5cca3-0fbd-4e82-8ad8-d7dee4cae6a2,a,true,1585
a2d6a4bc-a9b1-4105-abbb-bd171dc85029,69ef19f9aa095d902763dd4c,c9517cc7-2d84-4b68-8493-75b61e23f9ea,0e1cfb71-8713-49e4-beaf-a80448453cc3,34984376-bc70-491d-8576-75e5a2e8d961,b,false,7041
5451cd94-3615-4e7b-8dd8-33de6471e36b,5d8e154af2858200171fdb95,c9517cc7-2d84-4b68-8493-75b61e23f9ea,f70e07d0-fd78-49da-9ab5-b6dcc69c9404,770427d9-c38c-44ae-9832-f5d57f83384f,b,false,1627
2988bbd6-ff45-46ed-8d39-b6b63212ad8e,6a02ed5bd6acf52c07ab46fa,c61427b9-dc32-418f-bb16-4d4ea009349d,5054bf78-6e74-4fcb-8bb2-f1fd492e448e,1c8de671-74f0-4d8f-b66d-bc1330361cfc,tie,false,1927
30e162e5-8104-4f27-86e1-b2a5d2b03398,697ceaa6ba4604b428e4e69d,c9517cc7-2d84-4b68-8493-75b61e23f9ea,b1204c78-7dcf-436f-b0df-dbb97ff49934,0e1cfb71-8713-49e4-beaf-a80448453cc3,b,false,4362
090b965a-fdfe-43a0-a101-dc7f4c66470c,699070e1e1874936e60ec84c,c9517cc7-2d84-4b68-8493-75b61e23f9ea,770427d9-c38c-44ae-9832-f5d57f83384f,34984376-bc70-491d-8576-75e5a2e8d961,b,false,5760
628d36e5-c481-4a4b-9287-eeb6e129605d,5f5bcd84009333376363c9aa,d7a2d7fc-b8a8-4209-bced-f6ddc07a4887,0102fdec-31f4-4b1b-95fc-f94bad46b0dd,13857f86-818f-4b0a-8576-c919692850b9,b,false,2596
a2d6a4bc-a9b1-4105-abbb-bd171dc85029,69ef19f9aa095d902763dd4c,d7a2d7fc-b8a8-4209-bced-f6ddc07a4887,064c9ade-7927-48fd-adfe-da9612c93fb2,a1fe6696-bd99-4df4-b84e-651da4740344,b,false,1965
5451cd94-3615-4e7b-8dd8-33de6471e36b,5d8e154af2858200171fdb95,c9517cc7-2d84-4b68-8493-75b61e23f9ea,0e1cfb71-8713-49e4-beaf-a80448453cc3,34984376-bc70-491d-8576-75e5a2e8d961,b,false,2986
628d36e5-c481-4a4b-9287-eeb6e129605d,5f5bcd84009333376363c9aa,d7a2d7fc-b8a8-4209-bced-f6ddc07a4887,0102fdec-31f4-4b1b-95fc-f94bad46b0dd,12517374-67af-4411-b199-c8477894bebe,tie,false,4548
c25df18b-95c1-4756-96da-6bd01d134301,66339218358315fd96806d33,c9517cc7-2d84-4b68-8493-75b61e23f9ea,f70e07d0-fd78-49da-9ab5-b6dcc69c9404,770427d9-c38c-44ae-9832-f5d57f83384f,b,false,1786
0eb32de6-8eda-488b-85d2-3623054d48d8,6a1d8cd6839c0ac04d7bc4cd,c9517cc7-2d84-4b68-8493-75b61e23f9ea,b1204c78-7dcf-436f-b0df-dbb97ff49934,770427d9-c38c-44ae-9832-f5d57f83384f,b,false,51607
2988bbd6-ff45-46ed-8d39-b6b63212ad8e,6a02ed5bd6acf52c07ab46fa,c61427b9-dc32-418f-bb16-4d4ea009349d,186fc06b-c574-4e89-81a3-381523976432,4ec65713-c307-4711-8b9e-ed4ddbfb1f85,tie,false,1855
a7e7d4c3-3d6b-4fc8-8439-58c6e0666f05,5b213220809d160001a2c36d,c9517cc7-2d84-4b68-8493-75b61e23f9ea,0e1cfb71-8713-49e4-beaf-a80448453cc3,770427d9-c38c-44ae-9832-f5d57f83384f,b,false,4839
be23564a-3f13-4938-a3b3-018ff112bcbc,5e7b6486b704ac034e3f01c8,c9517cc7-2d84-4b68-8493-75b61e23f9ea,0e1cfb71-8713-49e4-beaf-a80448453cc3,770427d9-c38c-44ae-9832-f5d57f83384f,b,false,7365
8a9d49bb-ca5f-48e1-9b47-19bbb2248c60,66a641b50cc3558ad9b5448e,3d208f14-067a-419e-ab6a-5d0badf2ba12,b27390be-fc00-4a47-ae1d-d1fb612e88c0,ab11fcf5-aa12-440f-a35d-1eaa3819942c,b,false,8307
c25df18b-95c1-4756-96da-6bd01d134301,66339218358315fd96806d33,3d208f14-067a-419e-ab6a-5d0badf2ba12,8c6fbc55-fe56-488b-beb5-3d4601567f3d,da0fb0ab-9953-4fe6-9612-d6b74c6057b5,b,false,1586
f520f1d3-a1be-47a7-a69d-41f66e84bec8,6a09e5df6dd9e64c5b16cf69,c9517cc7-2d84-4b68-8493-75b61e23f9ea,770427d9-c38c-44ae-9832-f5d57f83384f,34984376-bc70-491d-8576-75e5a2e8d961,b,false,6839
a7e7d4c3-3d6b-4fc8-8439-58c6e0666f05,5b213220809d160001a2c36d,c61427b9-dc32-418f-bb16-4d4ea009349d,186fc06b-c574-4e89-81a3-381523976432,a1f7c97c-c8c0-41a3-866f-5bdf26b34060,tie,false,2771
2988bbd6-ff45-46ed-8d39-b6b63212ad8e,6a02ed5bd6acf52c07ab46fa,c61427b9-dc32-418f-bb16-4d4ea009349d,186fc06b-c574-4e89-81a3-381523976432,1c8de671-74f0-4d8f-b66d-bc1330361cfc,tie,false,1408